name,year,selling_price,km_driven,fuel,seller_type,transmission,owner,car_age,price_per_km,brand
Maruti 800 AC,2007.0,350000.0,70000.0,Petrol,Individual,Manual,First Owner,19.0,5.0,Maruti
Maruti Wagon R LXI Minor,2014.0,135000.0,50000.0,Petrol,Individual,Manual,First Owner,12.0,2.7,Maruti
Hyundai Verna 1.6 SX,2012.0,600000.0,100000.0,Diesel,Individual,Manual,First Owner,14.0,6.0,Hyundai
Datsun RediGO T Option,2017.0,250000.0,46000.0,Petrol,Individual,Manual,First Owner,9.0,5.434782608695652,Datsun
Honda Amaze VX i-DTEC,2014.0,450000.0,141000.0,Diesel,Individual,Manual,Second Owner,12.0,3.1914893617021276,Honda
Maruti Alto LX BSIII,2007.0,140000.0,60000.0,Petrol,Individual,Manual,First Owner,19.0,2.3333333333333335,Maruti
Unknown,2016.0,550000.0,60000.0,Petrol,Individual,Manual,First Owner,10.0,9.166666666666666,Unknown
Tata Indigo Grand Petrol,2014.0,240000.0,60000.0,Petrol,Individual,Manual,Second Owner,12.0,4.0,Tata
Hyundai Creta 1.6 VTVT S,2015.0,850000.0,25000.0,Petrol,Individual,Manual,First Owner,11.0,34.0,Hyundai
Maruti Celerio Green VXI,2017.0,365000.0,78000.0,CNG,Individual,Manual,First Owner,9.0,4.67948717948718,Maruti
Unknown,2015.0,260000.0,35000.0,Petrol,Individual,Manual,First Owner,11.0,7.428571428571429,Unknown
Tata Indigo Grand Petrol,2014.0,250000.0,100000.0,Petrol,Individual,Manual,First Owner,12.0,2.5,Tata
Toyota Corolla Altis 1.8 VL CVT,2018.0,1650000.0,25000.0,Petrol,Dealer,Automatic,First Owner,8.0,66.0,Toyota
Maruti Wagon R LXI Minor,2007.0,135000.0,60000.0,Petrol,Individual,Manual,First Owner,19.0,2.25,Maruti
Maruti Alto LX BSIII,2007.0,140000.0,125000.0,Petrol,Individual,Manual,First Owner,19.0,1.12,Maruti
Hyundai Xcent 1.2 Kappa S,2016.0,550000.0,25000.0,Petrol,Individual,Manual,First Owner,10.0,22.0,Hyundai
Chevrolet Sail 1.2 Base,2015.0,260000.0,35000.0,Petrol,Individual,Manual,First Owner,11.0,7.428571428571429,Chevrolet
Maruti Ciaz VXi Plus,2015.0,585000.0,24000.0,Petrol,Dealer,Manual,First Owner,11.0,24.375,Maruti
Hyundai Venue SX Opt Diesel,2019.0,1195000.0,5000.0,Diesel,Dealer,Manual,First Owner,7.0,239.0,Hyundai
Chevrolet Enjoy TCDi LTZ 7 Seater,2013.0,350000.0,33000.0,Diesel,Individual,Manual,Second Owner,13.0,10.606060606060606,Chevrolet
Unknown,2014.0,1964999.0,28000.0,Diesel,Individual,Automatic,First Owner,12.0,70.17853571428572,Unknown
Mercedes-Benz New C-Class 220 CDI AT,2013.0,1425000.0,59000.0,Diesel,Dealer,Automatic,First Owner,13.0,24.152542372881356,Mercedes-Benz
Maruti Vitara Brezza ZDi Plus AMT,2018.0,975000.0,4500.0,Diesel,Dealer,Automatic,First Owner,8.0,216.66666666666666,Maruti
Unknown,2014.0,1190000.0,175900.0,Diesel,Dealer,Automatic,First Owner,12.0,6.7652075042637865,Unknown
Honda City V MT,2018.0,930000.0,14500.0,Petrol,Dealer,Manual,First Owner,8.0,64.13793103448276,Honda
Tata Tigor 1.2 Revotron XT,2018.0,525000.0,60000.0,Petrol,Individual,Manual,First Owner,8.0,8.75,Tata
Audi A6 2.0 TDI  Design Edition,2013.0,1735000.0,50000.0,Diesel,Dealer,Automatic,First Owner,13.0,34.7,Audi
Mercedes-Benz New C-Class C 220 CDI Avantgarde,2012.0,1375000.0,33800.0,Diesel,Dealer,Automatic,Second Owner,14.0,40.680473372781066,Mercedes-Benz
Skoda Superb Ambition 2.0 TDI CR AT,2011.0,450000.0,60000.0,Diesel,Dealer,Manual,Second Owner,15.0,7.5,Skoda
Toyota Corolla Altis G AT,2016.0,900000.0,50000.0,Petrol,Individual,Automatic,First Owner,10.0,18.0,Toyota
Toyota Innova 2.5 G (Diesel) 7 Seater,2015.0,1300000.0,80000.0,Diesel,Individual,Manual,First Owner,11.0,16.25,Toyota
Jeep Compass 1.4 Sport Plus BSIV,2014.0,1400000.0,10000.0,Petrol,Individual,Manual,First Owner,12.0,140.0,Jeep
Mercedes-Benz E-Class E 200 CGI Elegance,2010.0,850000.0,119000.0,Petrol,Dealer,Manual,First Owner,16.0,7.142857142857143,Mercedes-Benz
Unknown,2014.0,229999.0,60000.0,Petrol,Individual,Manual,Fourth & Above Owner,12.0,3.8333166666666667,Unknown
BMW 3 Series 320d Sport Line,2013.0,1550000.0,75800.0,Diesel,Dealer,Automatic,Second Owner,13.0,20.448548812664907,BMW
Audi Q7 35 TDI Quattro Premium,2009.0,1250000.0,78000.0,Diesel,Dealer,Automatic,Third Owner,17.0,16.025641025641026,Audi
Hyundai Elantra CRDi S,2012.0,625000.0,40000.0,Diesel,Individual,Manual,First Owner,14.0,15.625,Hyundai
Mahindra Scorpio 1.99 S10,2014.0,1050000.0,50000.0,Diesel,Individual,Manual,First Owner,12.0,21.0,Mahindra
Honda City i DTEC V,2014.0,560000.0,74000.0,Diesel,Individual,Manual,Second Owner,12.0,7.5675675675675675,Honda
Maruti Wagon R VXI BS IV with ABS,2014.0,290000.0,64000.0,Petrol,Individual,Manual,Second Owner,12.0,4.53125,Maruti
Maruti Wagon R VXI BS IV,2014.0,275000.0,60000.0,Petrol,Individual,Manual,First Owner,12.0,4.583333333333333,Maruti
Mahindra Scorpio LX,2009.0,411000.0,120000.0,Diesel,Individual,Manual,Second Owner,17.0,3.425,Mahindra
Hyundai Santro Xing GLS,2009.0,150000.0,79000.0,Petrol,Individual,Manual,Third Owner,17.0,1.8987341772151898,Hyundai
Hyundai Grand i10 1.2 Kappa Asta,2019.0,500000.0,15000.0,Petrol,Individual,Manual,First Owner,7.0,33.333333333333336,Hyundai
Maruti Alto LXi,2014.0,100000.0,80000.0,Petrol,Individual,Manual,First Owner,12.0,1.25,Maruti
Maruti Swift Dzire VDI Optional,2017.0,725000.0,18500.0,Diesel,Dealer,Manual,First Owner,9.0,39.189189189189186,Maruti
Maruti Eeco 5 Seater AC BSIV,2018.0,401000.0,10200.0,Petrol,Individual,Manual,First Owner,8.0,39.31372549019608,Maruti
Hyundai i20 Sportz 1.4 CRDi,2018.0,750000.0,29000.0,Diesel,Dealer,Manual,First Owner,8.0,25.862068965517242,Hyundai
Maruti Omni Maruti Omni MPI STD BSIII 5-STR W/ IMMOBILISER,2018.0,310000.0,28000.0,Petrol,Dealer,Manual,First Owner,8.0,11.071428571428571,Maruti
Unknown,2016.0,665000.0,46000.0,Diesel,Individual,Manual,First Owner,10.0,14.456521739130435,Unknown
Hyundai i20 2015-2017 Sportz Option 1.4 CRDi,2014.0,465000.0,70000.0,Diesel,Dealer,Manual,First Owner,12.0,6.642857142857143,Hyundai
Maruti Alto LXi,2012.0,160000.0,60000.0,Petrol,Individual,Manual,Second Owner,14.0,2.6666666666666665,Maruti
Mahindra Jeep CL 500 MDI,1996.0,250000.0,35000.0,Diesel,Individual,Manual,Second Owner,30.0,7.142857142857143,Mahindra
Honda City i DTEC VX,2014.0,675000.0,90000.0,Diesel,Dealer,Manual,First Owner,12.0,7.5,Honda
Maruti Wagon R VXI BS IV,2013.0,350000.0,80000.0,Petrol,Dealer,Manual,First Owner,13.0,4.375,Maruti
Tata Indica DLS,2005.0,70000.0,80000.0,Diesel,Individual,Manual,First Owner,21.0,0.875,Tata
Hyundai EON Magna Plus,2014.0,240000.0,60000.0,Petrol,Dealer,Manual,Second Owner,12.0,4.0,Hyundai
Toyota Etios GD,2014.0,525000.0,92000.0,Diesel,Dealer,Manual,First Owner,12.0,5.706521739130435,Toyota
Maruti Alto LXi,2009.0,151000.0,66764.0,Petrol,Dealer,Manual,Second Owner,17.0,2.2616979210352883,Maruti
Maruti Alto LXi,2009.0,140000.0,100000.0,Petrol,Individual,Manual,First Owner,17.0,1.4,Maruti
Chevrolet Tavera Neo LS B3 - 7(C) seats BSIII,2010.0,280000.0,350000.0,Diesel,Individual,Manual,Second Owner,16.0,0.8,Chevrolet
Toyota Corolla Altis Diesel D4DG,2011.0,350000.0,230000.0,Diesel,Individual,Manual,First Owner,15.0,1.5217391304347827,Toyota
Mahindra Scorpio 1.99 S6 Plus,2014.0,570000.0,60000.0,Diesel,Individual,Manual,First Owner,12.0,9.5,Mahindra
Unknown,2018.0,300000.0,31000.0,Petrol,Individual,Manual,First Owner,8.0,9.67741935483871,Unknown
Tata Indigo Classic Dicor,2007.0,100000.0,39000.0,Petrol,Individual,Manual,First Owner,19.0,2.5641025641025643,Tata
Toyota Innova 2.5 V Diesel 8-seater,2009.0,500000.0,120000.0,Diesel,Individual,Manual,Third Owner,17.0,4.166666666666667,Toyota
Tata Indica Vista Quadrajet LS,2014.0,125000.0,166000.0,Diesel,Individual,Manual,Fourth & Above Owner,12.0,0.7530120481927711,Tata
Maruti Swift 1.3 VXi,2006.0,130000.0,110000.0,Petrol,Individual,Manual,Third Owner,20.0,1.1818181818181819,Maruti
Ford EcoSport 1.5 Diesel Titanium BSIV,2014.0,925000.0,60000.0,Diesel,Individual,Manual,First Owner,12.0,15.416666666666666,Ford
Maruti Ciaz 1.3 Delta,2018.0,750000.0,60000.0,Diesel,Individual,Manual,First Owner,8.0,12.5,Maruti
Honda Civic 1.8 V AT,2007.0,200000.0,54000.0,Petrol,Individual,Automatic,Second Owner,19.0,3.7037037037037037,Honda
Hyundai i10 Sportz 1.2,2010.0,350000.0,63000.0,Petrol,Individual,Manual,Second Owner,16.0,5.555555555555555,Hyundai
Skoda Rapid 1.5 TDI Elegance,2014.0,450000.0,120000.0,Diesel,Individual,Manual,Second Owner,12.0,3.75,Skoda
Hyundai Getz GLS,2005.0,80000.0,120000.0,Petrol,Individual,Manual,Third Owner,21.0,0.6666666666666666,Hyundai
Unknown,2014.0,650000.0,76000.0,Petrol,Individual,Manual,Second Owner,12.0,8.552631578947368,Unknown
Hyundai Grand i10 CRDi Sportz,2015.0,450000.0,80000.0,Diesel,Individual,Manual,First Owner,11.0,5.625,Hyundai
Hyundai Elite i20 Diesel Era,2019.0,650000.0,25000.0,Diesel,Individual,Manual,First Owner,7.0,26.0,Hyundai
Honda Amaze S i-VTEC,2016.0,495000.0,11958.0,Petrol,Dealer,Manual,First Owner,10.0,41.39488208730557,Honda
Honda Brio S MT,2015.0,371000.0,20000.0,Petrol,Dealer,Manual,First Owner,11.0,18.55,Honda
Hyundai Creta 1.6 SX Option,2017.0,1025000.0,9000.0,Petrol,Dealer,Manual,First Owner,9.0,113.88888888888889,Hyundai
Mercedes-Benz S-Class S 350d Connoisseurs Edition,2017.0,8150000.0,6500.0,Diesel,Dealer,Automatic,First Owner,9.0,1253.8461538461538,Mercedes-Benz
Mahindra XUV500 W8 2WD,2015.0,750000.0,70000.0,Diesel,Individual,Manual,First Owner,11.0,10.714285714285714,Mahindra
Renault Duster 85PS Diesel RxL Optional,2013.0,600000.0,120000.0,Diesel,Individual,Manual,First Owner,13.0,5.0,Renault
Hyundai Santro Xing XO,2007.0,80000.0,58000.0,Petrol,Dealer,Manual,Second Owner,19.0,1.3793103448275863,Hyundai
Mahindra Bolero 2011-2019 SLE,2013.0,325000.0,62200.0,Diesel,Dealer,Manual,First Owner,13.0,5.22508038585209,Mahindra
Audi A6 2.0 TDI Premium Plus,2014.0,1470000.0,34000.0,Diesel,Dealer,Automatic,Second Owner,12.0,43.23529411764706,Audi
Fiat Avventura MULTIJET Emotion,2015.0,350000.0,53000.0,Diesel,Individual,Manual,Second Owner,11.0,6.60377358490566,Fiat
Audi A8 4.2 TDI,2013.0,2800000.0,49000.0,Diesel,Individual,Automatic,First Owner,13.0,57.142857142857146,Audi
Datsun RediGO 1.0 S,2017.0,210000.0,15000.0,Petrol,Dealer,Manual,Second Owner,9.0,14.0,Datsun
Unknown,2013.0,450000.0,50000.0,Petrol,Individual,Manual,First Owner,13.0,9.0,Unknown
Audi A4 2.0 TDI 177 Bhp Premium Plus,2013.0,1150000.0,53000.0,Diesel,Dealer,Manual,First Owner,13.0,21.69811320754717,Audi
Unknown,2009.0,210000.0,63500.0,Petrol,Dealer,Automatic,First Owner,17.0,3.3070866141732282,Unknown
Mercedes-Benz E-Class Exclusive E 200 BSIV,2018.0,4500000.0,60000.0,Petrol,Dealer,Automatic,First Owner,8.0,75.0,Mercedes-Benz
BMW X1 sDrive 20d xLine,2017.0,2750000.0,60000.0,Diesel,Individual,Automatic,First Owner,9.0,45.833333333333336,BMW
Volvo V40 D3 R Design,2018.0,1975000.0,21000.0,Petrol,Dealer,Automatic,First Owner,8.0,94.04761904761905,Volvo
Maruti SX4 Zxi BSIII,2008.0,175000.0,29173.0,Petrol,Dealer,Manual,First Owner,18.0,5.998697425701848,Maruti
BMW 7 Series 730Ld,2012.0,2500000.0,60000.0,Diesel,Dealer,Automatic,First Owner,14.0,41.666666666666664,BMW
Mahindra Bolero Power Plus SLX,2017.0,628000.0,120000.0,Diesel,Individual,Manual,First Owner,9.0,5.233333333333333,Mahindra
Hyundai Sonata CRDi M/T,2010.0,600000.0,100000.0,Petrol,Individual,Manual,First Owner,16.0,6.0,Hyundai
Nissan Micra Active XV Petrol,2017.0,399000.0,30000.0,Petrol,Individual,Manual,First Owner,9.0,13.3,Nissan
Mahindra Xylo D4,2018.0,750000.0,87000.0,Diesel,Individual,Manual,First Owner,8.0,8.620689655172415,Mahindra
Hyundai Elite i20 Sportz Plus Dual Tone BSIV,2019.0,750000.0,15000.0,Petrol,Individual,Manual,First Owner,7.0,50.0,Hyundai
Renault KWID RXT,2017.0,350000.0,16000.0,Petrol,Individual,Manual,First Owner,9.0,21.875,Renault
Mahindra Xylo E4 BS III,2012.0,600000.0,60000.0,Diesel,Individual,Manual,First Owner,14.0,10.0,Mahindra
Maruti Wagon R LXI Minor,2010.0,100000.0,60000.0,Petrol,Individual,Manual,Fourth & Above Owner,16.0,1.6666666666666667,Maruti
Maruti SX4 ZXI MT BSIV,2011.0,250000.0,110000.0,Petrol,Individual,Manual,Third Owner,15.0,2.272727272727273,Maruti
Renault KWID RXT,2014.0,350000.0,25000.0,Petrol,Individual,Manual,First Owner,12.0,14.0,Renault
Hyundai Creta 1.4 CRDi S,2016.0,780000.0,60000.0,Diesel,Individual,Manual,First Owner,10.0,13.0,Hyundai
Maruti Swift Dzire VDI,2014.0,434000.0,60000.0,Diesel,Individual,Manual,Second Owner,12.0,7.233333333333333,Maruti
Hyundai Verna 1.6 VTVT AT S Option,2016.0,690000.0,80000.0,Petrol,Individual,Automatic,First Owner,10.0,8.625,Hyundai
Mahindra Scorpio LX BSIV,2014.0,555000.0,60000.0,Diesel,Individual,Manual,Second Owner,12.0,9.25,Mahindra
Maruti SX4 Vxi BSIII,2007.0,120000.0,90000.0,Petrol,Individual,Manual,Second Owner,19.0,1.3333333333333333,Maruti
Maruti Ertiga VDI,2014.0,500000.0,120000.0,Diesel,Individual,Manual,Second Owner,12.0,4.166666666666667,Maruti
Chevrolet Beat Diesel,2013.0,165000.0,60000.0,Diesel,Individual,Manual,First Owner,13.0,2.75,Chevrolet
Maruti Zen LX,2004.0,95000.0,50000.0,Petrol,Individual,Manual,First Owner,22.0,1.9,Maruti
Maruti Baleno Delta 1.2,2018.0,550000.0,20000.0,Petrol,Individual,Manual,First Owner,8.0,27.5,Maruti
Maruti Swift Vdi BSIII,2007.0,100000.0,110000.0,Diesel,Individual,Manual,Fourth & Above Owner,19.0,0.9090909090909091,Maruti
Tata Nano Lx BSIV,2012.0,100000.0,50000.0,Petrol,Individual,Manual,Second Owner,14.0,2.0,Tata
Toyota Innova 2.5 GX (Diesel) 8 Seater,2012.0,500000.0,100000.0,Diesel,Individual,Manual,First Owner,14.0,5.0,Toyota
Unknown,2016.0,350000.0,70000.0,Diesel,Individual,Manual,Second Owner,10.0,5.0,Unknown
Hyundai Creta 1.6 CRDi SX,2016.0,840000.0,70000.0,Diesel,Individual,Manual,Second Owner,10.0,12.0,Hyundai
Honda Amaze S i-Vtech,2016.0,490000.0,50000.0,Petrol,Individual,Manual,First Owner,10.0,9.8,Honda
Tata Indica Vista Aqua 1.4 TDI,2010.0,125000.0,60000.0,Petrol,Individual,Manual,Second Owner,16.0,2.0833333333333335,Tata
Chevrolet Tavera Neo 2 LS B4 7 Str BSIII,2012.0,400000.0,60000.0,Diesel,Individual,Manual,Third Owner,14.0,6.666666666666667,Chevrolet
Chevrolet Cruze LTZ,2015.0,1000000.0,3600.0,Petrol,Dealer,Manual,First Owner,11.0,277.77777777777777,Chevrolet
Ford Figo Aspire 1.2 Ti-VCT Titanium Plus,2015.0,530000.0,14272.0,Petrol,Dealer,Manual,First Owner,11.0,37.13565022421525,Ford
Ford EcoSport 1.5 Diesel Titanium Plus BSIV,2017.0,840000.0,60000.0,Diesel,Dealer,Manual,First Owner,9.0,14.0,Ford
Hyundai i10 Sportz 1.1L,2015.0,229999.0,40000.0,Petrol,Individual,Manual,First Owner,11.0,5.749975,Hyundai
Maruti 800 Std,1998.0,40000.0,40000.0,Petrol,Individual,Manual,Fourth & Above Owner,28.0,1.0,Maruti
Chevrolet Spark 1.0 LS,2012.0,130000.0,80000.0,Petrol,Individual,Manual,First Owner,14.0,1.625,Chevrolet
Hyundai EON Era Plus,2015.0,200000.0,70000.0,Petrol,Individual,Manual,First Owner,11.0,2.857142857142857,Hyundai
Tata Indica Vista Aqua TDI BSIII,2011.0,120000.0,70000.0,Diesel,Individual,Manual,First Owner,15.0,1.7142857142857142,Tata
Hyundai Santro LP zipPlus,2003.0,75000.0,57000.0,Petrol,Individual,Manual,First Owner,23.0,1.3157894736842106,Hyundai
Tata Bolt Quadrajet XE,2016.0,250000.0,120000.0,Diesel,Individual,Manual,First Owner,10.0,2.0833333333333335,Tata
Maruti 800 AC BSIII,2005.0,100000.0,30000.0,Petrol,Individual,Manual,First Owner,21.0,3.3333333333333335,Maruti
Hyundai EON Era Plus,2013.0,280000.0,3240.0,Petrol,Individual,Manual,Second Owner,13.0,86.41975308641975,Hyundai
Unknown,2015.0,540000.0,60000.0,Petrol,Individual,Manual,First Owner,11.0,9.0,Unknown
Hyundai i20 1.2 Asta,2014.0,700000.0,10000.0,Petrol,Individual,Manual,First Owner,12.0,70.0,Hyundai
Maruti Ciaz VDi Plus,2015.0,525000.0,100000.0,Diesel,Individual,Manual,First Owner,11.0,5.25,Maruti
Unknown,2016.0,430000.0,80000.0,Diesel,Individual,Manual,First Owner,10.0,5.375,Unknown
Hyundai Santro LE,2002.0,65000.0,70000.0,Petrol,Individual,Manual,First Owner,24.0,0.9285714285714286,Hyundai
Maruti Vitara Brezza VDi,2018.0,800000.0,35000.0,Diesel,Individual,Manual,First Owner,8.0,22.857142857142858,Maruti
Hyundai Santro Xing XL eRLX Euro III,2007.0,75000.0,114000.0,Petrol,Individual,Manual,Second Owner,19.0,0.6578947368421053,Hyundai
Hyundai Getz 1.3 GLS,2008.0,210000.0,53772.0,Petrol,Individual,Manual,First Owner,18.0,3.905378263780406,Hyundai
Mahindra Quanto C8,2012.0,195000.0,140000.0,Diesel,Individual,Manual,Second Owner,14.0,1.3928571428571428,Mahindra
Chevrolet Tavera Neo 3 LS 7 C BSIII,2015.0,400000.0,120000.0,Diesel,Individual,Manual,First Owner,11.0,3.3333333333333335,Chevrolet
Hyundai EON Magna Plus,2012.0,350000.0,60000.0,Petrol,Individual,Manual,First Owner,14.0,5.833333333333333,Hyundai
Renault KWID RXT,2016.0,225000.0,25000.0,Petrol,Individual,Manual,First Owner,10.0,9.0,Renault
Maruti Wagon R DUO LPG,2014.0,210000.0,90000.0,LPG,Individual,Manual,First Owner,12.0,2.3333333333333335,Maruti
Maruti Wagon R LXI,2020.0,240000.0,120000.0,Petrol,Individual,Manual,First Owner,6.0,2.0,Maruti
Chevrolet Enjoy 1.3 TCDi LS 8,2015.0,350000.0,175000.0,Diesel,Individual,Manual,First Owner,11.0,2.0,Chevrolet
Chevrolet Spark 1.0 LS,2011.0,99000.0,100000.0,Petrol,Individual,Manual,Third Owner,15.0,0.99,Chevrolet
Honda City i VTEC SV,2014.0,620000.0,60000.0,Petrol,Individual,Manual,First Owner,12.0,10.333333333333334,Honda
Honda Amaze VX i-DTEC,2013.0,500000.0,30000.0,Diesel,Individual,Manual,First Owner,13.0,16.666666666666668,Honda
Jaguar XJ 5.0 L V8 Supercharged,2014.0,2550000.0,40000.0,Petrol,Individual,Automatic,Second Owner,12.0,63.75,Jaguar
Honda Brio E MT,2013.0,350000.0,70000.0,Petrol,Individual,Manual,Second Owner,13.0,5.0,Honda
Maruti Swift VVT ZXI,2017.0,550000.0,60000.0,Petrol,Individual,Manual,First Owner,9.0,9.166666666666666,Maruti
Tata Indigo CR4,2011.0,150000.0,155500.0,Diesel,Individual,Manual,First Owner,15.0,0.9646302250803859,Tata
Hyundai i10 Asta AT,2014.0,350000.0,50000.0,Petrol,Individual,Automatic,Second Owner,12.0,7.0,Hyundai
Unknown,2016.0,320000.0,40000.0,Petrol,Individual,Manual,First Owner,10.0,8.0,Unknown
Maruti Swift VDI BSIV,2015.0,350000.0,100000.0,Diesel,Individual,Manual,Third Owner,11.0,3.5,Maruti
Maruti Alto LXi,2012.0,175000.0,80000.0,Petrol,Individual,Manual,Third Owner,14.0,2.1875,Maruti
Unknown,2011.0,120000.0,90000.0,Petrol,Individual,Manual,Second Owner,15.0,1.3333333333333333,Unknown
Renault Duster 110PS Diesel RxZ,2013.0,350000.0,90000.0,Diesel,Individual,Manual,Second Owner,13.0,3.888888888888889,Renault
Hyundai Santro Xing XG,2006.0,70000.0,110000.0,Petrol,Individual,Manual,Third Owner,20.0,0.6363636363636364,Hyundai
Maruti Swift Dzire ZXI Plus,2019.0,810000.0,15000.0,Petrol,Individual,Manual,First Owner,7.0,54.0,Maruti
Maruti 800 AC,2007.0,95000.0,100000.0,Petrol,Individual,Manual,Second Owner,19.0,0.95,Maruti
Maruti Alto K10 LXI CNG,2020.0,282000.0,40000.0,CNG,Individual,Manual,First Owner,6.0,7.05,Maruti
Maruti 800 Std BSII,2004.0,350000.0,60000.0,Petrol,Individual,Manual,Second Owner,22.0,5.833333333333333,Maruti
Tata Nano LX SE,2013.0,72000.0,25000.0,Petrol,Individual,Manual,First Owner,13.0,2.88,Tata
Hyundai i20 Magna 1.2,2014.0,600000.0,25000.0,Petrol,Individual,Manual,First Owner,12.0,24.0,Hyundai
Skoda Rapid 1.6 MPI Ambition With Alloy Wheel,2015.0,640000.0,60000.0,Petrol,Individual,Manual,First Owner,11.0,10.666666666666666,Skoda
Maruti Alto K10 VXI,2018.0,380000.0,22155.0,Petrol,Individual,Manual,First Owner,8.0,17.15188445046265,Maruti
Maruti Ciaz 1.4 Delta,2018.0,650000.0,70000.0,Petrol,Individual,Manual,First Owner,8.0,9.285714285714286,Maruti
Maruti Alto LX,2009.0,150000.0,60000.0,Petrol,Individual,Manual,Second Owner,17.0,2.5,Maruti
Hyundai i20 Asta,2009.0,350000.0,110000.0,Petrol,Individual,Manual,Second Owner,17.0,3.1818181818181817,Hyundai
Tata Nexon 1.2 Revotron XM,2018.0,430000.0,30000.0,Petrol,Individual,Manual,First Owner,8.0,14.333333333333334,Tata
Mahindra Bolero Power Plus SLX,2019.0,800000.0,15000.0,Diesel,Individual,Manual,First Owner,7.0,53.333333333333336,Mahindra
Maruti Zen D,2003.0,75000.0,100000.0,Diesel,Individual,Manual,First Owner,23.0,0.75,Maruti
Volkswagen Vento Celeste 1.5 TDI Highline AT,2016.0,650000.0,70000.0,Diesel,Individual,Automatic,First Owner,10.0,9.285714285714286,Volkswagen
Maruti Eeco 7 Seater Standard BSIV,2017.0,390000.0,24000.0,Petrol,Individual,Manual,First Owner,9.0,16.25,Maruti
Honda City 1.5 EXI,2005.0,100000.0,120000.0,Petrol,Individual,Manual,Second Owner,21.0,0.8333333333333334,Honda
Mercedes-Benz New C-Class 220 CDI AT,2013.0,1500000.0,35000.0,Diesel,Individual,Automatic,First Owner,13.0,42.857142857142854,Mercedes-Benz
Maruti SX4 Zxi with Leather BSIII,2007.0,175000.0,78380.0,Petrol,Individual,Manual,First Owner,19.0,2.232712426639449,Maruti
Renault Duster 110PS Diesel RxZ,2012.0,350000.0,110000.0,Diesel,Individual,Manual,First Owner,14.0,3.1818181818181817,Renault
Ford Figo Diesel Titanium,2010.0,170000.0,60000.0,Diesel,Individual,Manual,Third Owner,16.0,2.8333333333333335,Ford
Ford Figo Diesel Titanium,2011.0,190000.0,90000.0,Diesel,Individual,Manual,Third Owner,15.0,2.111111111111111,Ford
Maruti Swift Dzire VDi,2009.0,250000.0,150000.0,Diesel,Individual,Manual,Third Owner,17.0,1.6666666666666667,Maruti
Mahindra Xylo E4,2009.0,229999.0,230000.0,Diesel,Individual,Manual,First Owner,17.0,0.9999956521739131,Mahindra
Maruti Esteem Vxi - BSIII,2006.0,140000.0,70000.0,Petrol,Individual,Manual,Third Owner,20.0,2.0,Maruti
Maruti Swift VDI BSIV,2017.0,600000.0,80362.0,Diesel,Individual,Manual,First Owner,9.0,7.466215375426197,Maruti
Hyundai i20 1.2 Sportz,2012.0,280000.0,110000.0,Petrol,Individual,Manual,Third Owner,14.0,2.5454545454545454,Hyundai
Chevrolet Beat Diesel LT,2012.0,150000.0,60000.0,Diesel,Individual,Manual,First Owner,14.0,2.5,Chevrolet
Chevrolet Cruze LTZ AT,2015.0,350000.0,50000.0,Diesel,Individual,Manual,First Owner,11.0,7.0,Chevrolet
Nissan Micra XL,2014.0,210000.0,40000.0,Petrol,Individual,Manual,Second Owner,12.0,5.25,Nissan
BMW 5 Series 520d Luxury Line,2017.0,2900000.0,40000.0,Diesel,Individual,Automatic,First Owner,9.0,72.5,BMW
Unknown,2013.0,425000.0,20000.0,Diesel,Dealer,Manual,First Owner,13.0,21.25,Unknown
Hyundai EON Era Plus Option,2014.0,265000.0,55000.0,Petrol,Dealer,Manual,First Owner,12.0,4.818181818181818,Hyundai
Fiat Linea T Jet Emotion,2018.0,890000.0,1136.0,Petrol,Dealer,Manual,First Owner,8.0,783.4507042253521,Fiat
Unknown,2013.0,365000.0,55000.0,Petrol,Dealer,Manual,First Owner,13.0,6.636363636363637,Unknown
Ford Figo Petrol Titanium,2014.0,350000.0,43000.0,Petrol,Dealer,Manual,First Owner,12.0,8.13953488372093,Ford
Maruti Ciaz ZDi SHVS,2016.0,685000.0,60000.0,Diesel,Individual,Manual,First Owner,10.0,11.416666666666666,Maruti
Skoda Rapid 1.5 TDI Ambition BSIV,2014.0,940000.0,2650.0,Diesel,Dealer,Manual,First Owner,12.0,354.7169811320755,Skoda
Mahindra XUV500 W6 2WD,2017.0,1000000.0,40000.0,Diesel,Individual,Manual,First Owner,9.0,25.0,Mahindra
Mahindra XUV300 W8 Option,2019.0,1150000.0,60000.0,Petrol,Individual,Manual,First Owner,7.0,19.166666666666668,Mahindra
Maruti Ertiga SHVS ZDI,2016.0,350000.0,115962.0,Diesel,Individual,Manual,Second Owner,10.0,3.018230109863576,Maruti
Nissan Terrano XE D,2015.0,590000.0,65000.0,Diesel,Dealer,Manual,First Owner,11.0,9.076923076923077,Nissan
Maruti S-Cross Facelift,2017.0,800000.0,40000.0,Petrol,Individual,Manual,First Owner,9.0,20.0,Maruti
Hyundai i20 Magna 1.4 CRDi (Diesel),2012.0,385000.0,58000.0,Petrol,Dealer,Manual,First Owner,14.0,6.637931034482759,Hyundai
Mercedes-Benz New C-Class C 220 CDI BE Avantgare,2013.0,2000000.0,15000.0,Petrol,Individual,Automatic,First Owner,13.0,133.33333333333334,Mercedes-Benz
Hyundai EON Era Plus,2012.0,235000.0,54000.0,Petrol,Dealer,Manual,First Owner,14.0,4.351851851851852,Hyundai
Volkswagen Ameo 1.5 TDI Highline,2017.0,640000.0,56000.0,Diesel,Dealer,Manual,First Owner,9.0,11.428571428571429,Volkswagen
Maruti Alto LX,2006.0,52000.0,120000.0,Petrol,Individual,Manual,Third Owner,20.0,0.43333333333333335,Maruti
Maruti Omni LPG CARGO BSIII W IMMOBILISER,2009.0,80000.0,90000.0,LPG,Individual,Manual,Second Owner,17.0,0.8888888888888888,Maruti
Maruti Alto LX,2014.0,140000.0,70000.0,Petrol,Individual,Manual,Second Owner,12.0,2.0,Maruti
Hyundai Verna i (Petrol),2008.0,120000.0,90000.0,Petrol,Individual,Manual,First Owner,18.0,1.3333333333333333,Hyundai
Mahindra Renault Logan 1.5 DLS,2008.0,89999.0,213000.0,Diesel,Individual,Manual,First Owner,18.0,0.4225305164319249,Mahindra
Chevrolet Optra Magnum 2.0 LS BSIII,2012.0,180000.0,120000.0,Diesel,Individual,Manual,First Owner,14.0,1.5,Chevrolet
Mahindra Scorpio S11 BSIV,2017.0,1500000.0,20000.0,Diesel,Individual,Manual,First Owner,9.0,75.0,Mahindra
Hyundai i20 Active 1.2 SX,2017.0,700000.0,10000.0,Petrol,Individual,Manual,First Owner,9.0,70.0,Hyundai
Maruti SX4 Celebration Diesel,2012.0,285000.0,80000.0,Diesel,Individual,Manual,Second Owner,14.0,3.5625,Maruti
Hyundai Grand i10 Magna,2015.0,390000.0,90000.0,Petrol,Individual,Manual,First Owner,11.0,4.333333333333333,Hyundai
Maruti Alto LXi BSIII,2008.0,125000.0,80000.0,Petrol,Individual,Manual,First Owner,18.0,1.5625,Maruti
Maruti SX4 Zxi with Leather BSIII,2008.0,225000.0,60000.0,Petrol,Individual,Manual,Second Owner,18.0,3.75,Maruti
Hyundai i10 Era,2011.0,175000.0,139000.0,Petrol,Individual,Manual,Second Owner,15.0,1.2589928057553956,Hyundai
Toyota Innova 2.5 V Diesel 7-seater,2011.0,1075000.0,160000.0,Diesel,Individual,Manual,Second Owner,15.0,6.71875,Toyota
Honda Mobilio V i DTEC,2014.0,300000.0,150000.0,Diesel,Individual,Manual,First Owner,12.0,2.0,Honda
Toyota Innova 2.5 G (Diesel) 7 Seater BS IV,2010.0,700000.0,163000.0,Diesel,Individual,Manual,Fourth & Above Owner,16.0,4.294478527607362,Toyota
Unknown,2009.0,90000.0,120000.0,Diesel,Dealer,Manual,First Owner,17.0,0.75,Unknown
Tata Indica Vista TDI LS,2011.0,120000.0,60000.0,Diesel,Individual,Manual,First Owner,15.0,2.0,Tata
Chevrolet Beat Diesel LS,2012.0,220000.0,100000.0,Diesel,Individual,Manual,Second Owner,14.0,2.2,Chevrolet
Tata Zest Quadrajet 1.3 75PS XE,2015.0,300000.0,140000.0,Diesel,Dealer,Manual,First Owner,11.0,2.142857142857143,Tata
Skoda Fabia 1.2L Diesel Ambiente,2010.0,350000.0,87000.0,Diesel,Dealer,Manual,Second Owner,16.0,4.022988505747127,Skoda
Maruti 800 Std,2013.0,170000.0,70000.0,Petrol,Individual,Manual,First Owner,13.0,2.4285714285714284,Maruti
Ford Figo Petrol Titanium,2015.0,300000.0,50000.0,Petrol,Individual,Manual,Second Owner,11.0,6.0,Ford
Unknown,2014.0,1050000.0,70000.0,Petrol,Individual,Manual,First Owner,12.0,15.0,Unknown
Hyundai Grand i10 1.2 CRDi Asta,2018.0,465000.0,60000.0,Diesel,Individual,Manual,First Owner,8.0,7.75,Hyundai
Chevrolet Beat Diesel LT,2011.0,130000.0,80000.0,Diesel,Individual,Manual,Second Owner,15.0,1.625,Chevrolet
Datsun GO Plus T Option Petrol,2018.0,434999.0,10000.0,Petrol,Individual,Manual,First Owner,8.0,43.4999,Datsun
Hyundai Grand i10 1.2 Kappa Asta,2018.0,500000.0,32000.0,Petrol,Individual,Manual,First Owner,8.0,15.625,Hyundai
Maruti Omni MPI STD BSIV,2018.0,200000.0,10000.0,Petrol,Individual,Manual,First Owner,8.0,20.0,Maruti
Maruti Baleno Alpha 1.2,2017.0,625000.0,52000.0,Petrol,Dealer,Manual,First Owner,9.0,12.01923076923077,Maruti
Ford Fiesta Classic 1.4 SXI Duratorq,2006.0,110000.0,120000.0,Diesel,Individual,Manual,Third Owner,20.0,0.9166666666666666,Ford
Hyundai Elite i20 Asta Option BSIV,2019.0,800000.0,11240.0,Petrol,Individual,Manual,First Owner,7.0,71.17437722419929,Hyundai
Hyundai Grand i10 CRDi Magna,2017.0,490000.0,66000.0,Diesel,Dealer,Manual,First Owner,9.0,7.424242424242424,Hyundai
Maruti Ertiga SHVS ZDI,2017.0,880000.0,64000.0,Diesel,Dealer,Manual,First Owner,9.0,13.75,Maruti
Hyundai Santro Xing GL Plus,2013.0,290000.0,49000.0,Petrol,Individual,Manual,First Owner,13.0,5.918367346938775,Hyundai
Tata Sumo GX TC 7 Str BSIII,2006.0,115999.0,100000.0,Diesel,Individual,Manual,Second Owner,20.0,1.15999,Tata
Renault KWID RXT,2018.0,360000.0,26500.0,Petrol,Individual,Manual,First Owner,8.0,13.584905660377359,Renault
Maruti 800 AC,2002.0,65000.0,100000.0,Petrol,Individual,Manual,Second Owner,24.0,0.65,Maruti
Maruti Vitara Brezza LDi Option,2017.0,685000.0,72000.0,Petrol,Dealer,Manual,First Owner,9.0,9.51388888888889,Maruti
Honda Jazz S,2009.0,300000.0,60000.0,Petrol,Individual,Manual,First Owner,17.0,5.0,Honda
Hyundai i20 1.4 Sportz,2017.0,680000.0,44000.0,Diesel,Dealer,Manual,First Owner,9.0,15.454545454545455,Hyundai
Maruti Ertiga SHVS ZDI Plus,2017.0,1000000.0,60000.0,Diesel,Individual,Manual,Second Owner,9.0,16.666666666666668,Maruti
Tata Sumo SE Plus BSIII,2002.0,100000.0,120000.0,Diesel,Individual,Manual,First Owner,24.0,0.8333333333333334,Tata
Mahindra Xylo E4,2010.0,160000.0,130000.0,Diesel,Individual,Manual,First Owner,16.0,1.2307692307692308,Mahindra
Maruti Swift ZDi BSIV,2017.0,450000.0,70000.0,Diesel,Individual,Manual,First Owner,9.0,6.428571428571429,Maruti
Maruti Ertiga VXI,2014.0,600000.0,20000.0,Petrol,Individual,Manual,First Owner,12.0,30.0,Maruti
Hyundai i20 1.4 Magna ABS,2009.0,180000.0,60000.0,Diesel,Individual,Manual,Second Owner,17.0,3.0,Hyundai
Maruti Alto LXi,2007.0,100000.0,195000.0,Petrol,Individual,Manual,First Owner,19.0,0.5128205128205128,Maruti
Maruti Alto LXi,2010.0,120000.0,90000.0,Petrol,Individual,Manual,Second Owner,16.0,1.3333333333333333,Maruti
Hyundai Getz GL,2014.0,130000.0,80000.0,Petrol,Individual,Manual,Third Owner,12.0,1.625,Hyundai
Maruti Wagon R LX BS IV,2011.0,350000.0,155000.0,Petrol,Individual,Manual,First Owner,15.0,2.2580645161290325,Maruti
Mahindra Bolero Power Plus SLX,2019.0,860000.0,60000.0,Diesel,Individual,Manual,First Owner,7.0,14.333333333333334,Mahindra
Hyundai i20 1.2 Spotz,2018.0,650000.0,20000.0,Petrol,Individual,Manual,Second Owner,8.0,32.5,Hyundai
Maruti Wagon R LXI Minor,2010.0,100000.0,80000.0,Petrol,Individual,Manual,Second Owner,16.0,1.25,Maruti
Maruti Alto 800 VXI,2017.0,282000.0,20000.0,Petrol,Individual,Manual,First Owner,9.0,14.1,Maruti
Hyundai i20 Asta (o),2009.0,300000.0,50000.0,Petrol,Individual,Manual,First Owner,17.0,6.0,Hyundai
Hyundai i20 Asta,2010.0,270000.0,110000.0,Petrol,Individual,Manual,Second Owner,16.0,2.4545454545454546,Hyundai
Hyundai Verna 1.6 SX CRDi (O),2013.0,550000.0,29000.0,Diesel,Individual,Manual,First Owner,13.0,18.96551724137931,Hyundai
Mahindra Xylo D2 BSIV,2013.0,450000.0,120000.0,Diesel,Individual,Manual,First Owner,13.0,3.75,Mahindra
Mahindra Bolero SLX 2WD BSIII,2011.0,430000.0,70000.0,Diesel,Individual,Manual,Second Owner,15.0,6.142857142857143,Mahindra
Maruti Ertiga VXI ABS,2013.0,350000.0,40000.0,Petrol,Individual,Manual,First Owner,13.0,8.75,Maruti
Honda Brio 1.2 E MT,2017.0,350000.0,20000.0,Petrol,Individual,Manual,First Owner,9.0,17.5,Honda
Toyota Etios Liva G,2013.0,229999.0,50000.0,Petrol,Individual,Manual,Second Owner,13.0,4.59998,Toyota
Unknown,2013.0,110000.0,50000.0,Petrol,Individual,Manual,First Owner,13.0,2.2,Unknown
Maruti Swift Dzire 1.2 Vxi BSIV,2012.0,395000.0,49000.0,Petrol,Individual,Manual,Second Owner,14.0,8.061224489795919,Maruti
Mahindra Scorpio VLS AT 2.2 mHAWK,2011.0,650000.0,70000.0,Diesel,Individual,Automatic,Second Owner,15.0,9.285714285714286,Mahindra
Mahindra Bolero SLX,2011.0,350000.0,90000.0,Diesel,Individual,Manual,Second Owner,15.0,3.888888888888889,Mahindra
Mahindra XUV500 W11 Option AWD,2020.0,350000.0,25000.0,Diesel,Dealer,Manual,First Owner,6.0,14.0,Mahindra
Unknown,2018.0,360000.0,4000.0,Petrol,Individual,Manual,First Owner,8.0,90.0,Unknown
Unknown,2018.0,1300000.0,10000.0,Diesel,Individual,Manual,First Owner,8.0,130.0,Unknown
Renault Duster 110PS Diesel RxL,2015.0,800000.0,15000.0,Diesel,Individual,Manual,First Owner,11.0,53.333333333333336,Renault
Hyundai EON Magna Plus,2018.0,229999.0,30000.0,Petrol,Individual,Manual,First Owner,8.0,7.666633333333333,Hyundai
Maruti Wagon R VXI,2014.0,315000.0,41000.0,Petrol,Dealer,Manual,First Owner,12.0,7.682926829268292,Maruti
Chevrolet Spark 1.0 LT,2012.0,125000.0,28000.0,Petrol,Individual,Manual,First Owner,14.0,4.464285714285714,Chevrolet
Maruti Baleno Alpha,2019.0,700000.0,16000.0,Petrol,Individual,Manual,First Owner,7.0,43.75,Maruti
Hyundai EON 1.0 Kappa Magna Plus,2015.0,160000.0,70000.0,Petrol,Individual,Manual,First Owner,11.0,2.2857142857142856,Hyundai
Ford Figo Aspire 1.2 Ti-VCT Trend,2017.0,530000.0,10832.0,Petrol,Dealer,Manual,First Owner,9.0,48.92909896602659,Ford
Ford Figo Aspire Facelift,2018.0,624000.0,14681.0,Diesel,Dealer,Manual,First Owner,8.0,42.50391662693277,Ford
Unknown,2009.0,250000.0,50000.0,Petrol,Individual,Manual,First Owner,17.0,5.0,Unknown
Mahindra Bolero SLX,2016.0,585000.0,51000.0,Diesel,Individual,Manual,First Owner,10.0,11.470588235294118,Mahindra
Hyundai Verna 1.4 VTVT,2015.0,500000.0,25000.0,Petrol,Individual,Manual,First Owner,11.0,20.0,Hyundai
Chevrolet Sail 1.2 LT ABS,2014.0,350000.0,30000.0,Petrol,Individual,Manual,First Owner,12.0,11.666666666666666,Chevrolet
Honda City i-DTEC SV,2014.0,350000.0,80000.0,Diesel,Dealer,Manual,First Owner,12.0,4.375,Honda
Hyundai Grand i10 1.2 Kappa Asta,2017.0,500000.0,60000.0,Petrol,Individual,Manual,First Owner,9.0,8.333333333333334,Hyundai
Mahindra Bolero Power Plus Plus AC BSIV PS,2015.0,430000.0,200000.0,Diesel,Individual,Manual,First Owner,11.0,2.15,Mahindra
Hyundai Grand i10 1.2 Kappa Sportz Option,2013.0,345000.0,44000.0,Petrol,Dealer,Manual,First Owner,13.0,7.840909090909091,Hyundai
Maruti Baleno Sigma 1.2,2015.0,500000.0,10000.0,Petrol,Individual,Manual,First Owner,11.0,50.0,Maruti
Tata Tiago 1.2 Revotron XZ,2019.0,425000.0,19600.0,Petrol,Individual,Manual,First Owner,7.0,21.683673469387756,Tata
Maruti Wagon R LXI,2014.0,80000.0,40000.0,Petrol,Individual,Manual,Second Owner,12.0,2.0,Maruti
Chevrolet Beat Diesel LS,2011.0,106000.0,50000.0,Diesel,Individual,Manual,First Owner,15.0,2.12,Chevrolet
Unknown,2009.0,180000.0,46730.0,Petrol,Individual,Manual,First Owner,17.0,3.851915257864327,Unknown
Datsun GO A,2015.0,250000.0,40000.0,Petrol,Individual,Manual,Second Owner,11.0,6.25,Datsun
Skoda Yeti Ambition 4WD,2011.0,350000.0,80000.0,Diesel,Individual,Manual,First Owner,15.0,4.375,Skoda
Maruti Zen LXi BSII,2002.0,60000.0,80000.0,Petrol,Individual,Manual,Second Owner,24.0,0.75,Maruti
Hyundai Verna CRDi 1.6 EX,2018.0,900000.0,24000.0,Diesel,Individual,Manual,First Owner,8.0,37.5,Hyundai
Ford Aspire Titanium Diesel BSIV,2017.0,700000.0,21170.0,Diesel,Dealer,Manual,First Owner,9.0,33.065658951346244,Ford
BMW 3 Series 320d Sport,2013.0,2000000.0,167223.0,Diesel,Dealer,Automatic,First Owner,13.0,11.960077262099114,BMW
Maruti Ertiga SHVS ZDI Plus,2017.0,1000000.0,40000.0,Diesel,Individual,Manual,First Owner,9.0,25.0,Maruti
BMW X1 sDrive 20d Exclusive,2011.0,1375000.0,60000.0,Diesel,Individual,Automatic,First Owner,15.0,22.916666666666668,BMW
Toyota Innova Crysta 2.4 VX MT,2016.0,1800000.0,60000.0,Diesel,Dealer,Manual,First Owner,10.0,30.0,Toyota
Chevrolet Tavera Neo 3 10 Seats BSIV,2007.0,160000.0,120000.0,Diesel,Individual,Manual,Third Owner,19.0,1.3333333333333333,Chevrolet
Mitsubishi Outlander 2.4,2012.0,525000.0,140000.0,Petrol,Individual,Automatic,First Owner,14.0,3.75,Mitsubishi
Mahindra XUV500 W8 2WD,2012.0,850000.0,212814.0,Diesel,Dealer,Manual,First Owner,14.0,3.9940981326416494,Mahindra
Maruti Baleno Alpha 1.3,2019.0,800000.0,30000.0,Diesel,Individual,Manual,First Owner,7.0,26.666666666666668,Maruti
Ford Figo Aspire 1.5 TDCi Titanium,2017.0,700000.0,88635.0,Diesel,Dealer,Manual,First Owner,9.0,7.897557398318948,Ford
Maruti Swift Dzire VDI,2018.0,800000.0,25000.0,Diesel,Individual,Manual,First Owner,8.0,32.0,Maruti
Hyundai i20 1.2 Spotz,2017.0,575000.0,20000.0,Petrol,Individual,Manual,Second Owner,9.0,28.75,Hyundai
Renault Duster 110PS Diesel RxZ,2012.0,350000.0,110000.0,Diesel,Individual,Manual,Second Owner,14.0,3.1818181818181817,Renault
Maruti Swift Vdi BSIII,2008.0,250000.0,120000.0,Diesel,Individual,Manual,Third Owner,18.0,2.0833333333333335,Maruti
Ford Endeavour Titanium 4X2,2011.0,600000.0,149674.0,Diesel,Dealer,Manual,First Owner,15.0,4.008712267995778,Ford
Unknown,2007.0,370000.0,100000.0,Diesel,Individual,Manual,Third Owner,19.0,3.7,Unknown
Maruti Baleno Vxi,2006.0,350000.0,120000.0,Petrol,Individual,Manual,Third Owner,20.0,2.9166666666666665,Maruti
Unknown,2003.0,50000.0,60000.0,Petrol,Individual,Manual,Second Owner,23.0,0.8333333333333334,Unknown
Unknown,2018.0,900000.0,25000.0,Diesel,Individual,Manual,First Owner,8.0,36.0,Unknown
Maruti Wagon R VXI BS IV,2014.0,300000.0,60000.0,Petrol,Individual,Manual,Second Owner,12.0,5.0,Maruti
Tata Indica LSI,2002.0,125000.0,40000.0,Petrol,Individual,Manual,First Owner,24.0,3.125,Tata
Maruti Swift Dzire VDI,2015.0,350000.0,60000.0,Diesel,Individual,Manual,Second Owner,11.0,5.833333333333333,Maruti
Toyota Etios Liva GD,2012.0,300000.0,50000.0,Diesel,Individual,Manual,Second Owner,14.0,6.0,Toyota
Tata Nano STD,2013.0,55000.0,25000.0,Petrol,Individual,Manual,Fourth & Above Owner,13.0,2.2,Tata
Hyundai Grand i10 Sportz,2016.0,350000.0,25000.0,Petrol,Individual,Manual,First Owner,10.0,14.0,Hyundai
Hyundai Grand i10 1.2 CRDi Asta,2019.0,755000.0,8000.0,Diesel,Individual,Manual,First Owner,7.0,94.375,Hyundai
Maruti Ertiga SHVS VDI,2017.0,720000.0,60000.0,Diesel,Individual,Manual,First Owner,9.0,12.0,Maruti
Mahindra Bolero SLX,2006.0,229999.0,200000.0,Diesel,Individual,Manual,Third Owner,20.0,1.149995,Mahindra
Mahindra Scorpio S7 140 BSIV,2018.0,1100000.0,20000.0,Diesel,Individual,Manual,First Owner,8.0,55.0,Mahindra
Volkswagen Polo Petrol Comfortline 1.2L,2013.0,400000.0,100000.0,Petrol,Individual,Manual,First Owner,13.0,4.0,Volkswagen
Unknown,2014.0,350000.0,70000.0,Petrol,Individual,Manual,Second Owner,12.0,5.0,Unknown
Chevrolet Beat Diesel PS,2012.0,159000.0,68000.0,Diesel,Dealer,Manual,First Owner,14.0,2.338235294117647,Chevrolet
Maruti Swift ZXi BSIV,2017.0,550000.0,38000.0,Petrol,Dealer,Manual,First Owner,9.0,14.473684210526315,Maruti
Maruti Ritz VDi,2013.0,335000.0,80000.0,Diesel,Dealer,Manual,First Owner,13.0,4.1875,Maruti
Tata Indigo CS Emax CNG GLX,2014.0,185000.0,72000.0,CNG,Dealer,Manual,First Owner,12.0,2.5694444444444446,Tata
Maruti Eeco 5 STR With AC Plus HTR CNG,2012.0,229999.0,60000.0,CNG,Dealer,Manual,First Owner,14.0,3.8333166666666667,Maruti
Maruti Estilo LXI,2014.0,225000.0,43000.0,Petrol,Dealer,Manual,First Owner,12.0,5.232558139534884,Maruti
Maruti Swift VXI with ABS,2007.0,250000.0,120000.0,Petrol,Individual,Manual,Second Owner,19.0,2.0833333333333335,Maruti
Tata Zest Quadrajet 1.3 XM,2015.0,400000.0,100000.0,Diesel,Individual,Manual,First Owner,11.0,4.0,Tata
Unknown,2014.0,470000.0,163000.0,Diesel,Individual,Manual,First Owner,12.0,2.8834355828220857,Unknown
Maruti Alto K10 VXI AGS Optional,2018.0,300000.0,25000.0,Petrol,Individual,Automatic,First Owner,8.0,12.0,Maruti
Maruti Alto LX,2011.0,145000.0,25000.0,Petrol,Individual,Manual,First Owner,15.0,5.8,Maruti
Maruti SX4 Vxi BSIII,2007.0,100000.0,90000.0,Petrol,Individual,Manual,Second Owner,19.0,1.1111111111111112,Maruti
Mahindra Scorpio SLE BSIV,2014.0,500000.0,70000.0,Diesel,Individual,Manual,Second Owner,12.0,7.142857142857143,Mahindra
Hyundai Santro Xing GLS CNG,2010.0,130000.0,98000.0,CNG,Individual,Manual,Second Owner,16.0,1.3265306122448979,Hyundai
Chevrolet Cruze LTZ,2010.0,240000.0,81925.0,Diesel,Individual,Manual,First Owner,16.0,2.929508696978944,Chevrolet
Ford Figo Diesel Celebration Edition,2013.0,150000.0,80000.0,Diesel,Individual,Manual,Second Owner,13.0,1.875,Ford
Renault KWID RXT Optional,2017.0,270000.0,40000.0,Petrol,Individual,Manual,First Owner,9.0,6.75,Renault
Maruti Swift Dzire VDI,2014.0,350000.0,90000.0,Diesel,Individual,Manual,First Owner,12.0,3.888888888888889,Maruti
Hyundai EON Era Plus,2012.0,200000.0,46000.0,Petrol,Individual,Manual,First Owner,14.0,4.3478260869565215,Hyundai
Mahindra XUV500 W6 2WD,2012.0,550000.0,80000.0,Diesel,Individual,Manual,First Owner,14.0,6.875,Mahindra
Renault KWID 1.0 RXT Optional,2018.0,325000.0,35000.0,Petrol,Individual,Manual,First Owner,8.0,9.285714285714286,Renault
Unknown,2017.0,860000.0,82080.0,Diesel,Individual,Automatic,First Owner,9.0,10.477582846003898,Unknown
Mahindra XUV500 W8 2WD,2012.0,600000.0,60000.0,Diesel,Individual,Manual,First Owner,14.0,10.0,Mahindra
Unknown,2009.0,125000.0,70000.0,Petrol,Individual,Manual,First Owner,17.0,1.7857142857142858,Unknown
Maruti 800 AC,2000.0,350000.0,40000.0,Petrol,Individual,Manual,Third Owner,26.0,8.75,Maruti
Chevrolet Tavera Neo 3 10 Seats BSIV,2010.0,300000.0,120000.0,Diesel,Individual,Manual,Third Owner,16.0,2.5,Chevrolet
Ford Fiesta 1.6 ZXi Duratec,2007.0,190000.0,60000.0,Petrol,Individual,Manual,Third Owner,19.0,3.1666666666666665,Ford
Maruti Ertiga VDI,2013.0,400000.0,110000.0,Diesel,Individual,Manual,First Owner,13.0,3.6363636363636362,Maruti
Tata Manza Aura Quadrajet BS IV,2011.0,260000.0,97000.0,Diesel,Individual,Manual,Second Owner,15.0,2.6804123711340204,Tata
Unknown,2017.0,400000.0,30000.0,Petrol,Individual,Manual,First Owner,9.0,13.333333333333334,Unknown
Hyundai i20 Sportz Petrol,2010.0,250000.0,60000.0,Petrol,Individual,Manual,First Owner,16.0,4.166666666666667,Hyundai
Hyundai Grand i10 1.2 Kappa Asta,2019.0,600000.0,60000.0,Petrol,Individual,Manual,First Owner,7.0,10.0,Hyundai
Maruti Zen Estilo VXI BSIV,2010.0,175000.0,52047.0,Petrol,Individual,Manual,First Owner,16.0,3.3623455722712166,Maruti
Toyota Innova 2.5 G (Diesel) 8 Seater BS IV,2014.0,450000.0,200000.0,Petrol,Individual,Manual,First Owner,12.0,2.25,Toyota
Tata Tiago 1.2 Revotron XZA,2019.0,350000.0,15000.0,Petrol,Individual,Automatic,Second Owner,7.0,23.333333333333332,Tata
Maruti Vitara Brezza ZDi,2018.0,800000.0,50000.0,Diesel,Individual,Manual,First Owner,8.0,16.0,Maruti
Maruti Swift VXI BSIII,2011.0,250000.0,70000.0,Petrol,Individual,Manual,Second Owner,15.0,3.5714285714285716,Maruti
Maruti Swift VXI BSIV,2014.0,600000.0,10000.0,Petrol,Individual,Manual,First Owner,12.0,60.0,Maruti
Maruti Swift VDI BSIV,2017.0,600000.0,90000.0,Diesel,Individual,Manual,First Owner,9.0,6.666666666666667,Maruti
Maruti Alto 800 LXI,2016.0,130000.0,40000.0,Petrol,Individual,Manual,First Owner,10.0,3.25,Maruti
Maruti Wagon R LXI,2006.0,350000.0,62009.0,Petrol,Individual,Manual,Second Owner,20.0,5.644341950362044,Maruti
Hyundai i20 Active 1.2 S,2017.0,595000.0,33100.0,Petrol,Individual,Manual,Second Owner,9.0,17.97583081570997,Hyundai
Hyundai EON Era Plus,2014.0,190000.0,40000.0,Petrol,Individual,Manual,Second Owner,12.0,4.75,Hyundai
Hyundai Santro GLS I - Euro I,2014.0,50000.0,120000.0,Petrol,Individual,Manual,Second Owner,12.0,0.4166666666666667,Hyundai
Maruti Wagon R LXI Minor,2007.0,95000.0,60000.0,Petrol,Individual,Manual,First Owner,19.0,1.5833333333333333,Maruti
Tata Safari Storme VX,2016.0,1000000.0,70000.0,Diesel,Individual,Manual,First Owner,10.0,14.285714285714286,Tata
Mahindra Scorpio REV 116,2006.0,220000.0,220000.0,Petrol,Individual,Manual,Second Owner,20.0,1.0,Mahindra
Mahindra Bolero SLX,2010.0,400000.0,50000.0,Diesel,Individual,Manual,First Owner,16.0,8.0,Mahindra
Datsun GO Plus A,2015.0,315000.0,45000.0,Petrol,Individual,Manual,Second Owner,11.0,7.0,Datsun
Toyota Fortuner 4x4 MT,2014.0,1000000.0,110000.0,Diesel,Individual,Manual,First Owner,12.0,9.090909090909092,Toyota
Ford Ecosport 1.5 DV5 MT Titanium,2014.0,500000.0,49000.0,Diesel,Individual,Manual,First Owner,12.0,10.204081632653061,Ford
Mahindra XUV500 W11 AT BSIV,2018.0,1600000.0,35000.0,Diesel,Individual,Automatic,First Owner,8.0,45.714285714285715,Mahindra
Mahindra Supro VX 8 Str,2017.0,500000.0,160000.0,Diesel,Individual,Manual,First Owner,9.0,3.125,Mahindra
Maruti Alto LX,2007.0,70000.0,180000.0,Petrol,Individual,Manual,Third Owner,19.0,0.3888888888888889,Maruti
Maruti 800 AC,2014.0,105000.0,60000.0,Petrol,Individual,Manual,Second Owner,12.0,1.75,Maruti
Ford Endeavour 2.5L 4X2 MT,2008.0,400000.0,110000.0,Diesel,Individual,Manual,First Owner,18.0,3.6363636363636362,Ford
Maruti Wagon R LXI,2004.0,80000.0,60000.0,Petrol,Individual,Manual,Third Owner,22.0,1.3333333333333333,Maruti
Maruti Alto 800 VXI,2014.0,300000.0,30000.0,Petrol,Individual,Manual,First Owner,12.0,10.0,Maruti
Mahindra KUV 100 D75 K2,2017.0,409999.0,40000.0,Petrol,Individual,Manual,First Owner,9.0,10.249975,Mahindra
Unknown,2014.0,250000.0,70000.0,Petrol,Individual,Manual,First Owner,12.0,3.5714285714285716,Unknown
Tata New Safari DICOR 2.2 EX 4x2,2010.0,250000.0,120000.0,Diesel,Individual,Manual,Second Owner,16.0,2.0833333333333335,Tata
Maruti Swift Dzire VDI,2012.0,215000.0,80000.0,Diesel,Individual,Manual,Third Owner,14.0,2.6875,Maruti
Toyota Fortuner 4x4 MT,2015.0,1400000.0,120000.0,Diesel,Individual,Manual,First Owner,11.0,11.666666666666666,Toyota
Honda Brio 1.2 VX MT,2018.0,475000.0,20000.0,Petrol,Individual,Manual,First Owner,8.0,23.75,Honda
Honda Brio 1.2 VX MT,2018.0,475000.0,22000.0,Petrol,Individual,Manual,First Owner,8.0,21.59090909090909,Honda
Chevrolet Spark 1.0 LS,2008.0,75000.0,35000.0,Petrol,Individual,Manual,Second Owner,18.0,2.142857142857143,Chevrolet
Chevrolet Sail Hatchback LS ABS,2013.0,200000.0,120000.0,Diesel,Individual,Manual,Second Owner,13.0,1.6666666666666667,Chevrolet
Tata Tiago NRG Petrol,2019.0,575000.0,8000.0,Petrol,Individual,Manual,First Owner,7.0,71.875,Tata
Maruti Ritz VDi,2014.0,150000.0,40000.0,Diesel,Individual,Manual,Second Owner,12.0,3.75,Maruti
Maruti Vitara Brezza ZDi Plus,2018.0,850000.0,10000.0,Petrol,Individual,Manual,First Owner,8.0,85.0,Maruti
Hyundai Santro Era,2019.0,350000.0,30000.0,Petrol,Individual,Manual,First Owner,7.0,11.666666666666666,Hyundai
Ford Endeavour 2.5L 4X2 MT,2011.0,550000.0,54000.0,Diesel,Individual,Manual,Second Owner,15.0,10.185185185185185,Ford
Hyundai Verna 1.4 VTVT,2017.0,330000.0,80577.0,Petrol,Individual,Manual,First Owner,9.0,4.095461484046316,Hyundai
Honda City i-DTEC V,2017.0,1044999.0,25000.0,Diesel,Individual,Manual,First Owner,9.0,41.79996,Honda
Hyundai Verna 1.6 CRDI,2011.0,300000.0,127500.0,Diesel,Individual,Manual,Second Owner,15.0,2.3529411764705883,Hyundai
Hyundai EON D Lite Plus,2015.0,235000.0,40903.0,Petrol,Dealer,Manual,First Owner,11.0,5.7452998557563015,Hyundai
Unknown,2011.0,120000.0,60000.0,Petrol,Individual,Manual,Third Owner,15.0,2.0,Unknown
Maruti Wagon R VXI,2004.0,130000.0,46000.0,Petrol,Individual,Manual,First Owner,22.0,2.8260869565217392,Maruti
Ford Endeavour 4x4 XLT,2004.0,275000.0,22288.0,Diesel,Dealer,Manual,Second Owner,22.0,12.338478104809763,Ford
Volkswagen Jetta 2.0 TDI Trendline,2011.0,270000.0,180000.0,Diesel,Individual,Manual,First Owner,15.0,1.5,Volkswagen
Volkswagen Polo 1.5 TDI Highline,2015.0,500000.0,30000.0,Diesel,Individual,Manual,Second Owner,11.0,16.666666666666668,Volkswagen
Hyundai Grand i10 Sportz,2015.0,400000.0,61690.0,Petrol,Dealer,Manual,First Owner,11.0,6.48403306856865,Hyundai
Hyundai i20 Asta 1.2,2014.0,600000.0,64484.0,Petrol,Dealer,Manual,First Owner,12.0,9.304633707586378,Hyundai
Audi Q5 2.0 TDI,2012.0,1350000.0,90000.0,Diesel,Individual,Automatic,Second Owner,14.0,15.0,Audi
Renault Duster 85PS Diesel RxE,2013.0,400000.0,75976.0,Diesel,Dealer,Manual,Second Owner,13.0,5.264820469621986,Renault
Ford Figo Diesel Titanium,2011.0,220000.0,70000.0,Diesel,Individual,Manual,Second Owner,15.0,3.142857142857143,Ford
Honda Brio E MT,2012.0,300000.0,85962.0,Petrol,Dealer,Manual,Second Owner,14.0,3.4899141481119567,Honda
Maruti Omni E MPI STD BS IV,2018.0,250000.0,120000.0,Petrol,Individual,Manual,First Owner,8.0,2.0833333333333335,Maruti
Honda Mobilio V i DTEC,2014.0,600000.0,60000.0,Diesel,Individual,Manual,First Owner,12.0,10.0,Honda
Honda Brio S Option AT,2012.0,285000.0,75000.0,Petrol,Individual,Automatic,Second Owner,14.0,3.8,Honda
Honda Accord 2.4 MT,2009.0,350000.0,57035.0,Petrol,Dealer,Manual,First Owner,17.0,6.136582800035066,Honda
Mahindra Bolero SLX,2011.0,170000.0,70000.0,Diesel,Individual,Manual,Third Owner,15.0,2.4285714285714284,Mahindra
Ford Figo 1.2P Ambiente MT,2014.0,229999.0,45000.0,Petrol,Individual,Manual,First Owner,12.0,5.111088888888889,Ford
Mahindra XUV500 W6 2WD,2013.0,500000.0,72104.0,Diesel,Dealer,Manual,Second Owner,13.0,6.93442804837457,Mahindra
Tata Nano Lx,2011.0,75000.0,15000.0,Petrol,Individual,Manual,First Owner,15.0,5.0,Tata
Hyundai i20 Active 1.2 SX,2016.0,600000.0,30000.0,Petrol,Individual,Manual,First Owner,10.0,20.0,Hyundai
Tata Indigo LS Dicor,2011.0,220000.0,80000.0,Diesel,Individual,Manual,First Owner,15.0,2.75,Tata
Tata Indica Vista Terra 1.4 TDI,2009.0,150000.0,164000.0,Diesel,Individual,Manual,Second Owner,17.0,0.9146341463414634,Tata
Maruti Alto LX,2006.0,65000.0,124439.0,Petrol,Individual,Manual,Second Owner,20.0,0.5223442811337282,Maruti
Maruti Zen VXI,2006.0,120000.0,77000.0,Petrol,Individual,Manual,Second Owner,20.0,1.5584415584415585,Maruti
Maruti Swift Dzire VDI,2014.0,240000.0,90000.0,Diesel,Individual,Manual,First Owner,12.0,2.6666666666666665,Maruti
Renault KWID 1.0 RXT Optional,2017.0,390000.0,30000.0,Petrol,Individual,Manual,First Owner,9.0,13.0,Renault
Chevrolet Beat LS,2012.0,180000.0,50000.0,Petrol,Individual,Manual,First Owner,14.0,3.6,Chevrolet
Maruti Swift VDI,2012.0,320000.0,80000.0,Diesel,Individual,Manual,Second Owner,14.0,4.0,Maruti
Maruti Alto 800 LXI,2014.0,310000.0,5000.0,Petrol,Individual,Manual,First Owner,12.0,62.0,Maruti
Maruti Wagon R AMT VXI,2018.0,420000.0,24000.0,Petrol,Individual,Automatic,First Owner,8.0,17.5,Maruti
Tata Tiago NRG Petrol,2019.0,550000.0,10000.0,Petrol,Individual,Manual,First Owner,7.0,55.0,Tata
Maruti Ertiga SHVS VDI,2016.0,550000.0,60000.0,Diesel,Individual,Manual,Third Owner,10.0,9.166666666666666,Maruti
Unknown,2018.0,760000.0,50000.0,Diesel,Individual,Manual,First Owner,8.0,15.2,Unknown
Maruti 800 AC BSII,2001.0,43000.0,100000.0,Petrol,Individual,Manual,Second Owner,25.0,0.43,Maruti
Unknown,2018.0,250000.0,20000.0,Petrol,Individual,Manual,First Owner,8.0,12.5,Unknown
Hyundai Santro Magna BSIV,2019.0,500000.0,1250.0,Petrol,Individual,Manual,First Owner,7.0,400.0,Hyundai
Tata Zest Revotron 1.2 XT,2015.0,380000.0,17152.0,Petrol,Individual,Manual,First Owner,11.0,22.154850746268657,Tata
Mahindra XUV500 W11 Option AT AWD,2019.0,1850000.0,60000.0,Diesel,Individual,Automatic,First Owner,7.0,30.833333333333332,Mahindra
Volkswagen Polo Diesel Trendline 1.2L,2012.0,350000.0,77000.0,Diesel,Individual,Manual,First Owner,14.0,4.545454545454546,Volkswagen
Hyundai Verna CRDi,2008.0,195000.0,90000.0,Diesel,Individual,Manual,Second Owner,18.0,2.1666666666666665,Hyundai
Chevrolet Beat LS,2011.0,225000.0,80000.0,Petrol,Individual,Manual,Second Owner,15.0,2.8125,Chevrolet
Toyota Innova 2.5 G (Diesel) 7 Seater,2015.0,1125000.0,65000.0,Diesel,Individual,Manual,First Owner,11.0,17.307692307692307,Toyota
Tata Indica Vista Quadrajet LX,2011.0,133000.0,80000.0,Diesel,Individual,Manual,First Owner,15.0,1.6625,Tata
Hyundai EON Era Plus,2013.0,200000.0,24005.0,Petrol,Individual,Manual,First Owner,13.0,8.3315975838367,Hyundai
Maruti Vitara Brezza ZDi Plus,2018.0,940000.0,20000.0,Diesel,Individual,Manual,First Owner,8.0,47.0,Maruti
Renault Duster 85PS Diesel RxL,2014.0,400000.0,120000.0,Diesel,Individual,Manual,First Owner,12.0,3.3333333333333335,Renault
Unknown,2009.0,120000.0,120000.0,Petrol,Individual,Manual,Second Owner,17.0,1.0,Unknown
Maruti Swift Dzire ZDI,2015.0,625000.0,80000.0,Diesel,Individual,Manual,First Owner,11.0,7.8125,Maruti
Unknown,2014.0,110000.0,80000.0,Petrol,Individual,Manual,First Owner,12.0,1.375,Unknown
Renault Duster 110PS Diesel RxZ,2012.0,490000.0,100000.0,Diesel,Individual,Manual,First Owner,14.0,4.9,Renault
Maruti Alto LX,2009.0,140000.0,120000.0,Petrol,Individual,Manual,Second Owner,17.0,1.1666666666666667,Maruti
Ford Figo Diesel ZXI,2011.0,175000.0,149000.0,Diesel,Individual,Manual,Second Owner,15.0,1.174496644295302,Ford
Maruti Wagon R LXI BSIII,2005.0,90000.0,65000.0,Petrol,Individual,Manual,Second Owner,21.0,1.3846153846153846,Maruti
Maruti Swift Ldi BSIV,2009.0,275000.0,100000.0,Diesel,Individual,Manual,Second Owner,17.0,2.75,Maruti
Volkswagen Vento Diesel Highline,2011.0,300000.0,65000.0,Diesel,Individual,Manual,Second Owner,15.0,4.615384615384615,Volkswagen
Datsun GO Plus T Option BSIV,2018.0,270000.0,19000.0,Petrol,Individual,Manual,Second Owner,8.0,14.210526315789474,Datsun
Chevrolet Beat LT,2010.0,130000.0,80000.0,Petrol,Individual,Manual,Second Owner,16.0,1.625,Chevrolet
Maruti Alto K10 VXI Airbag,2015.0,275000.0,30000.0,Petrol,Individual,Manual,First Owner,11.0,9.166666666666666,Maruti
Maruti Swift VDI,2012.0,352000.0,109000.0,Diesel,Individual,Manual,First Owner,14.0,3.229357798165138,Maruti
Hyundai EON LPG Magna Plus,2012.0,180000.0,60000.0,LPG,Individual,Manual,First Owner,14.0,3.0,Hyundai
Maruti Alto LX,2012.0,150000.0,90000.0,Petrol,Individual,Manual,First Owner,14.0,1.6666666666666667,Maruti
Unknown,2010.0,300000.0,110000.0,Diesel,Individual,Manual,Second Owner,16.0,2.727272727272727,Unknown
Mahindra Bolero DI DX 7 Seater,2007.0,225000.0,120000.0,Diesel,Individual,Manual,First Owner,19.0,1.875,Mahindra
Honda Mobilio V i DTEC,2014.0,600000.0,44000.0,Diesel,Individual,Manual,First Owner,12.0,13.636363636363637,Honda
Maruti Ertiga BSIV ZXI,2015.0,500000.0,80000.0,Petrol,Individual,Manual,First Owner,11.0,6.25,Maruti
Honda BR-V i-VTEC S MT,2018.0,900000.0,5000.0,Petrol,Individual,Manual,First Owner,8.0,180.0,Honda
Hyundai i20 Magna 1.2,2016.0,600000.0,61000.0,Petrol,Individual,Manual,First Owner,10.0,9.836065573770492,Hyundai
Toyota Etios VD,2011.0,350000.0,100000.0,Diesel,Individual,Manual,Second Owner,15.0,3.5,Toyota
Hyundai i10 Era 1.1,2009.0,270000.0,27633.0,Petrol,Individual,Manual,First Owner,17.0,9.77092606665943,Hyundai
Maruti Swift Vdi BSIII,2010.0,310000.0,60000.0,Diesel,Individual,Manual,Third Owner,16.0,5.166666666666667,Maruti
Hyundai Santro Xing GLS Audio LPG,2012.0,250000.0,100000.0,LPG,Individual,Manual,First Owner,14.0,2.5,Hyundai
Ford Figo 1.2P Titanium MT,2019.0,700000.0,12586.0,Petrol,Dealer,Manual,First Owner,7.0,55.61735261401557,Ford
Fiat Avventura Urban Cross 1.3 Multijet Emotion,2018.0,650000.0,38083.0,Diesel,Dealer,Manual,First Owner,8.0,17.067983089567523,Fiat
Ford Figo Diesel ZXI,2014.0,400000.0,55328.0,Diesel,Dealer,Manual,First Owner,12.0,7.2296124927703875,Ford
Ford Figo Diesel Titanium,2012.0,350000.0,81632.0,Diesel,Dealer,Manual,First Owner,14.0,4.287534300274403,Ford
Ford Aspire Titanium Diesel BSIV,2016.0,600000.0,155201.0,Diesel,Individual,Manual,First Owner,10.0,3.8659544719428354,Ford
Ford EcoSport 1.5 TDCi Titanium BSIV,2013.0,600000.0,93283.0,Diesel,Dealer,Manual,First Owner,13.0,6.432040135930448,Ford
Maruti Swift Ldi BSIII,2009.0,300000.0,217871.0,Diesel,Dealer,Manual,First Owner,17.0,1.3769615965410724,Maruti
Ford Fiesta Classic 1.4 Duratorq CLXI,2014.0,450000.0,90165.0,Diesel,Dealer,Manual,First Owner,12.0,4.990850108135086,Ford
Ford Ecosport 1.5 DV5 MT Titanium,2014.0,750000.0,101504.0,Diesel,Dealer,Manual,First Owner,12.0,7.388871374527112,Ford
Ford Figo Titanium Diesel BSIV,2010.0,325000.0,86017.0,Petrol,Individual,Manual,Second Owner,16.0,3.778322889661346,Ford
Mahindra XUV500 W8 2WD,2013.0,900000.0,85036.0,Diesel,Dealer,Manual,Second Owner,13.0,10.583752763535443,Mahindra
Ford Ikon 1.3L Rocam Flair,2006.0,350000.0,91086.0,Petrol,Dealer,Manual,Second Owner,20.0,3.842522451309751,Ford
Fiat Punto 1.3 Emotion,2013.0,350000.0,160254.0,Diesel,Dealer,Manual,Second Owner,13.0,2.1840328478540316,Fiat
Ford EcoSport 1.5 TDCi Titanium BSIV,2013.0,600000.0,125531.0,Diesel,Dealer,Manual,Second Owner,13.0,4.779695852020616,Ford
Honda WR-V i-DTEC V,2019.0,900000.0,60000.0,Petrol,Individual,Manual,First Owner,7.0,15.0,Honda
Skoda Laura L n K 1.9 PD,2006.0,350000.0,100000.0,Diesel,Individual,Manual,First Owner,20.0,3.5,Skoda
Maruti Ritz LDi,2013.0,280000.0,90000.0,Diesel,Individual,Manual,Third Owner,13.0,3.111111111111111,Maruti
Mahindra Xylo D2,2009.0,225000.0,120000.0,Diesel,Individual,Manual,Second Owner,17.0,1.875,Mahindra
Unknown,2014.0,520000.0,82000.0,Diesel,Individual,Manual,First Owner,12.0,6.341463414634147,Unknown
Unknown,2016.0,509999.0,60000.0,Diesel,Individual,Manual,First Owner,10.0,8.499983333333333,Unknown
Maruti Baleno Alpha 1.2,2019.0,556000.0,24000.0,Petrol,Individual,Manual,First Owner,7.0,23.166666666666668,Maruti
Tata Indigo Grand Dicor,2014.0,225000.0,120000.0,Diesel,Individual,Manual,First Owner,12.0,1.875,Tata
Honda Amaze EX i-Dtech,2013.0,325000.0,65000.0,Diesel,Dealer,Manual,First Owner,13.0,5.0,Honda
Maruti Swift VDI,2013.0,365000.0,65000.0,Diesel,Dealer,Manual,First Owner,13.0,5.615384615384615,Maruti
Hyundai Creta 1.6 CRDi SX Plus,2015.0,850000.0,84000.0,Diesel,Dealer,Manual,First Owner,11.0,10.119047619047619,Hyundai
Toyota Etios GD SP,2013.0,350000.0,75000.0,Diesel,Dealer,Manual,First Owner,13.0,4.666666666666667,Toyota
Maruti Swift VDI,2014.0,225000.0,60000.0,Diesel,Individual,Manual,First Owner,12.0,3.75,Maruti
Maruti Alto LX,2011.0,135000.0,50000.0,Petrol,Individual,Manual,First Owner,15.0,2.7,Maruti
Maruti Wagon R LXI Minor,2007.0,140000.0,49000.0,Petrol,Dealer,Manual,First Owner,19.0,2.857142857142857,Maruti
Maruti SX4 S Cross DDiS 320 Delta,2016.0,665000.0,560000.0,Diesel,Dealer,Manual,First Owner,10.0,1.1875,Maruti
Renault KWID RXT,2015.0,275000.0,14365.0,Petrol,Dealer,Manual,First Owner,11.0,19.143752175426382,Renault
Toyota Fortuner 2.8 4WD AT BSIV,2017.0,2750000.0,41000.0,Diesel,Individual,Automatic,First Owner,9.0,67.07317073170732,Toyota
Unknown,2013.0,484999.0,65000.0,Diesel,Dealer,Manual,First Owner,13.0,7.4615230769230765,Unknown
Maruti Ciaz VDi Option SHVS,2015.0,565000.0,65000.0,Diesel,Dealer,Manual,First Owner,11.0,8.692307692307692,Maruti
Maruti Swift Dzire VDI,2013.0,425000.0,61083.0,Diesel,Dealer,Manual,First Owner,13.0,6.957746017713603,Maruti
Toyota Innova 2.5 VX (Diesel) 8 Seater,2013.0,925000.0,75000.0,Diesel,Individual,Manual,First Owner,13.0,12.333333333333334,Toyota
Mahindra Scorpio VLX 2WD AIRBAG SE BSIV,2012.0,350000.0,72000.0,Diesel,Dealer,Manual,First Owner,14.0,4.861111111111111,Mahindra
Renault Duster 110PS Diesel RxL,2014.0,525000.0,65000.0,Diesel,Dealer,Manual,First Owner,12.0,8.076923076923077,Renault
Hyundai Tucson 2.0 e-VGT 2WD MT,2017.0,350000.0,55000.0,Diesel,Dealer,Manual,First Owner,9.0,6.363636363636363,Hyundai
Hyundai EON Era Plus,2015.0,295000.0,21000.0,Petrol,Dealer,Manual,First Owner,11.0,14.047619047619047,Hyundai
Jaguar XF 5.0 Litre V8 Petrol,2012.0,2050000.0,66363.0,Petrol,Dealer,Automatic,Second Owner,14.0,30.890707171164657,Jaguar
Hyundai Creta 1.6 VTVT AT SX Plus,2018.0,1475000.0,11700.0,Petrol,Dealer,Automatic,First Owner,8.0,126.06837606837607,Hyundai
Hyundai Verna VTVT 1.6 AT SX Option,2017.0,1100000.0,10000.0,Petrol,Individual,Automatic,First Owner,9.0,110.0,Hyundai
Mercedes-Benz GL-Class 350 CDI Blue Efficiency,2014.0,4400000.0,100000.0,Diesel,Individual,Automatic,Second Owner,12.0,44.0,Mercedes-Benz
Maruti Swift ZXI BSIV,2016.0,670000.0,60000.0,Petrol,Trustmark Dealer,Manual,First Owner,10.0,11.166666666666666,Maruti
Maruti S-Cross Zeta DDiS 200 SH,2015.0,750000.0,45974.0,Diesel,Trustmark Dealer,Manual,First Owner,11.0,16.313568538739286,Maruti
Hyundai Verna 1.6 VTVT SX,2015.0,760000.0,55340.0,Petrol,Trustmark Dealer,Manual,First Owner,11.0,13.733285146367907,Hyundai
Volkswagen Polo GTI,2017.0,850000.0,20000.0,Petrol,Dealer,Automatic,Second Owner,9.0,42.5,Volkswagen
Renault Pulse RxL,2015.0,390000.0,61585.0,Diesel,Trustmark Dealer,Manual,First Owner,11.0,6.332710887391411,Renault
Maruti Celerio VXI AMT BSIV,2016.0,450000.0,39415.0,Petrol,Trustmark Dealer,Automatic,Second Owner,10.0,11.41697323354053,Maruti
Honda Brio V MT,2014.0,425000.0,29654.0,Petrol,Trustmark Dealer,Manual,First Owner,12.0,14.331961961286842,Honda
Maruti Baleno Alpha 1.3,2016.0,770000.0,64672.0,Diesel,Trustmark Dealer,Manual,First Owner,10.0,11.906234537357744,Maruti
Hyundai Creta 1.6 SX Automatic Diesel,2014.0,1150000.0,54634.0,Diesel,Trustmark Dealer,Automatic,Second Owner,12.0,21.049163524545154,Hyundai
Honda City i VTEC V,2015.0,775000.0,66521.0,Petrol,Individual,Manual,First Owner,11.0,11.650456246899475,Honda
Toyota Innova Crysta 2.4 GX AT,2018.0,1725000.0,23974.0,Diesel,Dealer,Automatic,Second Owner,8.0,71.95294902811379,Toyota
BMW 3 Series 320d Luxury Line,2014.0,2150000.0,60000.0,Petrol,Individual,Automatic,First Owner,12.0,35.833333333333336,BMW
Renault Duster 85PS Diesel RxL,2013.0,450000.0,1000.0,Diesel,Dealer,Manual,Second Owner,13.0,450.0,Renault
Mercedes-Benz C-Class Progressive C 220d,2018.0,3800000.0,10000.0,Diesel,Dealer,Automatic,First Owner,8.0,380.0,Mercedes-Benz
Audi A4 3.0 TDI Quattro,2013.0,1580000.0,86000.0,Diesel,Dealer,Manual,First Owner,13.0,18.372093023255815,Audi
BMW X5 xDrive 30d xLine,2019.0,4950000.0,30000.0,Diesel,Individual,Automatic,First Owner,7.0,165.0,BMW
Hyundai Creta 1.6 CRDi SX,2016.0,350000.0,52600.0,Diesel,Individual,Manual,First Owner,10.0,6.653992395437262,Hyundai
Unknown,2012.0,225000.0,110000.0,Petrol,Individual,Manual,Second Owner,14.0,2.0454545454545454,Unknown
Hyundai Grand i10 1.2 Kappa Magna AT,2017.0,550000.0,19890.0,Petrol,Dealer,Automatic,First Owner,9.0,27.65208647561589,Hyundai
Maruti Swift ZXI BSIV,2016.0,670000.0,7104.0,Petrol,Trustmark Dealer,Manual,First Owner,10.0,94.31306306306307,Maruti
Maruti Ertiga VXI,2014.0,625000.0,11918.0,Petrol,Trustmark Dealer,Manual,First Owner,12.0,52.44168484645075,Maruti
Hyundai Grand i10 Magna AT,2017.0,520000.0,10510.0,Petrol,Dealer,Automatic,First Owner,9.0,49.476688867745004,Hyundai
Chevrolet Beat LT Option,2016.0,239000.0,41000.0,Petrol,Dealer,Manual,First Owner,10.0,5.829268292682927,Chevrolet
Unknown,2017.0,2600000.0,47162.0,Diesel,Individual,Automatic,First Owner,9.0,55.12912938382596,Unknown
Hyundai i10 Magna,2012.0,229999.0,60000.0,Petrol,Dealer,Manual,First Owner,14.0,3.8333166666666667,Hyundai
Audi A6 2.0 TDI Premium Plus,2013.0,1300000.0,58500.0,Diesel,Dealer,Automatic,First Owner,13.0,22.22222222222222,Audi
Hyundai Santro GS,2005.0,80000.0,56580.0,Petrol,Dealer,Manual,First Owner,21.0,1.4139271827500883,Hyundai
Skoda Laura Ambiente 2.0 TDI CR MT,2012.0,385000.0,60000.0,Diesel,Dealer,Manual,First Owner,14.0,6.416666666666667,Skoda
Maruti Swift Dzire VDI,2017.0,350000.0,46507.0,Diesel,Trustmark Dealer,Manual,First Owner,9.0,7.525748812006794,Maruti
Audi A4 3.0 TDI Quattro,2013.0,1580000.0,86000.0,Diesel,Dealer,Automatic,First Owner,13.0,18.372093023255815,Audi
BMW X5 xDrive 30d xLine,2019.0,4950000.0,30000.0,Diesel,Dealer,Automatic,First Owner,7.0,165.0,BMW
Hyundai Creta 1.6 CRDi SX,2016.0,535000.0,52600.0,Diesel,Individual,Manual,First Owner,10.0,10.171102661596958,Hyundai
Maruti SX4 Vxi BSIV,2012.0,225000.0,110000.0,Petrol,Individual,Manual,Second Owner,14.0,2.0454545454545454,Maruti
Hyundai Grand i10 1.2 Kappa Magna AT,2017.0,550000.0,19890.0,Petrol,Dealer,Manual,First Owner,9.0,27.65208647561589,Hyundai
Maruti Ertiga VXI,2015.0,625000.0,11918.0,Petrol,Trustmark Dealer,Manual,First Owner,11.0,52.44168484645075,Maruti
Toyota Fortuner 4x2 AT,2017.0,2600000.0,47162.0,Diesel,Trustmark Dealer,Automatic,First Owner,9.0,55.12912938382596,Toyota
Hyundai i10 Magna,2014.0,229999.0,60000.0,Petrol,Dealer,Manual,First Owner,12.0,3.8333166666666667,Hyundai
Audi A6 2.0 TDI Premium Plus,2013.0,350000.0,58500.0,Diesel,Dealer,Automatic,First Owner,13.0,5.982905982905983,Audi
Skoda Laura Ambiente 2.0 TDI CR MT,2012.0,385000.0,52000.0,Diesel,Dealer,Manual,First Owner,14.0,7.403846153846154,Skoda
Maruti Swift Dzire VDI,2017.0,600000.0,46507.0,Diesel,Trustmark Dealer,Manual,First Owner,9.0,12.901283677725933,Maruti
Audi A4 3.0 TDI Quattro,2013.0,1580000.0,86000.0,Petrol,Dealer,Automatic,First Owner,13.0,18.372093023255815,Audi
Maruti Ertiga VXI,2015.0,350000.0,60000.0,Petrol,Trustmark Dealer,Manual,First Owner,11.0,5.833333333333333,Maruti
Unknown,2017.0,520000.0,60000.0,Petrol,Dealer,Automatic,First Owner,9.0,8.666666666666666,Unknown
Toyota Fortuner 4x2 AT,2017.0,2600000.0,47162.0,Petrol,Trustmark Dealer,Automatic,First Owner,9.0,55.12912938382596,Toyota
Hyundai i10 Magna,2012.0,229999.0,49824.0,Petrol,Dealer,Manual,First Owner,14.0,4.616229126525369,Hyundai
Hyundai Verna 1.6 VTVT SX,2015.0,760000.0,60000.0,Petrol,Individual,Manual,First Owner,11.0,12.666666666666666,Hyundai
Unknown,2018.0,3800000.0,10000.0,Petrol,Dealer,Automatic,First Owner,8.0,380.0,Unknown
Audi A4 3.0 TDI Quattro,2014.0,1580000.0,86000.0,Diesel,Dealer,Automatic,First Owner,12.0,18.372093023255815,Audi
BMW X5 xDrive 30d xLine,2019.0,4950000.0,30000.0,Petrol,Dealer,Automatic,First Owner,7.0,165.0,BMW
Unknown,2016.0,670000.0,7104.0,Petrol,Trustmark Dealer,Manual,First Owner,10.0,94.31306306306307,Unknown
Unknown,2013.0,350000.0,50000.0,Petrol,Individual,Manual,Second Owner,13.0,7.0,Unknown
Maruti Alto 800 LXI,2014.0,114999.0,30000.0,Petrol,Individual,Manual,First Owner,12.0,3.8333,Maruti
Hyundai i20 Sportz 1.2,2013.0,380000.0,50000.0,Petrol,Individual,Manual,Second Owner,13.0,7.6,Hyundai
Maruti Gypsy E MG410W ST,1995.0,95000.0,100000.0,Petrol,Individual,Manual,Second Owner,31.0,0.95,Maruti
Mahindra Scorpio 1.99 S6 Plus,2016.0,900000.0,60000.0,Petrol,Individual,Manual,First Owner,10.0,15.0,Mahindra
Chevrolet Beat LT,2012.0,200999.0,90000.0,Petrol,Individual,Manual,Second Owner,14.0,2.233322222222222,Chevrolet
Maruti Omni E MPI STD BS IV,2014.0,229999.0,11451.0,Petrol,Individual,Manual,First Owner,12.0,20.085494716618637,Maruti
Tata Nexon 1.5 Revotorq XZ,2019.0,800000.0,60000.0,Diesel,Individual,Manual,First Owner,7.0,13.333333333333334,Tata
Mahindra Verito 1.5 D4 BSIV,2012.0,150000.0,172000.0,Diesel,Individual,Manual,Second Owner,14.0,0.872093023255814,Mahindra
Maruti Swift VDI,2018.0,600000.0,60000.0,Diesel,Individual,Manual,First Owner,8.0,10.0,Maruti
Chevrolet Tavera LS B3 7 Seats BSII,2014.0,150000.0,150000.0,Diesel,Individual,Manual,First Owner,12.0,1.0,Chevrolet
Chevrolet Optra Magnum 2.0 LS,2014.0,150000.0,66000.0,Diesel,Individual,Manual,First Owner,12.0,2.272727272727273,Chevrolet
Unknown,2019.0,380000.0,5000.0,Petrol,Individual,Manual,First Owner,7.0,76.0,Unknown
Maruti Swift 1.3 VXi,2006.0,80000.0,66508.0,Petrol,Individual,Manual,Second Owner,20.0,1.2028628134961208,Maruti
Honda Civic 1.8 MT Sport,2007.0,225000.0,55000.0,Petrol,Individual,Manual,Second Owner,19.0,4.090909090909091,Honda
Tata Nano Lx BSIV,2012.0,75000.0,29900.0,Petrol,Individual,Manual,First Owner,14.0,2.508361204013378,Tata
Tata Hexa XT 4X4,2017.0,1600000.0,3000.0,Diesel,Individual,Manual,First Owner,9.0,533.3333333333334,Tata
Tata Indica Vista Quadrajet VX,2012.0,185000.0,85000.0,Diesel,Individual,Manual,First Owner,14.0,2.176470588235294,Tata
Mahindra Scorpio 2.6 CRDe SLE,2011.0,425000.0,50000.0,Diesel,Individual,Manual,First Owner,15.0,8.5,Mahindra
Tata Indica Vista Aqua 1.4 TDI,2010.0,100000.0,120000.0,Diesel,Individual,Manual,Second Owner,16.0,0.8333333333333334,Tata
Maruti Zen Estilo LXI BSIII,2008.0,140000.0,90000.0,Petrol,Individual,Manual,Third Owner,18.0,1.5555555555555556,Maruti
Maruti Swift Dzire AMT ZXI Plus BS IV,2017.0,710000.0,8000.0,Petrol,Individual,Automatic,First Owner,9.0,88.75,Maruti
Honda Amaze S AT i-Vtech,2015.0,450000.0,7900.0,Petrol,Individual,Automatic,First Owner,11.0,56.962025316455694,Honda
Datsun RediGO T Option,2017.0,210000.0,60000.0,Petrol,Individual,Manual,First Owner,9.0,3.5,Datsun
Maruti Alto K10 VXI,2016.0,270000.0,25000.0,Petrol,Individual,Manual,First Owner,10.0,10.8,Maruti
Maruti Alto LXi,2009.0,110000.0,20000.0,Petrol,Individual,Manual,First Owner,17.0,5.5,Maruti
Maruti Swift VXI,2014.0,540000.0,17500.0,Petrol,Individual,Manual,First Owner,12.0,30.857142857142858,Maruti
Mahindra Renault Logan 1.4 GLX Petrol,2008.0,145000.0,25000.0,Petrol,Individual,Manual,First Owner,18.0,5.8,Mahindra
Tata Safari Storme VX,2013.0,360000.0,206500.0,Diesel,Individual,Manual,First Owner,13.0,1.7433414043583535,Tata
Hyundai i10 Magna LPG,2013.0,250000.0,88600.0,LPG,Individual,Manual,First Owner,13.0,2.8216704288939054,Hyundai
Tata Venture EX,2012.0,110000.0,80000.0,Diesel,Individual,Manual,First Owner,14.0,1.375,Tata
Chevrolet Captiva LT,2008.0,250000.0,100000.0,Petrol,Individual,Manual,Fourth & Above Owner,18.0,2.5,Chevrolet
Ford Fiesta Classic 1.4 Duratorq CLXI,2011.0,150000.0,186000.0,Diesel,Individual,Manual,Second Owner,15.0,0.8064516129032258,Ford
Chevrolet Aveo U-VA 1.2 LS,2010.0,140000.0,60000.0,Petrol,Individual,Manual,First Owner,16.0,2.3333333333333335,Chevrolet
Maruti Ciaz Zeta BSIV,2019.0,925000.0,11000.0,Petrol,Individual,Manual,First Owner,7.0,84.0909090909091,Maruti
Tata Hexa XM,2017.0,969999.0,60000.0,Diesel,Individual,Manual,First Owner,9.0,16.16665,Tata
Hyundai Santro Xing GL PLUS CNG,2007.0,350000.0,80000.0,CNG,Individual,Manual,Third Owner,19.0,4.375,Hyundai
Hyundai Santro GLS I - Euro I,2001.0,55000.0,60000.0,Petrol,Individual,Manual,Third Owner,25.0,0.9166666666666666,Hyundai
Hyundai Verna CRDi,2007.0,155000.0,100000.0,Diesel,Individual,Manual,Fourth & Above Owner,19.0,1.55,Hyundai
Mahindra Thar CRDe ABS,2019.0,900000.0,15000.0,Diesel,Individual,Manual,First Owner,7.0,60.0,Mahindra
Maruti Alto K10 2010-2014 VXI,2011.0,135000.0,90000.0,Petrol,Individual,Manual,First Owner,15.0,1.5,Maruti
Maruti 800 AC,2012.0,180000.0,120000.0,Petrol,Individual,Manual,First Owner,14.0,1.5,Maruti
Hyundai Verna 1.6 SX,2013.0,495000.0,100000.0,Diesel,Individual,Manual,Second Owner,13.0,4.95,Hyundai
Toyota Innova 2.5 V Diesel 8-seater,2009.0,400000.0,60000.0,Diesel,Individual,Manual,Third Owner,17.0,6.666666666666667,Toyota
Hyundai Verna CRDi,2008.0,250000.0,110000.0,Diesel,Individual,Manual,Second Owner,18.0,2.272727272727273,Hyundai
Maruti Alto K10 LXI,2015.0,138000.0,120000.0,Petrol,Individual,Manual,Fourth & Above Owner,11.0,1.15,Maruti
Honda City 1.5 V AT,2011.0,311000.0,70000.0,Petrol,Individual,Automatic,Second Owner,15.0,4.442857142857143,Honda
Maruti Alto 800 VXI,2015.0,190000.0,70000.0,Petrol,Individual,Manual,First Owner,11.0,2.7142857142857144,Maruti
Mahindra Bolero SLX,2014.0,311000.0,140000.0,Diesel,Individual,Manual,First Owner,12.0,2.2214285714285715,Mahindra
Maruti Ritz LXI,2009.0,300000.0,15000.0,Petrol,Individual,Manual,First Owner,17.0,20.0,Maruti
Honda Jazz VX,2018.0,600000.0,20000.0,Petrol,Individual,Manual,First Owner,8.0,30.0,Honda
Mahindra Scorpio SLE BSIII,2009.0,550000.0,100000.0,Diesel,Individual,Manual,First Owner,17.0,5.5,Mahindra
Skoda Rapid 1.6 MPI AT Elegance Plus,2015.0,600000.0,70000.0,Petrol,Individual,Automatic,First Owner,11.0,8.571428571428571,Skoda
Maruti Alto 800 VXI,2018.0,195000.0,5000.0,Petrol,Individual,Manual,First Owner,8.0,39.0,Maruti
Tata Nano LX,2013.0,58000.0,27974.0,Petrol,Individual,Manual,First Owner,13.0,2.0733538285550868,Tata
Maruti Alto 800 VXI,2018.0,183000.0,40000.0,Petrol,Individual,Manual,First Owner,8.0,4.575,Maruti
Maruti Zen Estilo 1.1 VXI BSIII,2007.0,95000.0,80000.0,Petrol,Individual,Manual,First Owner,19.0,1.1875,Maruti
Maruti Wagon R LX Minor,2013.0,250000.0,38000.0,Petrol,Individual,Manual,First Owner,13.0,6.578947368421052,Maruti
Tata Zest Revotron 1.2 XT,2014.0,400000.0,35000.0,Petrol,Individual,Manual,First Owner,12.0,11.428571428571429,Tata
Hyundai Verna 1.6 SX CRDi (O),2012.0,409999.0,60000.0,Petrol,Individual,Manual,Second Owner,14.0,6.833316666666667,Hyundai
Skoda Octavia Classic 1.9 TDI MT,2004.0,120000.0,120000.0,Diesel,Individual,Manual,Second Owner,22.0,1.0,Skoda
Maruti Swift AMT VXI,2018.0,600000.0,18000.0,Petrol,Individual,Automatic,First Owner,8.0,33.333333333333336,Maruti
Honda Amaze SX i-VTEC,2016.0,600000.0,10000.0,Petrol,Individual,Manual,First Owner,10.0,60.0,Honda
Mahindra XUV500 W6 2WD,2015.0,350000.0,90000.0,Diesel,Individual,Manual,Third Owner,11.0,3.888888888888889,Mahindra
Toyota Etios GD,2016.0,625000.0,80000.0,Diesel,Individual,Manual,Second Owner,10.0,7.8125,Toyota
Hyundai Grand i10 Nios Magna CRDi,2020.0,700000.0,1400.0,Diesel,Individual,Manual,First Owner,6.0,500.0,Hyundai
Chevrolet Beat LS,2011.0,160000.0,60000.0,Petrol,Individual,Manual,First Owner,15.0,2.6666666666666665,Chevrolet
Maruti Alto LX,2011.0,114999.0,60000.0,Petrol,Individual,Manual,Third Owner,15.0,1.91665,Maruti
Maruti Wagon R LXI Minor,2009.0,150000.0,53000.0,Petrol,Individual,Manual,First Owner,17.0,2.830188679245283,Maruti
Volkswagen Jetta 1.9 L TDI,2010.0,250000.0,100000.0,Diesel,Dealer,Manual,First Owner,16.0,2.5,Volkswagen
Hyundai Verna 1.6 SX,2012.0,390000.0,86000.0,Diesel,Dealer,Manual,Second Owner,14.0,4.534883720930233,Hyundai
Renault Duster 85PS Diesel RxL,2015.0,350000.0,100000.0,Diesel,Individual,Manual,First Owner,11.0,3.5,Renault
Unknown,2016.0,600000.0,30000.0,Diesel,Individual,Manual,First Owner,10.0,20.0,Unknown
Hyundai i20 1.2 Sportz,2011.0,250000.0,120000.0,Petrol,Individual,Manual,First Owner,15.0,2.0833333333333335,Hyundai
Hyundai Santro Xing GL Plus LPG,2011.0,229999.0,60000.0,LPG,Individual,Manual,Second Owner,15.0,3.8333166666666667,Hyundai
Unknown,2016.0,299000.0,50000.0,Diesel,Individual,Manual,Second Owner,10.0,5.98,Unknown
Chevrolet Cruze LTZ,2010.0,330000.0,124000.0,Diesel,Individual,Manual,Second Owner,16.0,2.661290322580645,Chevrolet
Hyundai Accent Executive,2012.0,180000.0,100000.0,Petrol,Individual,Manual,Third Owner,14.0,1.8,Hyundai
Hyundai Grand i10 1.2 Kappa Asta,2017.0,475000.0,42000.0,Petrol,Individual,Manual,First Owner,9.0,11.30952380952381,Hyundai
Hyundai Grand i10 CRDi Sportz,2015.0,325000.0,100000.0,Diesel,Individual,Manual,First Owner,11.0,3.25,Hyundai
Honda City i VTEC V,2016.0,639000.0,28205.0,Petrol,Dealer,Manual,First Owner,10.0,22.65555752526148,Honda
Maruti Celerio VXI AT,2017.0,415000.0,32670.0,Petrol,Dealer,Automatic,First Owner,9.0,12.702785430058157,Maruti
Hyundai Creta 1.6 CRDi AT SX Plus,2016.0,1199000.0,30093.0,Diesel,Dealer,Automatic,First Owner,10.0,39.8431528926993,Hyundai
Maruti Ertiga VXI CNG,2013.0,525000.0,56228.0,CNG,Dealer,Manual,First Owner,13.0,9.336985131962724,Maruti
Hyundai Verna 1.6 SX VTVT,2013.0,425000.0,59319.0,Petrol,Dealer,Manual,First Owner,13.0,7.164652135066336,Hyundai
Maruti Vitara Brezza VDi,2016.0,699000.0,39503.0,Petrol,Dealer,Manual,First Owner,10.0,17.694858618332784,Maruti
Hyundai Grand i10 1.2 Kappa Sportz Dual Tone,2013.0,350000.0,35299.0,Petrol,Dealer,Manual,First Owner,13.0,9.915295050851299,Hyundai
Toyota Etios V,2011.0,350000.0,51687.0,Petrol,Dealer,Manual,First Owner,15.0,6.771528624218856,Toyota
Volkswagen Vento Petrol Highline AT,2011.0,269000.0,76259.0,Petrol,Dealer,Automatic,First Owner,15.0,3.5274524974101418,Volkswagen
Volkswagen Polo Diesel Highline 1.2L,2013.0,399000.0,44049.0,Petrol,Dealer,Manual,First Owner,13.0,9.058094394878431,Volkswagen
Mahindra KUV 100 mFALCON D75 K8,2017.0,350000.0,45087.0,Diesel,Dealer,Manual,First Owner,9.0,7.76276975624903,Mahindra
Toyota Etios V,2011.0,249000.0,41125.0,Petrol,Individual,Manual,First Owner,15.0,6.054711246200608,Toyota
Audi A4 New  2.0 TDI Multitronic,2014.0,1549000.0,42215.0,Diesel,Dealer,Automatic,First Owner,12.0,36.69311855975364,Audi
Unknown,2011.0,254999.0,54206.0,Petrol,Dealer,Manual,First Owner,15.0,4.7042578312363945,Unknown
Skoda Rapid 1.6 MPI Active,2012.0,269000.0,52547.0,Petrol,Dealer,Manual,First Owner,14.0,5.119226597141607,Skoda
Maruti Ertiga ZDI,2014.0,665000.0,59110.0,Diesel,Individual,Manual,First Owner,12.0,11.250211470140416,Maruti
Maruti Wagon R Stingray LXI,2014.0,299000.0,54565.0,Petrol,Individual,Manual,First Owner,12.0,5.479703106386878,Maruti
Hyundai i20 Asta,2010.0,265000.0,47564.0,Petrol,Dealer,Manual,Second Owner,16.0,5.571440585316626,Hyundai
Volkswagen Polo Petrol Highline 1.2L,2010.0,211000.0,45143.0,Petrol,Dealer,Manual,Second Owner,16.0,4.674035841658729,Volkswagen
Skoda Superb 1.8 TSI,2013.0,599000.0,61624.0,Petrol,Dealer,Automatic,Second Owner,13.0,9.720238867973517,Skoda
Tata Indigo LS,2014.0,55000.0,195000.0,Diesel,Individual,Manual,Third Owner,12.0,0.28205128205128205,Tata
Hyundai Verna 1.6 SX CRDi (O),2014.0,550000.0,50000.0,Diesel,Individual,Manual,First Owner,12.0,11.0,Hyundai
Land Rover Discovery Sport TD4 HSE 7S,2018.0,4000000.0,68000.0,Diesel,Individual,Automatic,First Owner,8.0,58.8235294117647,Land
Tata Sumo GX TC 8 Str,2010.0,220000.0,120000.0,Diesel,Individual,Manual,Second Owner,16.0,1.8333333333333333,Tata
Maruti Swift VXI,2019.0,500000.0,20000.0,Petrol,Individual,Manual,First Owner,7.0,25.0,Maruti
Maruti Alto LXi,2010.0,140000.0,30000.0,Petrol,Individual,Manual,First Owner,16.0,4.666666666666667,Maruti
Maruti Swift VDI,2013.0,325000.0,60000.0,Diesel,Individual,Manual,First Owner,13.0,5.416666666666667,Maruti
Hyundai i20 Magna,2010.0,210000.0,90000.0,Petrol,Individual,Manual,Third Owner,16.0,2.3333333333333335,Hyundai
Maruti Alto LXi,2008.0,110000.0,90000.0,Petrol,Individual,Manual,Second Owner,18.0,1.2222222222222223,Maruti
Hyundai Verna CRDi 1.6 SX Option,2019.0,1200000.0,25000.0,Diesel,Individual,Manual,First Owner,7.0,48.0,Hyundai
Maruti Alto 800 VXI,2017.0,229999.0,40000.0,Petrol,Individual,Manual,First Owner,9.0,5.749975,Maruti
Maruti SX4 Vxi BSIV,2012.0,225000.0,60000.0,Petrol,Individual,Manual,Second Owner,14.0,3.75,Maruti
Maruti Alto 800 LXI,2006.0,165000.0,132000.0,Petrol,Individual,Manual,First Owner,20.0,1.25,Maruti
Tata Tiago XZA AMT,2018.0,525000.0,60000.0,Petrol,Dealer,Automatic,First Owner,8.0,8.75,Tata
Hyundai EON Era Plus,2018.0,325000.0,20629.0,Petrol,Dealer,Manual,First Owner,8.0,15.754520335450094,Hyundai
Toyota Innova Crysta 2.4 VX MT BSIV,2018.0,1500000.0,50000.0,Diesel,Individual,Manual,First Owner,8.0,30.0,Toyota
Hyundai Grand i10 AT Asta,2015.0,400000.0,30000.0,Petrol,Individual,Automatic,First Owner,11.0,13.333333333333334,Hyundai
Maruti Ciaz VXi,2015.0,550000.0,69782.0,Petrol,Dealer,Manual,First Owner,11.0,7.8816886876271814,Maruti
Maruti 800 Std,2014.0,98000.0,54000.0,Petrol,Individual,Manual,First Owner,12.0,1.8148148148148149,Maruti
Mahindra XUV500 W8 4WD,2013.0,900000.0,63654.0,Diesel,Dealer,Manual,First Owner,13.0,14.138938637006316,Mahindra
Renault Lodgy 85PS RxL,2017.0,700000.0,60000.0,Diesel,Individual,Manual,First Owner,9.0,11.666666666666666,Renault
Mahindra Scorpio S6 Plus 7 Seater,2014.0,890000.0,52000.0,Diesel,Dealer,Manual,First Owner,12.0,17.115384615384617,Mahindra
Maruti Swift LDI BSIV,2014.0,490000.0,59385.0,Diesel,Dealer,Manual,First Owner,12.0,8.251241896101709,Maruti
Hyundai i20 2015-2017 Magna 1.2,2015.0,525000.0,70378.0,Petrol,Dealer,Manual,First Owner,11.0,7.45971752536304,Hyundai
Maruti Wagon R LXI BS IV,2013.0,330000.0,55425.0,Petrol,Dealer,Manual,First Owner,13.0,5.953991880920162,Maruti
Mahindra Bolero 2011-2019 SLX 2WD BSIII,2014.0,550000.0,78413.0,Diesel,Dealer,Manual,Second Owner,12.0,7.014143063012511,Mahindra
Mahindra Bolero Power Plus SLX,2018.0,790000.0,40890.0,Diesel,Dealer,Manual,First Owner,8.0,19.320127170457326,Mahindra
Honda Brio S MT,2015.0,350000.0,34823.0,Petrol,Dealer,Manual,Second Owner,11.0,10.050828475432903,Honda
Toyota Innova Crysta 2.8 ZX AT BSIV,2017.0,1700000.0,75000.0,Diesel,Individual,Automatic,First Owner,9.0,22.666666666666668,Toyota
Maruti Ciaz VDI SHVS,2017.0,350000.0,55545.0,Diesel,Dealer,Manual,First Owner,9.0,6.30119722747322,Maruti
Honda Amaze EX i-Dtech,2014.0,409999.0,56541.0,Diesel,Dealer,Manual,First Owner,12.0,7.251357422047717,Honda
Hyundai EON Magna Plus,2016.0,220000.0,43700.0,Petrol,Individual,Manual,First Owner,10.0,5.034324942791762,Hyundai
Tata Indica GLS BS IV,2009.0,68000.0,60000.0,Petrol,Individual,Manual,Second Owner,17.0,1.1333333333333333,Tata
Hyundai EON Era Plus,2017.0,290000.0,20000.0,Petrol,Individual,Manual,First Owner,9.0,14.5,Hyundai
Honda City i DTec SV,2014.0,600000.0,27483.0,Diesel,Dealer,Manual,First Owner,12.0,21.831677764436197,Honda
Unknown,2019.0,470000.0,8000.0,Petrol,Individual,Manual,First Owner,7.0,58.75,Unknown
Hyundai i10 Sportz 1.2,2008.0,350000.0,30000.0,Petrol,Individual,Manual,First Owner,18.0,11.666666666666666,Hyundai
Maruti Alto 800 LXI,2014.0,180000.0,56207.0,Petrol,Dealer,Manual,Second Owner,12.0,3.2024480936538153,Maruti
Maruti Zen LXI,2006.0,80000.0,70000.0,Petrol,Individual,Manual,First Owner,20.0,1.1428571428571428,Maruti
Honda WR-V i-VTEC VX,2018.0,875000.0,1440.0,Petrol,Individual,Manual,First Owner,8.0,607.6388888888889,Honda
Maruti Alto 800 LXI,2019.0,300000.0,50000.0,Petrol,Individual,Manual,First Owner,7.0,6.0,Maruti
Toyota Fortuner 2.8 2WD AT BSIV,2017.0,2800000.0,20000.0,Diesel,Individual,Automatic,First Owner,9.0,140.0,Toyota
Toyota Innova Crysta 2.4 ZX MT,2017.0,1330000.0,91195.0,Diesel,Dealer,Manual,First Owner,9.0,14.584132902023137,Toyota
Volkswagen Polo 1.5 TDI Trendline,2011.0,220000.0,63657.0,Diesel,Dealer,Manual,First Owner,15.0,3.4560221185415587,Volkswagen
Mahindra Verito Vibe 1.5 dCi D4,2013.0,250000.0,60000.0,Diesel,Individual,Manual,First Owner,13.0,4.166666666666667,Mahindra
Toyota Innova 2.5 G (Diesel) 7 Seater,2016.0,919999.0,75000.0,Diesel,Dealer,Manual,First Owner,10.0,12.266653333333334,Toyota
Volkswagen Vento Magnific 1.6 Highline,2013.0,380000.0,97248.0,Petrol,Dealer,Manual,First Owner,13.0,3.907535373478118,Volkswagen
Maruti Swift VDI,2012.0,450000.0,46000.0,Diesel,Individual,Manual,First Owner,14.0,9.782608695652174,Maruti
Hyundai Verna 1.6 VTVT AT S Option,2016.0,770000.0,10000.0,Petrol,Individual,Automatic,First Owner,10.0,77.0,Hyundai
Maruti Swift Dzire LDI,2018.0,550000.0,80000.0,Diesel,Individual,Manual,First Owner,8.0,6.875,Maruti
Tata New Safari DICOR 2.2 GX 4x2,2011.0,320000.0,100000.0,Diesel,Individual,Manual,Second Owner,15.0,3.2,Tata
Maruti SX4 Vxi BSIV,2013.0,400000.0,35000.0,Petrol,Individual,Manual,First Owner,13.0,11.428571428571429,Maruti
Maruti Celerio VXI AT,2017.0,350000.0,60000.0,Petrol,Individual,Automatic,First Owner,9.0,5.833333333333333,Maruti
Maruti SX4 ZDI,2014.0,220000.0,90000.0,Diesel,Individual,Manual,Third Owner,12.0,2.4444444444444446,Maruti
Mahindra XUV500 W8 2WD,2012.0,400000.0,150000.0,Diesel,Individual,Manual,Second Owner,14.0,2.6666666666666665,Mahindra
Hyundai Verna 1.6 SX VTVT (O),2013.0,530000.0,89000.0,Petrol,Individual,Manual,Second Owner,13.0,5.955056179775281,Hyundai
Maruti Swift Dzire VDI,2014.0,390000.0,60000.0,Diesel,Individual,Manual,Second Owner,12.0,6.5,Maruti
Fiat Grande Punto 1.3 Dynamic (Diesel),2012.0,185000.0,100000.0,Diesel,Individual,Manual,First Owner,14.0,1.85,Fiat
Maruti SX4 Vxi BSIV,2012.0,300000.0,100000.0,Petrol,Individual,Manual,Second Owner,14.0,3.0,Maruti
Maruti Swift VDI BSIV,2014.0,575000.0,90000.0,Diesel,Individual,Manual,Second Owner,12.0,6.388888888888889,Maruti
Maruti Wagon R Stingray VXI,2014.0,300000.0,75000.0,Petrol,Individual,Manual,First Owner,12.0,4.0,Maruti
Toyota Etios Liva 1.4 VD,2017.0,425000.0,36000.0,Diesel,Dealer,Manual,First Owner,9.0,11.805555555555555,Toyota
Hyundai Xcent 1.2 Kappa SX,2016.0,350000.0,60000.0,Petrol,Individual,Manual,First Owner,10.0,5.833333333333333,Hyundai
Honda Amaze VX O iDTEC,2017.0,550000.0,12997.0,Diesel,Dealer,Manual,First Owner,9.0,42.31745787489421,Honda
Maruti Ciaz 1.4 AT Zeta,2014.0,500000.0,40000.0,Petrol,Individual,Automatic,First Owner,12.0,12.5,Maruti
Unknown,2015.0,600000.0,60000.0,Diesel,Individual,Manual,First Owner,11.0,10.0,Unknown
Mahindra Quanto C8,2013.0,300000.0,25000.0,Diesel,Individual,Manual,Second Owner,13.0,12.0,Mahindra
Hyundai Verna CRDi 1.6 SX Option,2018.0,1150000.0,26430.0,Diesel,Dealer,Manual,First Owner,8.0,43.51116155883466,Hyundai
Maruti Swift 1.3 VXI ABS,2015.0,475000.0,24600.0,Petrol,Dealer,Manual,First Owner,11.0,19.308943089430894,Maruti
Maruti Wagon R LXI,2011.0,260000.0,28481.0,Petrol,Dealer,Manual,First Owner,15.0,9.128892946174643,Maruti
Ford Ecosport 1.0 Ecoboost Titanium Optional,2013.0,350000.0,100000.0,Petrol,Individual,Manual,First Owner,13.0,3.5,Ford
Mahindra XUV500 W8 2WD,2013.0,750000.0,41988.0,Diesel,Dealer,Manual,First Owner,13.0,17.862246356101743,Mahindra
Maruti Wagon R LXI,2009.0,180000.0,30375.0,Petrol,Dealer,Manual,First Owner,17.0,5.925925925925926,Maruti
Renault KWID Climber 1.0 AMT BSIV,2017.0,350000.0,7658.0,Petrol,Dealer,Automatic,First Owner,9.0,45.703839122486286,Renault
Maruti Swift Dzire VDI,2017.0,611000.0,34400.0,Diesel,Dealer,Manual,First Owner,9.0,17.761627906976745,Maruti
Renault KWID RXL BSIV,2017.0,325000.0,18500.0,Petrol,Dealer,Manual,First Owner,9.0,17.56756756756757,Renault
Hyundai EON 1.0 Era Plus,2012.0,225000.0,48000.0,Petrol,Dealer,Manual,First Owner,14.0,4.6875,Hyundai
Maruti Wagon R AMT VXI,2014.0,350000.0,28942.0,Petrol,Dealer,Automatic,First Owner,12.0,12.093151820883145,Maruti
Mahindra Bolero Power Plus SLX,2017.0,400000.0,50000.0,Diesel,Individual,Manual,Second Owner,9.0,8.0,Mahindra
Mahindra XUV500 W8 2WD,2012.0,711000.0,60000.0,Diesel,Dealer,Manual,First Owner,14.0,11.85,Mahindra
Toyota Innova 2.5 G (Diesel) 8 Seater,2015.0,851000.0,53652.0,Diesel,Dealer,Manual,First Owner,11.0,15.861477670916276,Toyota
Maruti Ertiga VXI,2014.0,500000.0,25000.0,Petrol,Individual,Manual,First Owner,12.0,20.0,Maruti
Toyota Innova 2.5 G4 Diesel 8-seater,2007.0,350000.0,80000.0,Diesel,Individual,Manual,First Owner,19.0,4.375,Toyota
Maruti Alto 800 VXI,2017.0,150000.0,50000.0,Petrol,Individual,Manual,First Owner,9.0,3.0,Maruti
Mahindra Scorpio 1.99 S10,2016.0,610000.0,15000.0,Diesel,Individual,Manual,Second Owner,10.0,40.666666666666664,Mahindra
Mahindra KUV 100 G80 K2,2018.0,450000.0,5000.0,Petrol,Individual,Manual,First Owner,8.0,90.0,Mahindra
Hyundai i20 1.4 Asta Option,2017.0,744000.0,106000.0,Diesel,Individual,Manual,First Owner,9.0,7.018867924528302,Hyundai
Chevrolet Spark 1.0,2008.0,120000.0,100000.0,Petrol,Individual,Manual,Third Owner,18.0,1.2,Chevrolet
Renault KWID RXL,2016.0,220000.0,60000.0,Petrol,Individual,Manual,Third Owner,10.0,3.6666666666666665,Renault
Unknown,2012.0,480000.0,120000.0,Diesel,Individual,Manual,Fourth & Above Owner,14.0,4.0,Unknown
Maruti Celerio ZXI Optional AMT BSIV,2017.0,370000.0,82000.0,Petrol,Individual,Automatic,First Owner,9.0,4.512195121951219,Maruti
Fiat Palio D 1.9 EL PS,2003.0,55000.0,35000.0,Diesel,Individual,Manual,Second Owner,23.0,1.5714285714285714,Fiat
Unknown,2014.0,125000.0,205000.0,Petrol,Individual,Manual,First Owner,12.0,0.6097560975609756,Unknown
Hyundai Verna 1.6 CRDI,2011.0,260000.0,125000.0,Petrol,Individual,Manual,Third Owner,15.0,2.08,Hyundai
Fiat Linea Classic 1.3 Multijet,2015.0,350000.0,130000.0,Diesel,Individual,Manual,First Owner,11.0,2.6923076923076925,Fiat
Maruti Alto 800 CNG LXI,2012.0,170000.0,97000.0,CNG,Individual,Manual,Second Owner,14.0,1.7525773195876289,Maruti
Hyundai Grand i10 Sportz,2015.0,350000.0,90000.0,Petrol,Individual,Manual,Second Owner,11.0,3.888888888888889,Hyundai
Maruti Swift Dzire VXi,2009.0,250000.0,60000.0,Petrol,Individual,Manual,Third Owner,17.0,4.166666666666667,Maruti
Tata Indigo CR4,2013.0,170000.0,60000.0,Diesel,Individual,Manual,First Owner,13.0,2.8333333333333335,Tata
Mahindra Scorpio S11 BSIV,2018.0,1300000.0,35000.0,Diesel,Individual,Manual,First Owner,8.0,37.142857142857146,Mahindra
Hyundai Grand i10 1.2 Kappa Sportz BSIV,2019.0,550000.0,25000.0,Petrol,Individual,Manual,First Owner,7.0,22.0,Hyundai
Honda Brio 1.2 S MT,2017.0,400000.0,15000.0,Petrol,Individual,Manual,First Owner,9.0,26.666666666666668,Honda
Tata Nano Lx,2011.0,120000.0,20000.0,Petrol,Individual,Manual,First Owner,15.0,6.0,Tata
Tata Nano Lx,2014.0,120000.0,20000.0,Petrol,Individual,Manual,First Owner,12.0,6.0,Tata
Ford Figo Petrol Titanium,2014.0,275000.0,70000.0,Petrol,Individual,Manual,First Owner,12.0,3.9285714285714284,Ford
Tata Zest Revotron 1.2T XE,2016.0,285000.0,90000.0,Petrol,Individual,Manual,First Owner,10.0,3.1666666666666665,Tata
Hyundai Creta 1.4 CRDi Base,2016.0,900000.0,80000.0,Diesel,Individual,Manual,First Owner,10.0,11.25,Hyundai
Mercedes-Benz M-Class ML 350 CDI,2014.0,2500000.0,79500.0,Diesel,Individual,Automatic,Second Owner,12.0,31.446540880503143,Mercedes-Benz
Hyundai Verna 1.6 SX CRDi (O),2013.0,620000.0,70000.0,Diesel,Individual,Manual,Second Owner,13.0,8.857142857142858,Hyundai
Toyota Innova Crysta 2.4 GX MT 8S BSIV,2018.0,1700000.0,5000.0,Diesel,Individual,Manual,First Owner,8.0,340.0,Toyota
Ford Figo Aspire 1.2 Ti-VCT Titanium Plus,2018.0,650000.0,15000.0,Petrol,Individual,Manual,First Owner,8.0,43.333333333333336,Ford
Unknown,2014.0,500000.0,35000.0,Petrol,Individual,Manual,First Owner,12.0,14.285714285714286,Unknown
Tata New Safari DICOR 2.2 EX 4x4,2009.0,250000.0,120000.0,Diesel,Individual,Manual,Second Owner,17.0,2.0833333333333335,Tata
Mahindra Marazzo M4,2018.0,950000.0,15000.0,Diesel,Individual,Manual,Second Owner,8.0,63.333333333333336,Mahindra
Toyota Etios Cross 1.2L G,2015.0,320000.0,60000.0,Petrol,Individual,Manual,First Owner,11.0,5.333333333333333,Toyota
Renault Duster 110PS Diesel RxZ,2013.0,450000.0,120000.0,Petrol,Individual,Manual,First Owner,13.0,3.75,Renault
Mahindra KUV 100 mFALCON D75 K8 AW,2016.0,350000.0,90000.0,Diesel,Individual,Manual,First Owner,10.0,3.888888888888889,Mahindra
Maruti Swift Dzire VXI,2015.0,400000.0,90000.0,Petrol,Individual,Manual,First Owner,11.0,4.444444444444445,Maruti
Hyundai i20 Asta 1.4 CRDi (Diesel),2009.0,250000.0,72000.0,Diesel,Individual,Manual,Second Owner,17.0,3.4722222222222223,Hyundai
Toyota Innova 2.0 GX 8 STR BSIV,2011.0,550000.0,197000.0,Petrol,Individual,Manual,Second Owner,15.0,2.7918781725888326,Toyota
Unknown,1999.0,85000.0,70000.0,Petrol,Individual,Manual,Second Owner,27.0,1.2142857142857142,Unknown
Hyundai Santro LP zipPlus,2001.0,52000.0,50000.0,Petrol,Individual,Manual,Third Owner,25.0,1.04,Hyundai
Tata Hexa XTA,2017.0,1200000.0,50000.0,Petrol,Individual,Automatic,First Owner,9.0,24.0,Tata
Hyundai Verna 1.6 SX VTVT AT,2011.0,350000.0,60000.0,Petrol,Individual,Automatic,Third Owner,15.0,5.833333333333333,Hyundai
Maruti Swift Dzire VXI 1.2 BS IV,2018.0,615000.0,40000.0,Petrol,Individual,Manual,First Owner,8.0,15.375,Maruti
Maruti SX4 ZDI Leather,2012.0,400000.0,60000.0,Diesel,Individual,Manual,First Owner,14.0,6.666666666666667,Maruti
Unknown,2013.0,60000.0,40000.0,Petrol,Individual,Manual,First Owner,13.0,1.5,Unknown
Maruti Ignis 1.2 Alpha BSIV,2014.0,500000.0,9161.0,Petrol,Individual,Manual,First Owner,12.0,54.57919441109049,Maruti
Honda Mobilio V i VTEC,2015.0,350000.0,45000.0,Petrol,Individual,Manual,First Owner,11.0,7.777777777777778,Honda
Unknown,2010.0,110000.0,110000.0,Petrol,Individual,Manual,First Owner,16.0,1.0,Unknown
Hyundai Santro Xing GL Plus,2013.0,175000.0,80000.0,Petrol,Individual,Manual,First Owner,13.0,2.1875,Hyundai
Ford Fiesta Titanium 1.5 TDCi,2011.0,325000.0,100000.0,Diesel,Individual,Manual,Second Owner,15.0,3.25,Ford
Maruti Swift Dzire LDI,2017.0,425000.0,90000.0,Diesel,Individual,Manual,First Owner,9.0,4.722222222222222,Maruti
Hyundai Accent GLE CNG,2009.0,160000.0,70000.0,CNG,Individual,Manual,Third Owner,17.0,2.2857142857142856,Hyundai
Maruti Zen Estilo LXI BSIII,2007.0,100000.0,80000.0,Petrol,Individual,Manual,Third Owner,19.0,1.25,Maruti
Maruti Swift Dzire LDI,2014.0,390000.0,110000.0,Diesel,Individual,Manual,Second Owner,12.0,3.5454545454545454,Maruti
Hyundai i20 1.2 Spotz,2017.0,400000.0,50000.0,Petrol,Individual,Manual,First Owner,9.0,8.0,Hyundai
Tata Tigor 1.2 Revotron XM,2018.0,350000.0,60000.0,Petrol,Individual,Manual,First Owner,8.0,5.833333333333333,Tata
Hyundai i10 Magna 1.1,2008.0,150000.0,90000.0,Petrol,Individual,Manual,Third Owner,18.0,1.6666666666666667,Hyundai
Hyundai Santro Xing GLS,2009.0,110000.0,120000.0,Petrol,Individual,Manual,First Owner,17.0,0.9166666666666666,Hyundai
Nissan Sunny Diesel XV,2013.0,450000.0,80000.0,Diesel,Individual,Manual,First Owner,13.0,5.625,Nissan
Hyundai i20 1.2 Spotz,2017.0,400000.0,38000.0,Petrol,Individual,Manual,Second Owner,9.0,10.526315789473685,Hyundai
Hyundai Santro Xing GLS,2009.0,140000.0,120000.0,Petrol,Individual,Manual,First Owner,17.0,1.1666666666666667,Hyundai
Tata Indigo CR4,2011.0,130000.0,90000.0,Diesel,Individual,Manual,First Owner,15.0,1.4444444444444444,Tata
Unknown,2017.0,160000.0,50000.0,Petrol,Individual,Manual,First Owner,9.0,3.2,Unknown
Maruti Alto 800 LXI,2016.0,150000.0,60000.0,Petrol,Individual,Manual,First Owner,10.0,2.5,Maruti
Mahindra XUV500 W8 2WD,2013.0,500000.0,100000.0,Diesel,Individual,Manual,Second Owner,13.0,5.0,Mahindra
Tata Nano Std,2011.0,40000.0,19000.0,Petrol,Individual,Manual,First Owner,15.0,2.1052631578947367,Tata
Unknown,2006.0,140000.0,200000.0,Diesel,Individual,Manual,Third Owner,20.0,0.7,Unknown
Mahindra Verito 1.5 D2 BSIV,2014.0,227000.0,70000.0,Diesel,Individual,Manual,Second Owner,12.0,3.242857142857143,Mahindra
Maruti Swift VDI,2011.0,285000.0,50000.0,Diesel,Individual,Manual,Second Owner,15.0,5.7,Maruti
Maruti Alto LX,2012.0,155000.0,19077.0,Petrol,Individual,Manual,Second Owner,14.0,8.12496723803533,Maruti
Unknown,2016.0,210000.0,30000.0,Petrol,Individual,Manual,First Owner,10.0,7.0,Unknown
Maruti Alto LXi,2009.0,140000.0,80000.0,Petrol,Individual,Manual,Second Owner,17.0,1.75,Maruti
Toyota Innova 2.5 GX (Diesel) 7 Seater,2015.0,940000.0,128000.0,Diesel,Individual,Manual,First Owner,11.0,7.34375,Toyota
Nissan Terrano XV Premium 110 PS,2014.0,750000.0,80000.0,Diesel,Individual,Manual,First Owner,12.0,9.375,Nissan
Maruti Baleno Alpha 1.3,2016.0,610000.0,100000.0,Diesel,Individual,Manual,First Owner,10.0,6.1,Maruti
Nissan Sunny XV D Premium Leather,2015.0,450000.0,60000.0,Diesel,Individual,Manual,First Owner,11.0,7.5,Nissan
Toyota Etios Liva GD,2012.0,409999.0,56000.0,Diesel,Individual,Manual,First Owner,14.0,7.321410714285714,Toyota
Hyundai EON 1.0 Era Plus,2018.0,100000.0,21302.0,Petrol,Individual,Manual,First Owner,8.0,4.694394892498357,Hyundai
Renault KWID 1.0 RXT Optional,2018.0,300000.0,10500.0,Petrol,Individual,Manual,First Owner,8.0,28.571428571428573,Renault
Mahindra Bolero 2011-2019 SLX,2013.0,400000.0,107000.0,Petrol,Individual,Manual,First Owner,13.0,3.7383177570093458,Mahindra
Hyundai i10 Sportz 1.2,2010.0,350000.0,60000.0,Petrol,Individual,Manual,Second Owner,16.0,5.833333333333333,Hyundai
Hyundai Santro Xing XG eRLX Euro III,2006.0,350000.0,120000.0,Petrol,Individual,Manual,Second Owner,20.0,2.9166666666666665,Hyundai
Maruti Wagon R LXI BS IV,2010.0,222000.0,70000.0,Petrol,Individual,Manual,First Owner,16.0,3.1714285714285713,Maruti
Maruti Alto 800 LXI,2014.0,240000.0,50000.0,Petrol,Individual,Manual,Second Owner,12.0,4.8,Maruti
Toyota Etios Liva GD,2013.0,450000.0,70000.0,Diesel,Individual,Manual,Second Owner,13.0,6.428571428571429,Toyota
Unknown,2014.0,350000.0,10000.0,Diesel,Dealer,Automatic,First Owner,12.0,35.0,Unknown
Unknown,2016.0,535000.0,60000.0,Diesel,Individual,Manual,First Owner,10.0,8.916666666666666,Unknown
Hyundai Grand i10 Magna AT,2017.0,520000.0,60000.0,Petrol,Dealer,Automatic,First Owner,9.0,8.666666666666666,Hyundai
Chevrolet Beat LT Option,2016.0,239000.0,60000.0,Petrol,Dealer,Manual,First Owner,10.0,3.9833333333333334,Chevrolet
Toyota Fortuner 4x2 AT,2017.0,2600000.0,47162.0,Diesel,Trustmark Dealer,Manual,First Owner,9.0,55.12912938382596,Toyota
Skoda Laura Ambiente 2.0 TDI CR MT,2012.0,385000.0,52000.0,Diesel,Individual,Manual,First Owner,14.0,7.403846153846154,Skoda
Renault Duster 85PS Diesel RxL,2014.0,450000.0,1000.0,Diesel,Dealer,Manual,Second Owner,12.0,450.0,Renault
Maruti Swift ZXI BSIV,2014.0,350000.0,7104.0,Petrol,Trustmark Dealer,Manual,First Owner,12.0,49.26801801801802,Maruti
Maruti Ertiga VXI,2015.0,625000.0,11918.0,Petrol,Individual,Manual,First Owner,11.0,52.44168484645075,Maruti
Unknown,2017.0,520000.0,10510.0,Petrol,Dealer,Automatic,First Owner,9.0,49.476688867745004,Unknown
Hyundai i10 Magna,2012.0,229999.0,49824.0,Petrol,Individual,Manual,First Owner,14.0,4.616229126525369,Hyundai
Volkswagen Jetta 2.0L TDI Highline AT,2012.0,735000.0,55300.0,Diesel,Dealer,Automatic,First Owner,14.0,13.291139240506329,Volkswagen
Unknown,2012.0,285000.0,74300.0,Petrol,Dealer,Manual,First Owner,14.0,3.8358008075370122,Unknown
Honda City VX MT,2010.0,350000.0,48781.0,Petrol,Dealer,Manual,First Owner,16.0,7.174924663291035,Honda
Volkswagen Jetta 1.9 Highline TDI,2010.0,290000.0,87620.0,Diesel,Dealer,Automatic,First Owner,16.0,3.3097466331887695,Volkswagen
Volkswagen Vento 1.5 TDI Highline Plus AT,2017.0,890000.0,40219.0,Diesel,Dealer,Automatic,First Owner,9.0,22.12884457594669,Volkswagen
Honda Jazz VX,2011.0,385000.0,11473.0,Petrol,Dealer,Manual,First Owner,15.0,33.557046979865774,Honda
Maruti Eeco 5 Seater AC BSIV,2017.0,425000.0,8352.0,Petrol,Dealer,Manual,First Owner,9.0,50.8860153256705,Maruti
Maruti Wagon R VXI AMT1.2BSIV,2017.0,525000.0,9745.0,Petrol,Dealer,Manual,First Owner,9.0,53.873781426372496,Maruti
Hyundai Grand i10 Asta,2017.0,550000.0,60000.0,Petrol,Individual,Manual,First Owner,9.0,9.166666666666666,Hyundai
Volkswagen Polo 1.0 MPI Trendline,2012.0,271000.0,49000.0,Petrol,Dealer,Manual,First Owner,14.0,5.530612244897959,Volkswagen
Unknown,2018.0,1490000.0,20694.0,Diesel,Individual,Manual,First Owner,8.0,72.00154634193485,Unknown
Hyundai Grand i10 Asta Option,2015.0,490000.0,31080.0,Petrol,Dealer,Manual,First Owner,11.0,15.765765765765765,Hyundai
Hyundai EON Era Plus,2014.0,260000.0,37605.0,Petrol,Dealer,Manual,First Owner,12.0,6.913974205557771,Hyundai
Hyundai Xcent 1.1 CRDi SX Option,2014.0,350000.0,55850.0,Diesel,Dealer,Manual,First Owner,12.0,6.266786034019695,Hyundai
Tata Nano Lx BSIV,2010.0,75000.0,58850.0,Petrol,Dealer,Manual,First Owner,16.0,1.274426508071368,Tata
Toyota Etios Cross 1.2L G,2015.0,421000.0,23839.0,Petrol,Individual,Manual,First Owner,11.0,17.66013675070263,Toyota
Maruti Swift DDiS LDI,2016.0,550000.0,54000.0,Diesel,Dealer,Manual,First Owner,10.0,10.185185185185185,Maruti
Hyundai i10 Sportz 1.2 AT,2014.0,330000.0,38000.0,Petrol,Dealer,Automatic,First Owner,12.0,8.68421052631579,Hyundai
Volkswagen Vento 1.5 TDI Comfortline,2014.0,390000.0,45454.0,Diesel,Dealer,Manual,First Owner,12.0,8.580102961235534,Volkswagen
Skoda Rapid 1.5 TDI AT Ambition,2015.0,599000.0,46957.0,Diesel,Dealer,Automatic,First Owner,11.0,12.756351555678599,Skoda
Hyundai Getz GLE,2007.0,110000.0,60000.0,Petrol,Individual,Manual,Fourth & Above Owner,19.0,1.8333333333333333,Hyundai
Renault KWID RXT Optional,2016.0,250000.0,25000.0,Petrol,Individual,Manual,First Owner,10.0,10.0,Renault
Unknown,2012.0,350000.0,110000.0,Diesel,Individual,Manual,Fourth & Above Owner,14.0,3.1818181818181817,Unknown
Ford Endeavour XLT TDCi 4X2,2008.0,280000.0,60000.0,Diesel,Individual,Manual,Second Owner,18.0,4.666666666666667,Ford
Audi Q3 35 TDI Quattro Technology,2014.0,350000.0,25000.0,Diesel,Individual,Automatic,First Owner,12.0,14.0,Audi
Mahindra Renault Logan 1.4 GLX Petrol,2008.0,80000.0,90000.0,Petrol,Individual,Manual,First Owner,18.0,0.8888888888888888,Mahindra
Maruti Alto K10 VXI,2014.0,350000.0,5000.0,Petrol,Individual,Manual,First Owner,12.0,70.0,Maruti
Maruti Swift VDI BSIV,2015.0,475000.0,60000.0,Diesel,Individual,Manual,First Owner,11.0,7.916666666666667,Maruti
Audi A5 Sportback,2020.0,4700000.0,1500.0,Diesel,Individual,Automatic,First Owner,6.0,3133.3333333333335,Audi
Maruti Swift Dzire VDI,2018.0,500000.0,50000.0,Diesel,Individual,Manual,First Owner,8.0,10.0,Maruti
Chevrolet Sail Hatchback 1.3 TCDi LT ABS,2014.0,250000.0,120000.0,Diesel,Individual,Manual,First Owner,12.0,2.0833333333333335,Chevrolet
Hyundai Accent CRDi,2005.0,100000.0,60000.0,Diesel,Individual,Manual,Second Owner,21.0,1.6666666666666667,Hyundai
Maruti Alto K10 VXI Airbag,2019.0,350000.0,5000.0,Petrol,Individual,Manual,First Owner,7.0,70.0,Maruti
BMW 7 Series Signature 730Ld,2014.0,4000000.0,47000.0,Diesel,Individual,Automatic,First Owner,12.0,85.1063829787234,BMW
Toyota Camry 2.5 Hybrid,2017.0,1900000.0,20000.0,Petrol,Individual,Automatic,First Owner,9.0,95.0,Toyota
Hyundai Santro Xing XG,2005.0,95000.0,120000.0,Petrol,Individual,Manual,Second Owner,21.0,0.7916666666666666,Hyundai
Hyundai Grand i10 CRDi Sportz,2015.0,409999.0,58000.0,Diesel,Individual,Manual,First Owner,11.0,7.068948275862069,Hyundai
Mahindra XUV500 W5 BSIV,2018.0,1050000.0,35000.0,Diesel,Individual,Manual,First Owner,8.0,30.0,Mahindra
Maruti Alto K10 VXI,2017.0,320000.0,30000.0,Petrol,Individual,Manual,First Owner,9.0,10.666666666666666,Maruti
Unknown,2019.0,1000000.0,10000.0,Diesel,Individual,Manual,First Owner,7.0,100.0,Unknown
Toyota Innova Crysta 2.4 VX MT BSIV,2017.0,1770000.0,25000.0,Diesel,Individual,Manual,First Owner,9.0,70.8,Toyota
Mahindra Thar CRDe,2018.0,950000.0,20000.0,Diesel,Individual,Manual,First Owner,8.0,47.5,Mahindra
Unknown,2018.0,750000.0,50000.0,Diesel,Individual,Manual,First Owner,8.0,15.0,Unknown
Hyundai EON Magna Plus,2014.0,220000.0,42000.0,Petrol,Individual,Manual,First Owner,12.0,5.238095238095238,Hyundai
Tata Hexa XM,2017.0,1000000.0,50000.0,Diesel,Individual,Manual,First Owner,9.0,20.0,Tata
Honda Mobilio E i DTEC,2017.0,660000.0,116000.0,Diesel,Individual,Manual,First Owner,9.0,5.689655172413793,Honda
Maruti Ertiga ZDI,2015.0,716000.0,100000.0,Diesel,Individual,Manual,First Owner,11.0,7.16,Maruti
Maruti Ciaz ZXi Plus,2015.0,675000.0,66000.0,Petrol,Individual,Manual,First Owner,11.0,10.227272727272727,Maruti
Mahindra Scorpio LX,2010.0,350000.0,110000.0,Diesel,Individual,Manual,Third Owner,16.0,3.1818181818181817,Mahindra
Fiat Grande Punto EVO 1.3 Dynamic,2014.0,325000.0,70000.0,Diesel,Individual,Manual,First Owner,12.0,4.642857142857143,Fiat
Hyundai Creta 1.6 CRDi SX Option,2015.0,950000.0,60000.0,Diesel,Individual,Manual,First Owner,11.0,15.833333333333334,Hyundai
Ford Endeavour Hurricane Limited Edition,2007.0,350000.0,110000.0,Diesel,Individual,Automatic,Fourth & Above Owner,19.0,3.1818181818181817,Ford
Tata Indica Vista TDI LS,2014.0,250000.0,25000.0,Diesel,Individual,Manual,First Owner,12.0,10.0,Tata
Land Rover Discovery S 2.0 SD4,2018.0,4000000.0,68000.0,Petrol,Individual,Automatic,First Owner,8.0,58.8235294117647,Land
Maruti Alto 800 LXI,2014.0,210000.0,20000.0,Petrol,Individual,Manual,First Owner,12.0,10.5,Maruti
Hyundai i10 Era 1.1 iTech SE,2011.0,147000.0,110000.0,Petrol,Individual,Manual,Second Owner,15.0,1.3363636363636364,Hyundai
Maruti Vitara Brezza VDi Option,2018.0,725000.0,26350.0,Diesel,Individual,Manual,First Owner,8.0,27.514231499051235,Maruti
Mahindra Scorpio SLE BSIV,2012.0,550000.0,90000.0,Diesel,Individual,Manual,First Owner,14.0,6.111111111111111,Mahindra
Hyundai i20 Sportz Option 1.2,2016.0,475000.0,25000.0,Petrol,Individual,Manual,First Owner,10.0,19.0,Hyundai
Hyundai Santro Xing GLS,2014.0,250000.0,50000.0,Petrol,Individual,Manual,Second Owner,12.0,5.0,Hyundai
Tata Indica LSI,2006.0,70000.0,60000.0,Petrol,Individual,Manual,Second Owner,20.0,1.1666666666666667,Tata
Hyundai EON Era Plus,2012.0,160000.0,70000.0,Petrol,Individual,Manual,Third Owner,14.0,2.2857142857142856,Hyundai
Ford Endeavour 3.0L 4X4 AT,2014.0,350000.0,60000.0,Diesel,Individual,Automatic,First Owner,12.0,5.833333333333333,Ford
Hyundai Santro LE zipPlus,2001.0,68000.0,70000.0,Petrol,Individual,Manual,First Owner,25.0,0.9714285714285714,Hyundai
Hyundai Grand i10 1.2 Kappa Asta,2014.0,500000.0,26500.0,Petrol,Individual,Manual,First Owner,12.0,18.867924528301888,Hyundai
Tata Indigo CR4,2013.0,170000.0,60000.0,Petrol,Individual,Manual,First Owner,13.0,2.8333333333333335,Tata
Mahindra Scorpio S11 BSIV,2018.0,350000.0,35000.0,Diesel,Individual,Manual,First Owner,8.0,10.0,Mahindra
Hyundai Creta 1.4 EX Diesel,2020.0,1050000.0,10000.0,Diesel,Individual,Manual,First Owner,6.0,105.0,Hyundai
Hyundai i20 Magna 1.2,2016.0,600000.0,25000.0,Petrol,Individual,Manual,First Owner,10.0,24.0,Hyundai
Hyundai Verna CRDi 1.6 SX,2017.0,900000.0,50000.0,Diesel,Individual,Manual,First Owner,9.0,18.0,Hyundai
Hyundai Grand i10 1.2 Kappa Sportz BSIV,2014.0,550000.0,25000.0,Petrol,Individual,Manual,First Owner,12.0,22.0,Hyundai
Maruti Alto LX,2007.0,100000.0,60000.0,Petrol,Individual,Manual,Second Owner,19.0,1.6666666666666667,Maruti
Honda Brio 1.2 S MT,2017.0,400000.0,60000.0,Petrol,Individual,Manual,First Owner,9.0,6.666666666666667,Honda
Hyundai i20 Asta 1.4 CRDi,2013.0,300000.0,90000.0,Diesel,Individual,Manual,First Owner,13.0,3.3333333333333335,Hyundai
Tata Indigo LX,2011.0,140000.0,60000.0,Diesel,Individual,Manual,Second Owner,15.0,2.3333333333333335,Tata
Skoda Rapid 1.6 MPI Ambition With Alloy Wheel,2015.0,640000.0,23000.0,Petrol,Individual,Manual,First Owner,11.0,27.82608695652174,Skoda
Unknown,2018.0,380000.0,22155.0,Petrol,Individual,Manual,First Owner,8.0,17.15188445046265,Unknown
Ford Figo Aspire 1.2 Ti-VCT Trend,2018.0,550000.0,35000.0,Petrol,Individual,Manual,First Owner,8.0,15.714285714285714,Ford
Mahindra XUV500 W8 4WD,2012.0,650000.0,71042.0,Diesel,Dealer,Manual,First Owner,14.0,9.149517187016132,Mahindra
Unknown,2012.0,1025000.0,167870.0,Diesel,Dealer,Manual,Second Owner,14.0,6.105915291594687,Unknown
Ford Fiesta 1.5 TDCi Titanium,2011.0,195000.0,60000.0,Petrol,Dealer,Manual,First Owner,15.0,3.25,Ford
BMW 3 Series 320d Sport,2013.0,1490000.0,40000.0,Diesel,Dealer,Automatic,First Owner,13.0,37.25,BMW
Honda City i-VTEC CVT ZX,2018.0,1140000.0,23038.0,Petrol,Trustmark Dealer,Automatic,First Owner,8.0,49.4834621060856,Honda
Chevrolet Beat Diesel LS,2011.0,95000.0,70000.0,Diesel,Individual,Manual,First Owner,15.0,1.3571428571428572,Chevrolet
BMW 3 Series GT Luxury Line,2017.0,350000.0,30000.0,Diesel,Individual,Automatic,First Owner,9.0,11.666666666666666,BMW
Unknown,2016.0,239000.0,41000.0,Petrol,Dealer,Manual,First Owner,10.0,5.829268292682927,Unknown
Maruti Baleno Delta 1.2,2017.0,585000.0,43608.0,Petrol,Trustmark Dealer,Manual,First Owner,9.0,13.41496973032471,Maruti
Maruti Baleno Alpha CVT,2018.0,825000.0,11212.0,Petrol,Individual,Automatic,First Owner,8.0,73.58187656082768,Maruti
Hyundai i20 1.4 Magna Executive,2013.0,280000.0,52000.0,Diesel,Dealer,Manual,First Owner,13.0,5.384615384615385,Hyundai
Maruti Baleno Zeta,2016.0,725000.0,49217.0,Petrol,Trustmark Dealer,Manual,First Owner,10.0,14.730682487758294,Maruti
Unknown,2015.0,300000.0,90000.0,Diesel,Individual,Manual,First Owner,11.0,3.3333333333333335,Unknown
Hyundai Xcent 1.2 Kappa S,2015.0,375000.0,70000.0,Petrol,Individual,Manual,First Owner,11.0,5.357142857142857,Hyundai
Honda City VTEC,2003.0,310000.0,90000.0,Petrol,Individual,Manual,First Owner,23.0,3.4444444444444446,Honda
Maruti Swift Dzire VDi,2011.0,375000.0,190000.0,Diesel,Individual,Manual,Third Owner,15.0,1.9736842105263157,Maruti
Ford Endeavour 3.2 Titanium AT 4X4,2016.0,1950000.0,106000.0,Diesel,Individual,Automatic,First Owner,10.0,18.39622641509434,Ford
Tata Xenon XT EX 4X2,2014.0,400000.0,80000.0,Diesel,Individual,Manual,Second Owner,12.0,5.0,Tata
Nissan Terrano XL Plus 85 PS,2014.0,550000.0,80000.0,Petrol,Individual,Manual,Second Owner,12.0,6.875,Nissan
Maruti Eeco 7 Seater Standard BSIV,2018.0,270000.0,20000.0,Petrol,Individual,Manual,First Owner,8.0,13.5,Maruti
Maruti Ertiga ZDI,2012.0,555000.0,110000.0,Diesel,Individual,Manual,Second Owner,14.0,5.045454545454546,Maruti
Unknown,2013.0,500000.0,60000.0,Diesel,Individual,Manual,Second Owner,13.0,8.333333333333334,Unknown
Skoda Laura Elegance 1.9 TDI  AT,2010.0,400000.0,130000.0,Diesel,Individual,Automatic,Second Owner,16.0,3.076923076923077,Skoda
Unknown,2017.0,280000.0,28838.0,Petrol,Individual,Manual,First Owner,9.0,9.709411193564048,Unknown
Tata Indica GLS BS IV,2008.0,80000.0,200000.0,Petrol,Individual,Manual,First Owner,18.0,0.4,Tata
Tata Indica DLS,2006.0,55000.0,100000.0,Diesel,Individual,Manual,First Owner,20.0,0.55,Tata
Maruti Alto 800 LXI Airbag,2014.0,250000.0,50000.0,Petrol,Individual,Manual,First Owner,12.0,5.0,Maruti
Mahindra Bolero SLX 2WD,2010.0,250000.0,190000.0,Diesel,Individual,Manual,First Owner,16.0,1.3157894736842106,Mahindra
Mahindra Jeep MM 540,2007.0,95000.0,100000.0,Diesel,Individual,Manual,Second Owner,19.0,0.95,Mahindra
Mahindra Scorpio 1.99 S10,2014.0,725000.0,135000.0,Diesel,Individual,Manual,Second Owner,12.0,5.37037037037037,Mahindra
Mahindra Bolero Power Plus Plus AC BSIV PS,2015.0,320000.0,50000.0,Diesel,Individual,Manual,First Owner,11.0,6.4,Mahindra
Skoda Octavia Elegance 2.0 TDI AT,2014.0,350000.0,135000.0,Diesel,Individual,Automatic,Third Owner,12.0,2.5925925925925926,Skoda
Chevrolet Beat Diesel LS,2012.0,160000.0,50000.0,Diesel,Individual,Manual,First Owner,14.0,3.2,Chevrolet
Honda Jazz 1.5 VX i DTEC,2018.0,790000.0,19571.0,Diesel,Dealer,Manual,First Owner,8.0,40.36584742731593,Honda
Honda City i-VTEC ZX,2018.0,350000.0,29600.0,Petrol,Dealer,Manual,First Owner,8.0,11.824324324324325,Honda
Maruti Swift LXI,2011.0,350000.0,70000.0,Petrol,Individual,Manual,First Owner,15.0,5.0,Maruti
Maruti Vitara Brezza ZDi Plus AMT Dual Tone,2018.0,950000.0,15000.0,Diesel,Individual,Automatic,First Owner,8.0,63.333333333333336,Maruti
Maruti Celerio LXI MT BSIV,2019.0,340000.0,50000.0,Petrol,Individual,Manual,First Owner,7.0,6.8,Maruti
Renault Captur 1.5 Diesel RXT,2017.0,825000.0,13500.0,Diesel,Individual,Manual,First Owner,9.0,61.111111111111114,Renault
Audi A4 30 TFSI Technology,2018.0,3100000.0,22000.0,Petrol,Individual,Automatic,First Owner,8.0,140.9090909090909,Audi
Honda Amaze VX Diesel BSIV,2018.0,780000.0,25000.0,Diesel,Individual,Manual,First Owner,8.0,31.2,Honda
Toyota Corolla Altis 1.8 VL AT,2010.0,350000.0,80000.0,Petrol,Individual,Automatic,Third Owner,16.0,4.375,Toyota
Honda Amaze VX Petrol BSIV,2018.0,350000.0,60000.0,Petrol,Dealer,Manual,First Owner,8.0,5.833333333333333,Honda
Maruti Alto 800 VXI,2016.0,245000.0,60000.0,Petrol,Individual,Manual,First Owner,10.0,4.083333333333333,Maruti
Honda Amaze VX Diesel BSIV,2018.0,790000.0,49000.0,Diesel,Dealer,Manual,First Owner,8.0,16.122448979591837,Honda
Honda Amaze VX i-VTEC,2018.0,680000.0,48600.0,Petrol,Dealer,Manual,First Owner,8.0,13.991769547325102,Honda
Unknown,2017.0,540000.0,20000.0,Petrol,Individual,Manual,Second Owner,9.0,27.0,Unknown
Unknown,2014.0,425000.0,25000.0,Petrol,Individual,Manual,First Owner,12.0,17.0,Unknown
Maruti Zen Estilo Sports,2014.0,140000.0,120000.0,Petrol,Individual,Manual,First Owner,12.0,1.1666666666666667,Maruti
Maruti Ertiga ZDI Plus,2019.0,1100000.0,30000.0,Petrol,Individual,Manual,First Owner,7.0,36.666666666666664,Maruti
Renault Lodgy 85PS RxL,2015.0,715000.0,35000.0,Diesel,Individual,Manual,First Owner,11.0,20.428571428571427,Renault
Audi Q3 2.0 TDI Quattro Premium Plus,2015.0,1750000.0,127643.0,Diesel,Dealer,Automatic,First Owner,11.0,13.710113363051637,Audi
Tata Zest Revotron 1.2T XMS,2018.0,400000.0,54000.0,Petrol,Dealer,Manual,Second Owner,8.0,7.407407407407407,Tata
Audi A6 2.0 TDI  Design Edition,2014.0,1750000.0,102354.0,Diesel,Dealer,Automatic,First Owner,12.0,17.097524278484475,Audi
Audi Q5 2.0 TFSI Quattro Premium Plus,2014.0,1850000.0,62237.0,Petrol,Dealer,Automatic,First Owner,12.0,29.725083149894758,Audi
Hyundai Santro Xing XL eRLX Euro III,2005.0,114999.0,90000.0,Petrol,Dealer,Manual,Second Owner,21.0,1.2777666666666667,Hyundai
Ford EcoSport 1.5 TDCi Titanium BSIV,2018.0,950000.0,21394.0,Diesel,Dealer,Manual,First Owner,8.0,44.40497335701598,Ford
Datsun GO T Petrol,2015.0,310000.0,32686.0,Petrol,Dealer,Manual,First Owner,11.0,9.484182830569663,Datsun
Mahindra Jeep CJ 500 DI,2006.0,575000.0,1001.0,Diesel,Dealer,Manual,First Owner,20.0,574.4255744255744,Mahindra
Renault Pulse RxZ,2017.0,490000.0,22000.0,Diesel,Dealer,Manual,First Owner,9.0,22.272727272727273,Renault
Hyundai Grand i10 Magna,2017.0,480000.0,53261.0,Petrol,Dealer,Manual,First Owner,9.0,9.012222827209403,Hyundai
Land Rover Discovery Sport SD4 HSE Luxury,2016.0,3500000.0,53000.0,Diesel,Dealer,Automatic,First Owner,10.0,66.0377358490566,Land
Renault KWID 1.0 RXT Optional,2018.0,370000.0,10000.0,Petrol,Dealer,Manual,First Owner,8.0,37.0,Renault
Maruti Baleno Alpha 1.3,2017.0,835000.0,14000.0,Diesel,Dealer,Manual,First Owner,9.0,59.642857142857146,Maruti
Volkswagen Polo 2015-2019 1.2 MPI Highline,2017.0,650000.0,44000.0,Petrol,Dealer,Manual,First Owner,9.0,14.772727272727273,Volkswagen
Toyota Etios VD,2014.0,670000.0,39895.0,Diesel,Dealer,Manual,First Owner,12.0,16.794084471738312,Toyota
Chevrolet Cruze LTZ AT,2014.0,950000.0,73000.0,Petrol,Dealer,Automatic,First Owner,12.0,13.013698630136986,Chevrolet
Honda City i-VTEC SV,2014.0,690000.0,17000.0,Petrol,Dealer,Manual,First Owner,12.0,40.588235294117645,Honda
Volkswagen Polo 2015-2019 1.2 MPI Highline,2017.0,670000.0,18591.0,Petrol,Dealer,Manual,First Owner,9.0,36.03894357484805,Volkswagen
Tata Nexon 1.5 Revotorq XZ,2017.0,925000.0,26766.0,Diesel,Dealer,Manual,First Owner,9.0,34.558768587013375,Tata
Hyundai EON Magna Plus,2015.0,250000.0,60000.0,Petrol,Individual,Manual,First Owner,11.0,4.166666666666667,Hyundai
Tata Sumo Gold EX,2014.0,509999.0,42000.0,Diesel,Individual,Manual,First Owner,12.0,12.142833333333334,Tata
Honda City i DTEC VX,2014.0,520000.0,60000.0,Diesel,Individual,Manual,First Owner,12.0,8.666666666666666,Honda
Unknown,2005.0,100000.0,100000.0,Diesel,Individual,Manual,First Owner,21.0,1.0,Unknown
Tata Indica DLS,2006.0,85000.0,300000.0,Diesel,Individual,Manual,Second Owner,20.0,0.2833333333333333,Tata
Tata Indigo LX,2009.0,130000.0,110000.0,Diesel,Individual,Manual,Third Owner,17.0,1.1818181818181819,Tata
Ford EcoSport 1.5 TDCi Titanium BSIV,2018.0,950000.0,27620.0,Diesel,Dealer,Manual,First Owner,8.0,34.39536567704562,Ford
Ford Figo Aspire 1.2 Ti-VCT Titanium Plus,2015.0,450000.0,70000.0,Petrol,Individual,Manual,First Owner,11.0,6.428571428571429,Ford
Honda City S,2012.0,320000.0,50000.0,Petrol,Individual,Manual,Second Owner,14.0,6.4,Honda
Maruti Swift Dzire VDI,2015.0,480000.0,50000.0,Diesel,Individual,Manual,First Owner,11.0,9.6,Maruti
Mercedes-Benz New C-Class C 220 CDI Grand Edition,2014.0,2490000.0,46000.0,Diesel,Individual,Automatic,First Owner,12.0,54.130434782608695,Mercedes-Benz
Toyota Innova 2.5 VX 8 STR,2012.0,790000.0,82000.0,Diesel,Individual,Manual,First Owner,14.0,9.634146341463415,Toyota
Maruti Omni MPI STD BSIV,2016.0,350000.0,120000.0,Petrol,Individual,Manual,First Owner,10.0,2.9166666666666665,Maruti
Maruti Alto LXi,2006.0,75000.0,60000.0,Petrol,Individual,Manual,Third Owner,20.0,1.25,Maruti
Tata Indica GLS BS IV,2010.0,99000.0,70000.0,Petrol,Individual,Manual,First Owner,16.0,1.4142857142857144,Tata
Maruti S-Cross Zeta DDiS 200 SH,2018.0,350000.0,20000.0,Diesel,Individual,Manual,First Owner,8.0,17.5,Maruti
Mahindra Xylo D4 BSIV,2013.0,250000.0,200000.0,Diesel,Individual,Manual,First Owner,13.0,1.25,Mahindra
Toyota Innova Crysta 2.5 VX BS IV,2011.0,520000.0,120000.0,Diesel,Individual,Manual,First Owner,15.0,4.333333333333333,Toyota
Hyundai Verna CRDi 1.6 AT SX Option,2018.0,1100000.0,30000.0,Diesel,Individual,Automatic,First Owner,8.0,36.666666666666664,Hyundai
Toyota Innova 2.5 V Diesel 7-seater,2005.0,200000.0,223000.0,Diesel,Individual,Manual,First Owner,21.0,0.8968609865470852,Toyota
Maruti Swift Dzire VDI,2016.0,525000.0,60000.0,Diesel,Individual,Manual,First Owner,10.0,8.75,Maruti
Hyundai i20 Asta 1.2,2016.0,500000.0,40000.0,Petrol,Individual,Manual,First Owner,10.0,12.5,Hyundai
Mahindra Scorpio S2 7 Seater,2016.0,675000.0,161327.0,Diesel,Individual,Manual,First Owner,10.0,4.18404854736033,Mahindra
Hyundai i10 Magna 1.2 iTech SE,2009.0,150000.0,60000.0,Petrol,Individual,Manual,Third Owner,17.0,2.5,Hyundai
Mahindra Bolero DI,2007.0,250000.0,50000.0,Diesel,Individual,Manual,First Owner,19.0,5.0,Mahindra
Hyundai Grand i10 1.2 Kappa Sportz BSIV,2014.0,450000.0,6000.0,Petrol,Individual,Manual,First Owner,12.0,75.0,Hyundai
Hyundai Santro Xing XS,2009.0,150000.0,68000.0,Petrol,Individual,Manual,First Owner,17.0,2.2058823529411766,Hyundai
Chevrolet Beat Diesel LS,2012.0,200000.0,85000.0,Diesel,Individual,Manual,First Owner,14.0,2.3529411764705883,Chevrolet
Mahindra Scorpio VLS AT 2.2 mHAWK,2011.0,525000.0,70000.0,Diesel,Individual,Automatic,First Owner,15.0,7.5,Mahindra
Maruti Esteem VX,1999.0,60000.0,35000.0,Petrol,Individual,Manual,Second Owner,27.0,1.7142857142857142,Maruti
Maruti Swift Vdi BSIII,2010.0,180000.0,100000.0,Diesel,Individual,Manual,Second Owner,16.0,1.8,Maruti
Honda Amaze S i-Dtech,2015.0,475000.0,110000.0,Diesel,Individual,Manual,First Owner,11.0,4.318181818181818,Honda
Mahindra Scorpio VLS AT 2.2 mHAWK,2010.0,380000.0,195000.0,Diesel,Individual,Automatic,Second Owner,16.0,1.9487179487179487,Mahindra
Maruti Alto 800 LXI,2015.0,285000.0,46000.0,Petrol,Individual,Manual,Second Owner,11.0,6.195652173913044,Maruti
Maruti Alto LXi BSIII,2008.0,91200.0,60000.0,Petrol,Individual,Manual,Second Owner,18.0,1.52,Maruti
Datsun RediGO T Option,2014.0,250000.0,46000.0,Petrol,Individual,Manual,First Owner,12.0,5.434782608695652,Datsun
Hyundai Grand i10 CRDi Sportz,2015.0,400000.0,42000.0,Diesel,Individual,Manual,First Owner,11.0,9.523809523809524,Hyundai
Hyundai Santro Xing XG AT,2014.0,160000.0,90000.0,Petrol,Individual,Automatic,Second Owner,12.0,1.7777777777777777,Hyundai
Skoda Yeti Ambition 4X2,2012.0,650000.0,85000.0,Diesel,Individual,Manual,First Owner,14.0,7.647058823529412,Skoda
Hyundai Verna 1.6 SX,2012.0,409999.0,120000.0,Diesel,Individual,Manual,Third Owner,14.0,3.4166583333333334,Hyundai
Ford Ecosport 1.5 DV5 MT Titanium,2013.0,425000.0,72000.0,Diesel,Individual,Manual,First Owner,13.0,5.902777777777778,Ford
Maruti Wagon R LXI CNG,2013.0,250000.0,71000.0,CNG,Individual,Manual,Second Owner,13.0,3.5211267605633805,Maruti
Maruti Swift Dzire VXi,2009.0,200000.0,60000.0,Petrol,Individual,Manual,Fourth & Above Owner,17.0,3.3333333333333335,Maruti
Volkswagen Polo Diesel Trendline 1.2L,2010.0,130000.0,144000.0,Diesel,Individual,Manual,Fourth & Above Owner,16.0,0.9027777777777778,Volkswagen
Maruti Eeco 5 Seater AC BSIV,2017.0,260000.0,30000.0,Petrol,Dealer,Manual,First Owner,9.0,8.666666666666666,Maruti
Hyundai Verna SX,2007.0,155000.0,60000.0,Petrol,Dealer,Manual,First Owner,19.0,2.5833333333333335,Hyundai
Honda Jazz 1.5 VX i DTEC,2015.0,450000.0,38000.0,Diesel,Individual,Manual,First Owner,11.0,11.842105263157896,Honda
Maruti SX4 Celebration Petrol,2012.0,220000.0,90000.0,Petrol,Individual,Manual,Second Owner,14.0,2.4444444444444446,Maruti
Hyundai i20 Active S Diesel,2018.0,650000.0,37000.0,Diesel,Dealer,Manual,First Owner,8.0,17.56756756756757,Hyundai
Maruti Alto 800 LXI,2018.0,285000.0,30000.0,Petrol,Dealer,Manual,First Owner,8.0,9.5,Maruti
Honda Amaze V CVT Petrol BSIV,2018.0,725000.0,26000.0,Petrol,Dealer,Automatic,First Owner,8.0,27.884615384615383,Honda
Maruti Ciaz ZXi,2016.0,625000.0,30000.0,Petrol,Dealer,Manual,First Owner,10.0,20.833333333333332,Maruti
Hyundai i20 Active SX Petrol,2016.0,550000.0,23000.0,Petrol,Dealer,Manual,First Owner,10.0,23.91304347826087,Hyundai
Hyundai i10 Magna,2012.0,240000.0,60000.0,Petrol,Individual,Manual,First Owner,14.0,4.0,Hyundai
Nissan Terrano XL 85 PS,2014.0,600000.0,27000.0,Diesel,Dealer,Manual,First Owner,12.0,22.22222222222222,Nissan
Tata New Safari DICOR 2.2 EX 4x2,2012.0,350000.0,65000.0,Diesel,Dealer,Manual,First Owner,14.0,5.384615384615385,Tata
Hyundai EON Magna Plus,2015.0,245000.0,32000.0,Petrol,Dealer,Manual,First Owner,11.0,7.65625,Hyundai
Mahindra Bolero B6,2016.0,350000.0,56000.0,Diesel,Dealer,Manual,First Owner,10.0,6.25,Mahindra
BMW X1 sDrive 20d xLine,2017.0,2400000.0,30000.0,Diesel,Individual,Automatic,First Owner,9.0,80.0,BMW
Mahindra Scorpio SLE BS IV,2014.0,620000.0,80000.0,Diesel,Dealer,Manual,First Owner,12.0,7.75,Mahindra
Maruti Swift Dzire 1.2 Vxi BSIV,2014.0,395000.0,52000.0,Petrol,Dealer,Manual,Second Owner,12.0,7.596153846153846,Maruti
Unknown,2014.0,635000.0,13250.0,Petrol,Dealer,Manual,First Owner,12.0,47.924528301886795,Unknown
Maruti Alto LX,2011.0,180000.0,36000.0,Petrol,Dealer,Manual,First Owner,15.0,5.0,Maruti
Maruti Swift ZDI Plus,2014.0,484999.0,73000.0,Diesel,Dealer,Manual,Second Owner,12.0,6.643821917808219,Maruti
Maruti Alto LX,2004.0,110000.0,60000.0,Petrol,Individual,Manual,First Owner,22.0,1.8333333333333333,Maruti
Maruti Wagon R VXI BSIII,2006.0,150000.0,60000.0,Petrol,Individual,Manual,Second Owner,20.0,2.5,Maruti
Chevrolet Tavera Neo 2 LT L 9 Str,2012.0,400000.0,110000.0,Diesel,Individual,Manual,First Owner,14.0,3.6363636363636362,Chevrolet
Tata Indica Vista Aura Plus 1.3 Quadrajet,2012.0,200000.0,70000.0,Diesel,Individual,Manual,Second Owner,14.0,2.857142857142857,Tata
Renault Duster 85PS Diesel RxL Plus,2013.0,302000.0,60000.0,Diesel,Individual,Manual,Second Owner,13.0,5.033333333333333,Renault
Maruti Swift Dzire Vdi BSIV,2011.0,215000.0,90000.0,Diesel,Individual,Manual,Fourth & Above Owner,15.0,2.388888888888889,Maruti
Unknown,2004.0,155000.0,80000.0,Petrol,Individual,Manual,Second Owner,22.0,1.9375,Unknown
Toyota Innova 2.5 G (Diesel) 8 Seater,2014.0,1000000.0,101000.0,Diesel,Individual,Manual,Second Owner,12.0,9.900990099009901,Toyota
Mahindra Bolero Power Plus SLX,2018.0,550000.0,44000.0,Petrol,Individual,Manual,First Owner,8.0,12.5,Mahindra
Maruti Swift 1.3 VXi,2006.0,200000.0,60000.0,Petrol,Individual,Manual,First Owner,20.0,3.3333333333333335,Maruti
Mahindra Scorpio S2 7 Seater,2017.0,350000.0,120000.0,Diesel,Individual,Manual,First Owner,9.0,2.9166666666666665,Mahindra
Maruti Zen LXI,2005.0,90000.0,90000.0,Petrol,Individual,Manual,Second Owner,21.0,1.0,Maruti
Maruti Wagon R LXI Minor,2007.0,80000.0,120000.0,Petrol,Individual,Manual,Second Owner,19.0,0.6666666666666666,Maruti
Hyundai EON D Lite Plus,2013.0,229999.0,60000.0,Petrol,Individual,Manual,First Owner,13.0,3.8333166666666667,Hyundai
Renault KWID 1.0 RXT Optional,2017.0,350000.0,10000.0,Petrol,Individual,Manual,First Owner,9.0,35.0,Renault
Hyundai Grand i10 Magna,2015.0,325000.0,25000.0,Petrol,Individual,Manual,First Owner,11.0,13.0,Hyundai
Tata Tigor 1.2 Revotron XT,2018.0,450000.0,8500.0,Petrol,Individual,Manual,First Owner,8.0,52.94117647058823,Tata
Maruti SX4 Celebration Diesel,2012.0,250000.0,120000.0,Diesel,Individual,Manual,First Owner,14.0,2.0833333333333335,Maruti
Volkswagen Polo Diesel Comfortline 1.2L,2012.0,225000.0,120000.0,Diesel,Individual,Manual,First Owner,14.0,1.875,Volkswagen
Maruti Alto LXi,2009.0,150000.0,90246.0,Petrol,Individual,Manual,First Owner,17.0,1.6621235290206768,Maruti
Maruti Alto LX BSIII,2008.0,110000.0,90000.0,Petrol,Individual,Manual,Second Owner,18.0,1.2222222222222223,Maruti
Maruti Alto LXi BSIII,2010.0,150000.0,40000.0,Petrol,Individual,Manual,Second Owner,16.0,3.75,Maruti
Maruti Gypsy King Hard Top,2000.0,165000.0,60000.0,Petrol,Individual,Manual,Fourth & Above Owner,26.0,2.75,Maruti
Renault Duster 85PS Diesel RxL,2014.0,350000.0,32000.0,Diesel,Individual,Manual,Second Owner,12.0,10.9375,Renault
Tata Manza Club Class Quadrajet90 VX,2013.0,170000.0,60400.0,Diesel,Individual,Manual,First Owner,13.0,2.814569536423841,Tata
Unknown,2008.0,150000.0,70950.0,Diesel,Individual,Manual,Second Owner,18.0,2.1141649048625792,Unknown
Hyundai Xcent 1.1 CRDi Base,2015.0,375000.0,60000.0,Petrol,Individual,Manual,First Owner,11.0,6.25,Hyundai
Unknown,2013.0,390000.0,60000.0,Diesel,Individual,Manual,First Owner,13.0,6.5,Unknown
Hyundai i20 Active 1.2 S,2017.0,600000.0,10000.0,Petrol,Individual,Manual,First Owner,9.0,60.0,Hyundai
Maruti Alto 800 LXI,2014.0,204999.0,25000.0,Petrol,Individual,Manual,Second Owner,12.0,8.19996,Maruti
Hyundai Verna CRDi,2009.0,270000.0,80000.0,Diesel,Individual,Manual,Second Owner,17.0,3.375,Hyundai
Unknown,2017.0,375000.0,10000.0,Petrol,Individual,Manual,First Owner,9.0,37.5,Unknown
Maruti Baleno Zeta,2020.0,700000.0,1100.0,Petrol,Individual,Manual,First Owner,6.0,636.3636363636364,Maruti
Maruti Swift VXI Deca,2017.0,350000.0,40000.0,Petrol,Individual,Manual,First Owner,9.0,8.75,Maruti
Hyundai i10 Sportz 1.1L,2017.0,375000.0,10000.0,Petrol,Individual,Manual,First Owner,9.0,37.5,Hyundai
Hyundai Grand i10 Asta,2014.0,341000.0,31491.0,Petrol,Individual,Manual,First Owner,12.0,10.82849067987679,Hyundai
Maruti Swift Dzire VDI,2014.0,200000.0,107143.0,Diesel,Individual,Manual,Second Owner,12.0,1.8666641777810964,Maruti
Maruti Ignis 1.2 AMT Delta BSIV,2017.0,450000.0,15000.0,Petrol,Individual,Manual,First Owner,9.0,30.0,Maruti
Unknown,2012.0,170000.0,50000.0,Petrol,Individual,Manual,Second Owner,14.0,3.4,Unknown
Unknown,2017.0,1900000.0,100000.0,Diesel,Individual,Manual,First Owner,9.0,19.0,Unknown
Mahindra Bolero Power Plus LX,2016.0,500000.0,60000.0,Diesel,Individual,Manual,First Owner,10.0,8.333333333333334,Mahindra
Maruti Vitara Brezza ZDi Plus,2016.0,350000.0,85000.0,Diesel,Individual,Manual,First Owner,10.0,4.117647058823529,Maruti
Maruti Swift 1.2 DLX,2014.0,351000.0,40000.0,Petrol,Individual,Manual,First Owner,12.0,8.775,Maruti
Hyundai i10 Magna 1.2 iTech SE,2011.0,195000.0,80000.0,Petrol,Individual,Manual,Second Owner,15.0,2.4375,Hyundai
Maruti Swift Dzire VDi,2014.0,250000.0,60000.0,Diesel,Individual,Manual,Second Owner,12.0,4.166666666666667,Maruti
Maruti Zen Estilo 1.1 VXI BSIII,2008.0,120000.0,60000.0,Petrol,Individual,Manual,Second Owner,18.0,2.0,Maruti
Maruti A-Star Vxi,2009.0,180000.0,70000.0,Petrol,Individual,Manual,Third Owner,17.0,2.5714285714285716,Maruti
Mahindra KUV 100 mFALCON D75 K6,2016.0,430000.0,20000.0,Diesel,Individual,Manual,First Owner,10.0,21.5,Mahindra
Tata Nano Cx BSIV,2012.0,75000.0,35000.0,Petrol,Individual,Manual,Second Owner,14.0,2.142857142857143,Tata
Mahindra Xylo D4,2017.0,750000.0,80000.0,Diesel,Individual,Manual,First Owner,9.0,9.375,Mahindra
Tata Nano Lx,2011.0,60000.0,40000.0,Petrol,Individual,Manual,First Owner,15.0,1.5,Tata
Toyota Innova 2.5 VX (Diesel) 8 Seater,2015.0,1500000.0,46412.0,Diesel,Individual,Manual,First Owner,11.0,32.319227785917434,Toyota
Mahindra Bolero SLX 2WD BSIII,2011.0,390000.0,150000.0,Diesel,Individual,Manual,Fourth & Above Owner,15.0,2.6,Mahindra
Mahindra TUV 300 T4,2016.0,630000.0,50000.0,Diesel,Individual,Manual,First Owner,10.0,12.6,Mahindra
Tata Safari Storme VX Varicor 400,2018.0,1085000.0,15000.0,Diesel,Individual,Manual,First Owner,8.0,72.33333333333333,Tata
Hyundai i10 Magna 1.2 iTech SE,2012.0,190000.0,60000.0,Petrol,Individual,Manual,Second Owner,14.0,3.1666666666666665,Hyundai
Maruti Baleno Delta Automatic,2018.0,350000.0,25000.0,Petrol,Individual,Automatic,First Owner,8.0,14.0,Maruti
Maruti Alto 800 LXI,2012.0,350000.0,90000.0,Petrol,Individual,Manual,Third Owner,14.0,3.888888888888889,Maruti
Chevrolet Spark 1.0 LT,2011.0,165000.0,60000.0,Petrol,Individual,Manual,First Owner,15.0,2.75,Chevrolet
Ford Figo Diesel Celebration Edition,2013.0,260000.0,65000.0,Diesel,Individual,Manual,First Owner,13.0,4.0,Ford
Maruti Alto LX,2011.0,151000.0,40000.0,Petrol,Individual,Manual,First Owner,15.0,3.775,Maruti
Maruti Vitara Brezza VDi,2018.0,780000.0,50000.0,Diesel,Individual,Manual,First Owner,8.0,15.6,Maruti
Tata Indica Vista Quadrajet LX,2014.0,175000.0,80000.0,Diesel,Individual,Manual,Third Owner,12.0,2.1875,Tata
Tata Indica Vista TDI LS,2010.0,170000.0,60000.0,Diesel,Dealer,Manual,First Owner,16.0,2.8333333333333335,Tata
Tata Indica Vista TDI LS,2013.0,350000.0,135000.0,Diesel,Dealer,Manual,Second Owner,13.0,2.5925925925925926,Tata
Maruti Alto LXi,2007.0,90000.0,43826.0,Petrol,Dealer,Manual,Second Owner,19.0,2.053575503125998,Maruti
Hyundai i20 Active S Petrol,2016.0,350000.0,55838.0,Petrol,Dealer,Manual,First Owner,10.0,6.268132812779827,Hyundai
Maruti Swift VDI BSIV,2007.0,195000.0,112880.0,Diesel,Dealer,Manual,First Owner,19.0,1.7274982282069453,Maruti
Tata Indica Vista Terra Quadrajet 1.3L,2014.0,140000.0,90000.0,Diesel,Individual,Manual,Third Owner,12.0,1.5555555555555556,Tata
Nissan Sunny XL,2012.0,350000.0,40000.0,Petrol,Individual,Manual,First Owner,14.0,8.75,Nissan
Unknown,2013.0,425000.0,66000.0,Petrol,Individual,Manual,First Owner,13.0,6.4393939393939394,Unknown
Renault KWID 1.0 RXT Optional,2017.0,300000.0,30300.0,Petrol,Individual,Manual,First Owner,9.0,9.900990099009901,Renault
Volkswagen Vento Diesel Style Limited Edition,2013.0,340000.0,85000.0,Diesel,Individual,Manual,First Owner,13.0,4.0,Volkswagen
Maruti Swift Dzire VXi,2009.0,250000.0,80659.0,Petrol,Dealer,Manual,First Owner,17.0,3.0994681312686745,Maruti
Chevrolet Aveo 1.4 LS,2008.0,170000.0,81324.0,Petrol,Dealer,Manual,First Owner,18.0,2.0904038168314396,Chevrolet
Honda Amaze S i-Dtech,2013.0,350000.0,127884.0,Diesel,Dealer,Manual,First Owner,13.0,2.736855275093053,Honda
Chevrolet Beat PS,2015.0,200000.0,50000.0,Petrol,Individual,Manual,First Owner,11.0,4.0,Chevrolet
Chevrolet Beat PS,2014.0,300000.0,25000.0,Petrol,Individual,Manual,First Owner,12.0,12.0,Chevrolet
Honda Amaze S i-Dtech,2015.0,300000.0,66755.0,Diesel,Dealer,Manual,First Owner,11.0,4.494045389858438,Honda
Honda City E,2013.0,380000.0,123084.0,Petrol,Dealer,Manual,First Owner,13.0,3.08732247895746,Honda
Maruti Swift VXI BSIII,2009.0,250000.0,806599.0,Petrol,Dealer,Manual,First Owner,17.0,0.3099433547524854,Maruti
Honda Amaze S i-Dtech,2013.0,310000.0,95851.0,Diesel,Dealer,Manual,First Owner,13.0,3.234186393464857,Honda
Maruti Wagon R VXI Minor ABS,2014.0,260000.0,50000.0,Petrol,Individual,Manual,First Owner,12.0,5.2,Maruti
Maruti Omni BSIII 8-STR W/ IMMOBILISER,2008.0,150000.0,50000.0,Petrol,Individual,Manual,Second Owner,18.0,3.0,Maruti
Unknown,2006.0,85000.0,60000.0,Petrol,Individual,Manual,Second Owner,20.0,1.4166666666666667,Unknown
Maruti Alto 800 LXI,2015.0,280000.0,15000.0,Petrol,Individual,Manual,Second Owner,11.0,18.666666666666668,Maruti
Mahindra Xylo H4 ABS,2016.0,850000.0,40000.0,Diesel,Individual,Manual,First Owner,10.0,21.25,Mahindra
Datsun GO Plus T Option BSIV,2017.0,375000.0,20000.0,Petrol,Individual,Manual,First Owner,9.0,18.75,Datsun
Hyundai Elantra CRDi (Leather Option),2006.0,125000.0,120000.0,Diesel,Individual,Manual,Third Owner,20.0,1.0416666666666667,Hyundai
Chevrolet Beat Diesel LT,2014.0,250000.0,110000.0,Diesel,Individual,Manual,First Owner,12.0,2.272727272727273,Chevrolet
Toyota Corolla Altis D-4D J,2014.0,350000.0,234000.0,Diesel,Individual,Manual,First Owner,12.0,1.4957264957264957,Toyota
Hyundai i20 1.4 CRDi Era,2011.0,220000.0,70000.0,Diesel,Individual,Manual,First Owner,15.0,3.142857142857143,Hyundai
Tata Indica Vista Aqua 1.3 Quadrajet,2010.0,110000.0,110000.0,Diesel,Individual,Manual,Second Owner,16.0,1.0,Tata
Hyundai Verna XXi (Petrol),2007.0,150000.0,84000.0,Petrol,Individual,Manual,Second Owner,19.0,1.7857142857142858,Hyundai
Nissan Sunny Diesel XV,2012.0,300000.0,170000.0,Diesel,Individual,Manual,First Owner,14.0,1.7647058823529411,Nissan
Unknown,2017.0,220000.0,40000.0,Petrol,Individual,Manual,First Owner,9.0,5.5,Unknown
Maruti Wagon R LX,2006.0,75000.0,96000.0,Petrol,Individual,Manual,Second Owner,20.0,0.78125,Maruti
Tata Indigo LS,2009.0,100000.0,20000.0,Diesel,Individual,Manual,First Owner,17.0,5.0,Tata
Ford Figo Aspire 1.2 Ti-VCT Trend,2016.0,350000.0,15000.0,Petrol,Individual,Manual,First Owner,10.0,23.333333333333332,Ford
Hyundai Santro Xing XK (Non-AC),2007.0,350000.0,50000.0,Petrol,Individual,Manual,First Owner,19.0,7.0,Hyundai
Volkswagen Passat 1.8 TSI MT,2010.0,480000.0,80000.0,Petrol,Individual,Manual,Second Owner,16.0,6.0,Volkswagen
Unknown,2014.0,300000.0,124000.0,Diesel,Individual,Manual,First Owner,12.0,2.4193548387096775,Unknown
Chevrolet Beat Diesel LS,2013.0,190000.0,70000.0,Diesel,Individual,Manual,First Owner,13.0,2.7142857142857144,Chevrolet
Ford Figo Diesel LXI,2012.0,190000.0,60000.0,Diesel,Individual,Manual,Second Owner,14.0,3.1666666666666665,Ford
Ford EcoSport 1.5 Ti VCT MT Trend BSIV,2017.0,650000.0,19014.0,Petrol,Dealer,Manual,First Owner,9.0,34.18533712001683,Ford
Toyota Corolla Executive (HE),2009.0,300000.0,23262.0,Petrol,Dealer,Manual,First Owner,17.0,12.896569512509672,Toyota
Ford Freestyle Titanium Diesel BSIV,2016.0,700000.0,29600.0,Diesel,Dealer,Manual,First Owner,10.0,23.64864864864865,Ford
Hyundai i10 Sportz 1.1L,2015.0,310000.0,35925.0,Petrol,Dealer,Manual,First Owner,11.0,8.629088378566458,Hyundai
Maruti Ignis 1.2 Zeta BSIV,2018.0,500000.0,60000.0,Petrol,Individual,Manual,First Owner,8.0,8.333333333333334,Maruti
Toyota Etios V,2013.0,415000.0,40771.0,Petrol,Individual,Manual,First Owner,13.0,10.178803561354885,Toyota
Unknown,2015.0,395000.0,60000.0,Petrol,Dealer,Automatic,Second Owner,11.0,6.583333333333333,Unknown
Toyota Etios Liva 1.2 G,2014.0,430000.0,42000.0,Petrol,Dealer,Manual,Second Owner,12.0,10.238095238095237,Toyota
Toyota Corolla H6,2007.0,215000.0,55800.0,Petrol,Dealer,Manual,Second Owner,19.0,3.8530465949820787,Toyota
Renault Duster RXL AWD,2014.0,550000.0,66569.0,Diesel,Dealer,Manual,First Owner,12.0,8.26210398233412,Renault
Volkswagen Polo 1.5 TDI Trendline,2014.0,415000.0,60000.0,Diesel,Dealer,Manual,First Owner,12.0,6.916666666666667,Volkswagen
Volkswagen Polo 1.5 TDI Comfortline,2015.0,450000.0,82695.0,Diesel,Dealer,Manual,First Owner,11.0,5.441683294032288,Volkswagen
Ford Figo Diesel EXI,2014.0,285000.0,68293.0,Diesel,Dealer,Manual,Second Owner,12.0,4.1731949101664885,Ford
Honda Jazz VX CVT,2016.0,580000.0,32000.0,Petrol,Dealer,Automatic,First Owner,10.0,18.125,Honda
Maruti Swift Dzire Tour LDI,2014.0,300000.0,190621.0,Diesel,Dealer,Manual,First Owner,12.0,1.5738035158770545,Maruti
Hyundai Verna CRDi 1.6 SX Option,2018.0,1200000.0,60000.0,Diesel,Individual,Manual,First Owner,8.0,20.0,Hyundai
Unknown,2006.0,78000.0,64700.0,Petrol,Individual,Manual,First Owner,20.0,1.205564142194745,Unknown
Maruti 800 AC,2014.0,65000.0,100000.0,Petrol,Individual,Manual,Second Owner,12.0,0.65,Maruti
Tata Zest Quadrajet 1.3 75PS XE,2016.0,400000.0,88470.0,Diesel,Individual,Manual,First Owner,10.0,4.521306657624053,Tata
Hyundai Verna 1.6 CRDI SX Option,2016.0,850000.0,75000.0,Diesel,Individual,Manual,First Owner,10.0,11.333333333333334,Hyundai
Volkswagen Vento Diesel Highline,2013.0,450000.0,120000.0,Diesel,Individual,Manual,Second Owner,13.0,3.75,Volkswagen
Unknown,2012.0,2500000.0,35000.0,Diesel,Individual,Automatic,First Owner,14.0,71.42857142857143,Unknown
Toyota Etios 1.4 VXD,2017.0,780000.0,70000.0,Diesel,Individual,Manual,First Owner,9.0,11.142857142857142,Toyota
Toyota Fortuner 2.8 2WD AT BSIV,2017.0,350000.0,57000.0,Diesel,Individual,Automatic,First Owner,9.0,6.140350877192983,Toyota
Maruti Alto 800 VXI,2020.0,350000.0,1000.0,Petrol,Individual,Manual,First Owner,6.0,350.0,Maruti
Mahindra Quanto C6,2013.0,285000.0,120000.0,Diesel,Individual,Manual,Second Owner,13.0,2.375,Mahindra
Volkswagen Vento 1.5 TDI Highline,2015.0,350000.0,98000.0,Diesel,Dealer,Manual,First Owner,11.0,3.5714285714285716,Volkswagen
Maruti Ciaz ZDi,2014.0,550000.0,90000.0,Diesel,Dealer,Manual,Second Owner,12.0,6.111111111111111,Maruti
Volkswagen Ameo 1.5 TDI Comfortline,2014.0,580000.0,70000.0,Diesel,Individual,Manual,First Owner,12.0,8.285714285714286,Volkswagen
Tata Nano CX SE,2013.0,75000.0,25000.0,Petrol,Individual,Manual,Third Owner,13.0,3.0,Tata
Tata Manza Aura Quadrajet,2009.0,185000.0,60000.0,Diesel,Individual,Manual,Third Owner,17.0,3.0833333333333335,Tata
Maruti Omni E 8 Str STD,2014.0,110000.0,90000.0,Petrol,Individual,Manual,Fourth & Above Owner,12.0,1.2222222222222223,Maruti
Honda City 1.5 EXI,2014.0,180000.0,200000.0,Petrol,Individual,Manual,Second Owner,12.0,0.9,Honda
Unknown,2010.0,350000.0,110000.0,Diesel,Individual,Manual,Second Owner,16.0,3.1818181818181817,Unknown
Chevrolet Optra 1.6 LS,2005.0,60000.0,60000.0,Petrol,Individual,Manual,Second Owner,21.0,1.0,Chevrolet
Unknown,2018.0,695000.0,70000.0,Diesel,Individual,Manual,First Owner,8.0,9.928571428571429,Unknown
Mahindra Alturas G4 4X2 AT BSIV,2019.0,2700000.0,5000.0,Diesel,Individual,Automatic,First Owner,7.0,540.0,Mahindra
Maruti Zen Estilo LX BSIII,2007.0,135000.0,74183.0,Petrol,Individual,Manual,First Owner,19.0,1.8198239488831673,Maruti
Mahindra Bolero Power Plus Plus AC BSIV PS,2015.0,640000.0,70000.0,Diesel,Individual,Manual,Second Owner,11.0,9.142857142857142,Mahindra
Maruti Alto 800 VXI,2014.0,160000.0,90000.0,Petrol,Individual,Manual,First Owner,12.0,1.7777777777777777,Maruti
Tata Indica LXI,2004.0,80000.0,46000.0,Petrol,Individual,Manual,Second Owner,22.0,1.7391304347826086,Tata
Maruti Swift Dzire VDI,2013.0,350000.0,110000.0,Diesel,Individual,Manual,Second Owner,13.0,3.1818181818181817,Maruti
Maruti Ritz VDi,2012.0,110000.0,80000.0,Diesel,Individual,Manual,Second Owner,14.0,1.375,Maruti
Tata Sumo Gold EX,2013.0,250000.0,90000.0,Diesel,Individual,Manual,Second Owner,13.0,2.7777777777777777,Tata
Toyota Innova Crysta 2.4 VX MT BSIV,2017.0,1300000.0,70000.0,Diesel,Individual,Manual,First Owner,9.0,18.571428571428573,Toyota
Mahindra Quanto C6,2014.0,250000.0,1.0,Diesel,Individual,Manual,Second Owner,12.0,250000.0,Mahindra
Toyota Innova 2.5 G (Diesel) 8 Seater BS IV,2009.0,450000.0,192000.0,Diesel,Individual,Manual,First Owner,17.0,2.34375,Toyota
Maruti Wagon R LX Minor,2013.0,240000.0,70000.0,Petrol,Individual,Manual,Fourth & Above Owner,13.0,3.4285714285714284,Maruti
Mahindra Bolero DI DX 7 Seater,2007.0,225000.0,120000.0,Diesel,Individual,Manual,Second Owner,19.0,1.875,Mahindra
Maruti Wagon R VXI Optional,2015.0,275000.0,60000.0,Petrol,Individual,Manual,Second Owner,11.0,4.583333333333333,Maruti
Tata Sumo Victa CX 7/9 Str BSII,2012.0,320000.0,120000.0,Diesel,Individual,Manual,Second Owner,14.0,2.6666666666666665,Tata
Maruti Alto LX BSIII,2008.0,75000.0,120000.0,Petrol,Individual,Manual,First Owner,18.0,0.625,Maruti
Unknown,2007.0,85000.0,50000.0,Petrol,Individual,Manual,Second Owner,19.0,1.7,Unknown
Tata Indica Vista Aqua TDI BSIII,2009.0,90000.0,120000.0,Diesel,Individual,Manual,First Owner,17.0,0.75,Tata
Maruti Wagon R LXI Minor,2007.0,85000.0,80000.0,Petrol,Individual,Manual,Second Owner,19.0,1.0625,Maruti
Mahindra Scorpio M2DI,2008.0,350000.0,80000.0,Diesel,Individual,Manual,Second Owner,18.0,4.375,Mahindra
Skoda Superb Elegance 2.0 TDI CR AT,2009.0,355000.0,100000.0,Diesel,Individual,Automatic,Second Owner,17.0,3.55,Skoda
Maruti Swift VXI,2020.0,619000.0,1500.0,Petrol,Individual,Manual,First Owner,6.0,412.6666666666667,Maruti
Jeep Compass 2.0 Longitude Option BSIV,2018.0,1700000.0,60000.0,Diesel,Individual,Manual,First Owner,8.0,28.333333333333332,Jeep
Tata Indica DL,2006.0,350000.0,100000.0,Diesel,Individual,Manual,First Owner,20.0,3.5,Tata
Ford Fiesta 1.6 ZXi Leather,2006.0,95000.0,83411.0,Petrol,Individual,Manual,First Owner,20.0,1.1389385093093236,Ford
Volkswagen Vento Diesel Highline,2014.0,300000.0,120000.0,Diesel,Individual,Manual,Second Owner,12.0,2.5,Volkswagen
Ford Fiesta 1.6 ZXi Leather,2006.0,81000.0,60000.0,Petrol,Individual,Manual,First Owner,20.0,1.35,Ford
Skoda Superb Elegance 2.0 TDI CR AT,2015.0,1000000.0,80000.0,Diesel,Individual,Automatic,Second Owner,11.0,12.5,Skoda
Maruti Ertiga VDI,2019.0,925000.0,50000.0,Diesel,Individual,Manual,First Owner,7.0,18.5,Maruti
Mahindra Bolero Power Plus Plus AC BSIV PS,2015.0,450000.0,40000.0,Diesel,Individual,Manual,First Owner,11.0,11.25,Mahindra
Mahindra Scorpio EX,2014.0,600000.0,13270.0,Diesel,Individual,Manual,First Owner,12.0,45.214770158251696,Mahindra
Hyundai Santro Xing XL AT eRLX Euro III,2006.0,85000.0,100000.0,Petrol,Individual,Manual,Third Owner,20.0,0.85,Hyundai
Mahindra Thar DI 4X4 PS,2014.0,350000.0,50000.0,Diesel,Individual,Manual,First Owner,12.0,7.0,Mahindra
Hyundai Grand i10 1.2 Kappa Magna BSIV,2017.0,350000.0,26500.0,Petrol,Individual,Manual,First Owner,9.0,13.20754716981132,Hyundai
Maruti Swift VDI,2013.0,400000.0,90000.0,Diesel,Individual,Manual,First Owner,13.0,4.444444444444445,Maruti
Ford Fiesta 1.4 Duratec ZXI,2008.0,120000.0,100000.0,Petrol,Individual,Manual,Third Owner,18.0,1.2,Ford
Unknown,2018.0,275000.0,35000.0,Petrol,Individual,Manual,First Owner,8.0,7.857142857142857,Unknown
Hyundai i20 Asta Option 1.4 CRDi,2016.0,580000.0,57000.0,Diesel,Individual,Manual,First Owner,10.0,10.175438596491228,Hyundai
Maruti Swift Dzire LXI,2015.0,350000.0,70000.0,Petrol,Individual,Manual,First Owner,11.0,5.0,Maruti
Maruti Wagon R VXI BS IV with ABS,2015.0,229999.0,100000.0,Petrol,Individual,Manual,Third Owner,11.0,2.29999,Maruti
Maruti Alto LX,2010.0,350000.0,88000.0,Petrol,Individual,Manual,Second Owner,16.0,3.977272727272727,Maruti
Maruti Swift Dzire VDI,2017.0,600000.0,60000.0,Petrol,Individual,Manual,First Owner,9.0,10.0,Maruti
Maruti A-Star Vxi,2009.0,120000.0,76000.0,Petrol,Individual,Manual,Second Owner,17.0,1.5789473684210527,Maruti
Ford Figo Diesel Titanium,2010.0,200000.0,100000.0,Diesel,Individual,Manual,Second Owner,16.0,2.0,Ford
Hyundai Verna 1.6 SX CRDi (O),2012.0,450000.0,110000.0,Diesel,Individual,Manual,Second Owner,14.0,4.090909090909091,Hyundai
Hyundai Verna 1.6 SX CRDi (O),2012.0,550000.0,80000.0,Diesel,Individual,Manual,Second Owner,14.0,6.875,Hyundai
Unknown,2012.0,220000.0,80000.0,Petrol,Individual,Manual,Second Owner,14.0,2.75,Unknown
Maruti 800 EX,2001.0,350000.0,30000.0,Petrol,Individual,Manual,First Owner,25.0,11.666666666666666,Maruti
Renault KWID Climber 1.0 AMT,2017.0,300000.0,20000.0,Petrol,Individual,Automatic,First Owner,9.0,15.0,Renault
Mahindra Bolero Power Plus SLE,2018.0,630000.0,40000.0,Diesel,Individual,Manual,First Owner,8.0,15.75,Mahindra
Maruti Swift Dzire VDI,2017.0,610000.0,40000.0,Diesel,Individual,Manual,Second Owner,9.0,15.25,Maruti
Hyundai Xcent 1.2 VTVT S,2019.0,660000.0,7000.0,Petrol,Individual,Manual,Second Owner,7.0,94.28571428571429,Hyundai
Maruti Wagon R LXI LPG BSIV,2012.0,220000.0,80000.0,LPG,Individual,Manual,Second Owner,14.0,2.75,Maruti
Nissan Micra Diesel XV Premium,2011.0,138000.0,90000.0,Diesel,Individual,Manual,Second Owner,15.0,1.5333333333333334,Nissan
Nissan Micra Diesel XV Premium,2013.0,210000.0,13770.0,Petrol,Individual,Manual,First Owner,13.0,15.250544662309368,Nissan
Maruti Zen LXi - BS III,2005.0,125000.0,34000.0,Petrol,Dealer,Manual,First Owner,21.0,3.676470588235294,Maruti
Maruti Alto LXi BSIII,2008.0,125000.0,60000.0,Petrol,Dealer,Manual,First Owner,18.0,2.0833333333333335,Maruti
Honda City i DTEC SV,2014.0,725000.0,110000.0,Diesel,Individual,Manual,First Owner,12.0,6.590909090909091,Honda
Maruti Alto K10 2010-2014 VXI,2011.0,170000.0,90000.0,Petrol,Individual,Manual,Second Owner,15.0,1.8888888888888888,Maruti
Toyota Innova 2.5 VX (Diesel) 7 Seater,2015.0,1200000.0,70000.0,Diesel,Individual,Manual,Third Owner,11.0,17.142857142857142,Toyota
Maruti Wagon R VXI BSIII,2003.0,70000.0,90000.0,Petrol,Individual,Manual,Second Owner,23.0,0.7777777777777778,Maruti
Maruti Alto LXi,2007.0,100000.0,70000.0,Petrol,Individual,Manual,Second Owner,19.0,1.4285714285714286,Maruti
Honda Civic 1.8 (E) MT,2006.0,300000.0,80000.0,Petrol,Individual,Manual,Second Owner,20.0,3.75,Honda
Maruti Swift VDI,2013.0,450000.0,100000.0,Petrol,Individual,Manual,Second Owner,13.0,4.5,Maruti
Maruti Swift Dzire VDI,2015.0,350000.0,100000.0,Diesel,Individual,Manual,First Owner,11.0,3.5,Maruti
Maruti Zen Estilo 1.1 LXI BSIII,2007.0,100000.0,143000.0,Petrol,Individual,Manual,Third Owner,19.0,0.6993006993006993,Maruti
Honda City 1.5 V MT,2010.0,350000.0,115000.0,Petrol,Individual,Manual,Second Owner,16.0,3.0434782608695654,Honda
Tata Manza ELAN Quadrajet BS IV,2011.0,165000.0,60000.0,Diesel,Individual,Manual,Second Owner,15.0,2.75,Tata
Maruti Swift Dzire ZDI,2019.0,475000.0,120000.0,Diesel,Individual,Manual,Second Owner,7.0,3.9583333333333335,Maruti
Mahindra Xylo E4 ABS BS IV,2013.0,350000.0,42000.0,Diesel,Individual,Manual,First Owner,13.0,8.333333333333334,Mahindra
Renault KWID RXL,2016.0,229999.0,38000.0,Petrol,Individual,Manual,First Owner,10.0,6.052605263157894,Renault
Honda WR-V i-DTEC VX,2018.0,800000.0,35000.0,Diesel,Individual,Manual,First Owner,8.0,22.857142857142858,Honda
Maruti Swift Dzire ZDI,2014.0,475000.0,120000.0,Diesel,Individual,Manual,Second Owner,12.0,3.9583333333333335,Maruti
Nissan Terrano XL 110 PS,2014.0,425000.0,136906.0,Diesel,Individual,Manual,First Owner,12.0,3.104319752238762,Nissan
Maruti Ciaz VDi Plus,2015.0,660000.0,60000.0,Diesel,Individual,Manual,Second Owner,11.0,11.0,Maruti
Honda Amaze S CVT Petrol,2019.0,610000.0,10000.0,Petrol,Individual,Automatic,First Owner,7.0,61.0,Honda
Honda Brio S MT,2013.0,240000.0,60000.0,Petrol,Individual,Manual,Third Owner,13.0,4.0,Honda
Maruti Esteem Lxi,2005.0,70000.0,60000.0,Petrol,Individual,Manual,Second Owner,21.0,1.1666666666666667,Maruti
Toyota Corolla Altis Diesel D4DGL,2011.0,350000.0,120000.0,Diesel,Individual,Manual,First Owner,15.0,2.9166666666666665,Toyota
Tata Indica Vista Aura 1.2 Safire,2010.0,100000.0,60000.0,Petrol,Individual,Manual,Second Owner,16.0,1.6666666666666667,Tata
Mahindra Bolero SLE,2010.0,350000.0,90000.0,Diesel,Individual,Manual,Second Owner,16.0,3.888888888888889,Mahindra
Hyundai EON Era Plus,2013.0,200000.0,120000.0,Petrol,Individual,Manual,First Owner,13.0,1.6666666666666667,Hyundai
Hyundai Elite i20 Asta Option CVT BSIV,2019.0,720000.0,60000.0,Petrol,Individual,Automatic,First Owner,7.0,12.0,Hyundai
Maruti Ritz VDi,2014.0,350000.0,60000.0,Petrol,Individual,Manual,First Owner,12.0,5.833333333333333,Maruti
Maruti Wagon R VXI BS IV,2016.0,400000.0,25000.0,Petrol,Individual,Manual,First Owner,10.0,16.0,Maruti
Hyundai i20 Active 1.2 S,2017.0,570000.0,35000.0,Petrol,Individual,Manual,First Owner,9.0,16.285714285714285,Hyundai
Maruti Omni MPI STD BSIV,2015.0,130000.0,70000.0,Petrol,Individual,Manual,First Owner,11.0,1.8571428571428572,Maruti
Maruti Alto 800 LXI,2016.0,210000.0,52000.0,Petrol,Individual,Manual,First Owner,10.0,4.038461538461538,Maruti
Hyundai Creta 1.4 E Plus,2018.0,800000.0,52000.0,Diesel,Individual,Manual,First Owner,8.0,15.384615384615385,Hyundai
Honda Jazz 1.5 E i DTEC,2017.0,700000.0,39000.0,Diesel,Individual,Manual,First Owner,9.0,17.94871794871795,Honda
Tata Indica Vista Quadrajet VX,2011.0,200000.0,28689.0,Diesel,Individual,Manual,First Owner,15.0,6.971313046812367,Tata
Tata Aria Pure LX 4x2,2014.0,495000.0,90000.0,Diesel,Individual,Manual,Second Owner,12.0,5.5,Tata
Ford Fiesta Classic 1.4 Duratorq CLXI,2014.0,325000.0,80322.0,Diesel,Individual,Manual,First Owner,12.0,4.0462139886955,Ford
Ford Freestyle Trend Petrol BSIV,2019.0,650000.0,8000.0,Petrol,Individual,Manual,First Owner,7.0,81.25,Ford
Mahindra Jeep MM 775 XDB,2000.0,155000.0,50000.0,Diesel,Individual,Manual,Second Owner,26.0,3.1,Mahindra
Maruti 800 AC BSIII,2014.0,350000.0,90000.0,Petrol,Individual,Manual,Second Owner,12.0,3.888888888888889,Maruti
Hyundai Grand i10 1.2 CRDi Magna,2015.0,350000.0,61658.0,Diesel,Dealer,Manual,First Owner,11.0,5.676473450322748,Hyundai
Maruti Zen Estilo LX BSIV,2010.0,90000.0,50000.0,Petrol,Individual,Manual,Third Owner,16.0,1.8,Maruti
Maruti Ertiga SHVS VDI,2016.0,600000.0,80000.0,Diesel,Individual,Manual,First Owner,10.0,7.5,Maruti
Unknown,2010.0,400000.0,185000.0,Diesel,Individual,Manual,First Owner,16.0,2.1621621621621623,Unknown
Maruti Swift VDI BSIV,2014.0,370000.0,57000.0,Diesel,Individual,Manual,Second Owner,12.0,6.491228070175438,Maruti
Maruti 800 DX,2000.0,350000.0,60000.0,Petrol,Individual,Manual,First Owner,26.0,5.833333333333333,Maruti
Honda City 1.5 GXI,2004.0,125000.0,120000.0,Petrol,Individual,Manual,Second Owner,22.0,1.0416666666666667,Honda
Honda CR-V Diesel 4WD,2018.0,1800000.0,26000.0,Diesel,Individual,Automatic,First Owner,8.0,69.23076923076923,Honda
Hyundai Grand i10 1.2 Kappa Magna AT,2019.0,650000.0,60000.0,Petrol,Individual,Automatic,First Owner,7.0,10.833333333333334,Hyundai
Maruti Ertiga BSIV VXI AT,2017.0,800000.0,30600.0,Petrol,Individual,Manual,First Owner,9.0,26.143790849673202,Maruti
Volkswagen Polo 1.0 TSI Highline Plus,2020.0,802000.0,5000.0,Petrol,Individual,Manual,First Owner,6.0,160.4,Volkswagen
Audi A4 35 TDI Premium,2015.0,2300000.0,35000.0,Diesel,Individual,Automatic,Third Owner,11.0,65.71428571428571,Audi
Hyundai Xcent 1.1 CRDi SX,2016.0,430000.0,35000.0,Diesel,Individual,Manual,First Owner,10.0,12.285714285714286,Hyundai
Hyundai Verna 1.6 SX VTVT,2017.0,650000.0,60000.0,Petrol,Individual,Manual,First Owner,9.0,10.833333333333334,Hyundai
Unknown,2004.0,170000.0,120000.0,Diesel,Individual,Manual,First Owner,22.0,1.4166666666666667,Unknown
Skoda Superb Elegance 2.0 TDI CR AT,2011.0,450000.0,235000.0,Diesel,Individual,Automatic,First Owner,15.0,1.9148936170212767,Skoda
Maruti Alto 800 LXI,2013.0,250000.0,87000.0,Petrol,Individual,Manual,First Owner,13.0,2.8735632183908044,Maruti
Unknown,2014.0,550000.0,72000.0,Petrol,Individual,Manual,Second Owner,12.0,7.638888888888889,Unknown
Jaguar XF 3.0 Litre S Premium Luxury,2013.0,2000000.0,64000.0,Diesel,Individual,Automatic,Second Owner,13.0,31.25,Jaguar
Maruti Zen Estilo VXI BSIII,2007.0,140000.0,100000.0,Petrol,Individual,Manual,Second Owner,19.0,1.4,Maruti
Chevrolet Beat LT,2012.0,155000.0,12000.0,Petrol,Individual,Manual,First Owner,14.0,12.916666666666666,Chevrolet
Hyundai Accent Executive,2010.0,120000.0,67000.0,Petrol,Individual,Manual,Third Owner,16.0,1.791044776119403,Hyundai
Toyota Innova 2.5 E 8 STR,2012.0,287000.0,70000.0,Diesel,Individual,Manual,First Owner,14.0,4.1,Toyota
Unknown,2016.0,675000.0,60000.0,Diesel,Individual,Manual,First Owner,10.0,11.25,Unknown
Hyundai i10 Magna 1.2 iTech SE,2011.0,235000.0,74500.0,Petrol,Individual,Manual,Second Owner,15.0,3.1543624161073827,Hyundai
Hyundai i20 1.4 CRDi Asta,2011.0,300000.0,118700.0,Diesel,Individual,Manual,Second Owner,15.0,2.527379949452401,Hyundai
Nissan Micra XL CVT,2015.0,434999.0,40000.0,Petrol,Individual,Automatic,Second Owner,11.0,10.874975,Nissan
Unknown,2004.0,225000.0,223660.0,Diesel,Individual,Automatic,Third Owner,22.0,1.0059912366985604,Unknown
Toyota Corolla AE,2014.0,160000.0,140000.0,Petrol,Individual,Manual,Second Owner,12.0,1.1428571428571428,Toyota
Hyundai Grand i10 Nios Sportz,2020.0,600000.0,5000.0,Petrol,Individual,Manual,First Owner,6.0,120.0,Hyundai
Chevrolet Tavera Neo 3 LT 9 Seats BSIII,2016.0,470000.0,100000.0,Diesel,Individual,Manual,Second Owner,10.0,4.7,Chevrolet
Maruti Swift Dzire VXi,2011.0,300000.0,100000.0,Petrol,Individual,Manual,Second Owner,15.0,3.0,Maruti
Maruti Baleno Delta 1.2,2018.0,350000.0,2000.0,Petrol,Individual,Manual,First Owner,8.0,175.0,Maruti
Hyundai Grand i10 Nios AMT Magna,2020.0,640000.0,4000.0,Petrol,Individual,Automatic,First Owner,6.0,160.0,Hyundai
Tata Indica DLS,2006.0,50000.0,120000.0,Diesel,Individual,Manual,Fourth & Above Owner,20.0,0.4166666666666667,Tata
Hyundai Verna 1.6 VTVT S,2014.0,600000.0,35000.0,Petrol,Individual,Manual,First Owner,12.0,17.142857142857142,Hyundai
Unknown,2014.0,290000.0,29000.0,LPG,Individual,Manual,First Owner,12.0,10.0,Unknown
Hyundai Verna 1.6 VTVT S,2015.0,600000.0,30000.0,Petrol,Individual,Manual,First Owner,11.0,20.0,Hyundai
Tata Manza Aqua Quadrajet BS IV,2012.0,190000.0,120000.0,Diesel,Individual,Manual,First Owner,14.0,1.5833333333333333,Tata
Hyundai i10 Era 1.1,2008.0,160000.0,110000.0,Petrol,Individual,Manual,Third Owner,18.0,1.4545454545454546,Hyundai
Maruti Alto K10 VXI,2017.0,325000.0,15000.0,Petrol,Individual,Manual,First Owner,9.0,21.666666666666668,Maruti
Mahindra Bolero DI,2006.0,350000.0,73756.0,Diesel,Individual,Manual,First Owner,20.0,4.745376647323607,Mahindra
Toyota Fortuner 2.8 2WD AT BSIV,2018.0,2800000.0,40000.0,Diesel,Individual,Manual,First Owner,8.0,70.0,Toyota
Chevrolet Spark 1.0 LS,2011.0,125000.0,60000.0,Petrol,Individual,Manual,Third Owner,15.0,2.0833333333333335,Chevrolet
Hyundai i10 Magna 1.1,2008.0,155000.0,60000.0,Petrol,Individual,Manual,Fourth & Above Owner,18.0,2.5833333333333335,Hyundai
Hyundai i20 Asta 1.4 CRDi,2014.0,550000.0,90000.0,Diesel,Individual,Manual,First Owner,12.0,6.111111111111111,Hyundai
Maruti Wagon R LX BSIII,2009.0,130000.0,70000.0,Petrol,Individual,Manual,Fourth & Above Owner,17.0,1.8571428571428572,Maruti
Maruti 800 AC,2002.0,80000.0,70000.0,Petrol,Individual,Manual,Second Owner,24.0,1.1428571428571428,Maruti
Toyota Etios Cross 1.4L GD,2015.0,500000.0,80000.0,Diesel,Individual,Manual,Second Owner,11.0,6.25,Toyota
Renault KWID RXT BSIV,2019.0,250000.0,27000.0,Petrol,Individual,Manual,First Owner,7.0,9.25925925925926,Renault
Mahindra XUV500 W8 2WD,2012.0,580000.0,70000.0,Diesel,Individual,Manual,First Owner,14.0,8.285714285714286,Mahindra
Daewoo Matiz SD,2002.0,60000.0,50000.0,Petrol,Individual,Manual,First Owner,24.0,1.2,Daewoo
Toyota Etios GD,2012.0,300000.0,185000.0,Diesel,Individual,Manual,First Owner,14.0,1.6216216216216217,Toyota
Ford Figo Diesel Titanium,2014.0,200000.0,90000.0,Diesel,Individual,Manual,Second Owner,12.0,2.2222222222222223,Ford
Tata Hexa XT,2017.0,1200000.0,16400.0,Diesel,Individual,Manual,First Owner,9.0,73.17073170731707,Tata
Unknown,2015.0,350000.0,80000.0,Diesel,Individual,Manual,Second Owner,11.0,4.375,Unknown
Mahindra XUV500 W8 4WD,2012.0,350000.0,60000.0,Diesel,Individual,Manual,Second Owner,14.0,5.833333333333333,Mahindra
Honda Jazz V,2019.0,650000.0,4000.0,Petrol,Individual,Manual,First Owner,7.0,162.5,Honda
Maruti A-Star Lxi,2008.0,120000.0,40000.0,Petrol,Individual,Manual,First Owner,18.0,3.0,Maruti
Tata New Safari DICOR 2.2 EX 4x2,2010.0,180000.0,120000.0,Diesel,Individual,Manual,Second Owner,16.0,1.5,Tata
Hyundai Verna VTVT 1.6 AT SX Option,2018.0,950000.0,41395.0,Petrol,Individual,Automatic,First Owner,8.0,22.949631598019085,Hyundai
Tata Manza Aura Quadrajet BS IV,2012.0,350000.0,35000.0,Diesel,Individual,Manual,Second Owner,14.0,10.0,Tata
Audi A8 L 3.0 TDI quattro,2009.0,1250000.0,60000.0,Diesel,Dealer,Automatic,Second Owner,17.0,20.833333333333332,Audi
Chevrolet Beat LT,2013.0,165000.0,50000.0,Petrol,Individual,Manual,First Owner,13.0,3.3,Chevrolet
Hyundai Elantra SX,2015.0,700000.0,48000.0,Petrol,Dealer,Manual,First Owner,11.0,14.583333333333334,Hyundai
Unknown,2015.0,750000.0,53000.0,Diesel,Dealer,Manual,First Owner,11.0,14.150943396226415,Unknown
Mahindra Renault Logan 1.5 DLS,2008.0,89999.0,60000.0,Diesel,Individual,Manual,First Owner,18.0,1.4999833333333332,Mahindra
Datsun redi-GO AMT 1.0 T Option,2018.0,290000.0,15000.0,Petrol,Dealer,Automatic,First Owner,8.0,19.333333333333332,Datsun
Tata Nano Cx BSIII,2014.0,45000.0,7000.0,Petrol,Individual,Manual,Second Owner,12.0,6.428571428571429,Tata
Skoda Superb Ambition 2.0 TDI CR AT,2013.0,675000.0,88000.0,Diesel,Dealer,Automatic,First Owner,13.0,7.670454545454546,Skoda
Nissan Terrano XL Plus 85 PS,2015.0,530000.0,55000.0,Diesel,Dealer,Manual,First Owner,11.0,9.636363636363637,Nissan
BMW X1 sDrive20d M Sport,2014.0,1485000.0,48000.0,Diesel,Dealer,Automatic,First Owner,12.0,30.9375,BMW
Chevrolet Enjoy TCDi LT 7 Seater,2014.0,325000.0,71014.0,Diesel,Dealer,Manual,First Owner,12.0,4.576562367983778,Chevrolet
Honda Amaze S Diesel,2015.0,350000.0,60000.0,Diesel,Dealer,Manual,First Owner,11.0,5.833333333333333,Honda
Mahindra KUV 100 D75 K6 Plus,2017.0,380000.0,71000.0,Diesel,Dealer,Manual,First Owner,9.0,5.352112676056338,Mahindra
Honda City i-VTEC CVT VX,2014.0,750000.0,45000.0,Petrol,Dealer,Automatic,First Owner,12.0,16.666666666666668,Honda
Honda Brio VX,2017.0,390000.0,45000.0,Petrol,Dealer,Manual,First Owner,9.0,8.666666666666666,Honda
MG Hector Sharp Diesel MT BSIV,2019.0,1825000.0,14000.0,Diesel,Dealer,Manual,First Owner,7.0,130.35714285714286,MG
Audi A4 35 TDI Premium Plus,2019.0,3256000.0,17000.0,Diesel,Dealer,Automatic,First Owner,7.0,191.52941176470588,Audi
Renault Scala Diesel RxL,2015.0,370000.0,60000.0,Diesel,Dealer,Manual,First Owner,11.0,6.166666666666667,Renault
Chevrolet Beat Diesel LT,2013.0,210000.0,80000.0,Diesel,Individual,Manual,Second Owner,13.0,2.625,Chevrolet
Skoda Laura Ambiente 1.9 PD,2007.0,175000.0,60000.0,Diesel,Individual,Manual,Fourth & Above Owner,19.0,2.9166666666666665,Skoda
Unknown,2012.0,575000.0,89550.0,Diesel,Individual,Manual,Second Owner,14.0,6.420993858179788,Unknown
Mahindra Xylo D4,2010.0,320000.0,60000.0,Diesel,Individual,Manual,Third Owner,16.0,5.333333333333333,Mahindra
Maruti Swift Ldi BSIV,2010.0,280000.0,149500.0,Diesel,Individual,Manual,Third Owner,16.0,1.8729096989966556,Maruti
Renault Duster 85PS Diesel RxL Optional,2013.0,500000.0,190000.0,Diesel,Individual,Manual,Second Owner,13.0,2.6315789473684212,Renault
Ford Fiesta Diesel Style,2013.0,380000.0,83000.0,Diesel,Individual,Manual,First Owner,13.0,4.578313253012048,Ford
Maruti 800 AC BSIII,2005.0,120000.0,20000.0,Petrol,Individual,Manual,Second Owner,21.0,6.0,Maruti
Maruti Eeco 5 Seater AC BSIV,2018.0,395000.0,20000.0,Petrol,Individual,Manual,First Owner,8.0,19.75,Maruti
Skoda Laura 1.9 TDI MT Ambiente,2010.0,360000.0,160000.0,Diesel,Individual,Manual,First Owner,16.0,2.25,Skoda
Nissan Terrano XL Plus 85 PS,2015.0,451000.0,100000.0,Petrol,Individual,Manual,First Owner,11.0,4.51,Nissan
Chevrolet Spark 1.0 LS,2010.0,175000.0,45000.0,Petrol,Individual,Manual,Second Owner,16.0,3.888888888888889,Chevrolet
Chevrolet Spark 1.0 LS,2009.0,170000.0,44800.0,Petrol,Individual,Manual,Second Owner,17.0,3.794642857142857,Chevrolet
Hyundai Santro Xing XL eRLX Euro III,2006.0,100000.0,40000.0,Petrol,Individual,Manual,First Owner,20.0,2.5,Hyundai
Maruti Omni MPI STD BSIV,2014.0,350000.0,120000.0,Petrol,Individual,Manual,Third Owner,12.0,2.9166666666666665,Maruti
Tata Indica Vista Quadrajet LX,2011.0,149000.0,10000.0,Diesel,Individual,Manual,Second Owner,15.0,14.9,Tata
Tata Indica Vista Aqua 1.3 Quadrajet,2011.0,160000.0,80000.0,Diesel,Individual,Manual,Second Owner,15.0,2.0,Tata
Mahindra XUV500 W8 4WD,2014.0,800000.0,156000.0,Diesel,Individual,Manual,First Owner,12.0,5.128205128205129,Mahindra
Toyota Innova 2.5 VX (Diesel) 7 Seater BS IV,2010.0,819999.0,120000.0,Diesel,Individual,Manual,First Owner,16.0,6.833325,Toyota
Maruti Baleno Vxi,2007.0,163000.0,100000.0,Petrol,Individual,Manual,Second Owner,19.0,1.63,Maruti
Unknown,2001.0,350000.0,100000.0,Petrol,Individual,Manual,Second Owner,25.0,3.5,Unknown
Tata Indica GLS BS IV,2014.0,75000.0,100000.0,Petrol,Individual,Manual,Second Owner,12.0,0.75,Tata
Maruti Alto LXi,2012.0,180000.0,60000.0,Petrol,Individual,Manual,Second Owner,14.0,3.0,Maruti
Ford Figo Aspire 1.5 TDCi Trend,2017.0,675000.0,30000.0,Diesel,Individual,Manual,First Owner,9.0,22.5,Ford
Maruti Swift VDI,2013.0,400000.0,170000.0,Diesel,Individual,Manual,First Owner,13.0,2.3529411764705883,Maruti
Volkswagen Polo Diesel Highline 1.2L,2013.0,434999.0,100000.0,Diesel,Individual,Manual,Second Owner,13.0,4.34999,Volkswagen
Tata Indigo GLX,2006.0,100000.0,110000.0,Petrol,Individual,Manual,Second Owner,20.0,0.9090909090909091,Tata
Maruti Swift Dzire LDI Optional,2015.0,419000.0,170000.0,Diesel,Individual,Manual,Second Owner,11.0,2.4647058823529413,Maruti
Tata Indica GLS BS IV,2009.0,200000.0,100000.0,Petrol,Individual,Manual,First Owner,17.0,2.0,Tata
Renault Scala Diesel RxL,2014.0,400000.0,35000.0,Diesel,Individual,Manual,First Owner,12.0,11.428571428571429,Renault
Ford EcoSport 1.5 Diesel Ambiente BSIV,2018.0,350000.0,60000.0,Diesel,Individual,Manual,Second Owner,8.0,5.833333333333333,Ford
Unknown,2015.0,500000.0,90000.0,Diesel,Individual,Manual,Second Owner,11.0,5.555555555555555,Unknown
Skoda Rapid 1.6 TDI Elegance,2012.0,275000.0,120000.0,Diesel,Individual,Manual,Second Owner,14.0,2.2916666666666665,Skoda
Unknown,2012.0,450000.0,120000.0,Diesel,Individual,Manual,Second Owner,14.0,3.75,Unknown
Mahindra XUV500 W11 Option AWD,2020.0,1400000.0,25000.0,Diesel,Dealer,Manual,First Owner,6.0,56.0,Mahindra
Renault Duster 110PS Diesel RxL,2014.0,800000.0,15000.0,Diesel,Individual,Manual,First Owner,12.0,53.333333333333336,Renault
Maruti Wagon R VXI,2014.0,315000.0,41000.0,Petrol,Individual,Manual,First Owner,12.0,7.682926829268292,Maruti
Unknown,2016.0,585000.0,51000.0,Petrol,Dealer,Manual,First Owner,10.0,11.470588235294118,Unknown
Honda City i-DTEC SV,2014.0,495000.0,80000.0,Diesel,Dealer,Manual,First Owner,12.0,6.1875,Honda
Hyundai Grand i10 1.2 Kappa Asta,2017.0,500000.0,50000.0,Petrol,Individual,Manual,First Owner,9.0,10.0,Hyundai
Maruti Wagon R VXI,2016.0,360000.0,33000.0,Petrol,Dealer,Manual,First Owner,10.0,10.909090909090908,Maruti
Maruti Alto LXi BSIII,2010.0,210000.0,25000.0,Petrol,Individual,Manual,First Owner,16.0,8.4,Maruti
Maruti Alto K10 LXI,2014.0,350000.0,66000.0,Petrol,Dealer,Manual,First Owner,12.0,5.303030303030303,Maruti
Chevrolet Aveo 1.4 LT BSIV,2009.0,250000.0,48000.0,Petrol,Individual,Manual,First Owner,17.0,5.208333333333333,Chevrolet
Toyota Innova 2.5 G (Diesel) 8 Seater,2016.0,990000.0,146000.0,Diesel,Dealer,Manual,First Owner,10.0,6.780821917808219,Toyota
Mahindra Quanto C4,2013.0,220000.0,100000.0,Diesel,Individual,Manual,Fourth & Above Owner,13.0,2.2,Mahindra
Jaguar XF 3.0 Litre S Premium Luxury,2012.0,1800000.0,50000.0,Diesel,Individual,Automatic,Second Owner,14.0,36.0,Jaguar
Honda City i VTEC V,2014.0,530000.0,50000.0,Petrol,Individual,Manual,First Owner,12.0,10.6,Honda
Maruti Baleno Alpha 1.3,2016.0,575000.0,50000.0,Diesel,Individual,Manual,First Owner,10.0,11.5,Maruti
Mahindra Xylo E4,2012.0,400000.0,99000.0,Diesel,Dealer,Manual,First Owner,14.0,4.040404040404041,Mahindra
Honda Mobilio S i DTEC,2016.0,680000.0,50000.0,Diesel,Individual,Manual,First Owner,10.0,13.6,Honda
Hyundai Santa Fe 4WD AT,2014.0,1000000.0,80000.0,Diesel,Individual,Automatic,First Owner,12.0,12.5,Hyundai
Maruti Alto 800 LXI,2016.0,260000.0,45000.0,Petrol,Individual,Manual,Second Owner,10.0,5.777777777777778,Maruti
Tata Manza Aura (ABS) Safire BS IV,2010.0,150000.0,60000.0,Petrol,Individual,Manual,Second Owner,16.0,2.5,Tata
Maruti Alto LXi BSIII,2008.0,180000.0,70000.0,Petrol,Individual,Manual,First Owner,18.0,2.5714285714285716,Maruti
Force One EX,2014.0,346000.0,60000.0,Diesel,Individual,Manual,First Owner,12.0,5.766666666666667,Force
Mahindra Xylo D2 BS IV,2015.0,450000.0,20000.0,Diesel,Individual,Manual,First Owner,11.0,22.5,Mahindra
Hyundai Grand i10 1.2 Kappa Sportz BSIV,2019.0,500000.0,5000.0,Petrol,Individual,Manual,First Owner,7.0,100.0,Hyundai
Hyundai Grand i10 1.2 CRDi Asta,2019.0,350000.0,8000.0,Petrol,Individual,Manual,First Owner,7.0,43.75,Hyundai
Maruti Alto 800 LXI,2019.0,280000.0,25880.0,Petrol,Individual,Manual,First Owner,7.0,10.819165378670789,Maruti
Hyundai Santro Magna AMT BSIV,2019.0,475000.0,10000.0,Petrol,Individual,Automatic,First Owner,7.0,47.5,Hyundai
Maruti Swift Dzire VDi,2009.0,300000.0,50000.0,Diesel,Individual,Manual,First Owner,17.0,6.0,Maruti
Unknown,2014.0,200999.0,40000.0,Petrol,Individual,Manual,First Owner,12.0,5.024975,Unknown
Skoda Laura 1.9 TDI MT Ambiente,2009.0,200000.0,100000.0,Diesel,Individual,Manual,Third Owner,17.0,2.0,Skoda
Chevrolet Aveo U-VA 1.2 LS,2009.0,210000.0,80000.0,Petrol,Individual,Manual,Second Owner,17.0,2.625,Chevrolet
Tata Indigo LS BSII,2012.0,160000.0,110000.0,Diesel,Individual,Manual,First Owner,14.0,1.4545454545454546,Tata
Hyundai Verna CRDi SX ABS,2009.0,175000.0,136000.0,Diesel,Individual,Manual,Second Owner,17.0,1.286764705882353,Hyundai
Tata New Safari DICOR 2.2 GX 4x2 BS IV,2012.0,320000.0,80000.0,Diesel,Individual,Manual,First Owner,14.0,4.0,Tata
Maruti Alto LXi,2009.0,110000.0,50000.0,Petrol,Individual,Manual,Second Owner,17.0,2.2,Maruti
Maruti Wagon R LXI Minor,2008.0,300000.0,30000.0,Petrol,Individual,Manual,First Owner,18.0,10.0,Maruti
Honda City V MT,2012.0,700000.0,10000.0,Petrol,Individual,Manual,First Owner,14.0,70.0,Honda
Tata Indica Vista Aura 1.3 Quadrajet,2009.0,135000.0,90000.0,Diesel,Individual,Manual,Fourth & Above Owner,17.0,1.5,Tata
Mahindra Bolero Power Plus Plus Non AC BSIV PS,2015.0,500000.0,110000.0,Diesel,Individual,Manual,First Owner,11.0,4.545454545454546,Mahindra
Mahindra Scorpio VLX 2WD AIRBAG BSIV,2012.0,550000.0,120000.0,Diesel,Individual,Manual,Second Owner,14.0,4.583333333333333,Mahindra
Toyota Innova 2.5 Z Diesel 7 Seater BS IV,2014.0,1050000.0,90000.0,Diesel,Individual,Manual,Third Owner,12.0,11.666666666666666,Toyota
Honda City i VTEC V,2016.0,500000.0,60000.0,Petrol,Individual,Manual,First Owner,10.0,8.333333333333334,Honda
Maruti Ritz VDi,2011.0,180000.0,90000.0,Diesel,Individual,Manual,Second Owner,15.0,2.0,Maruti
Hyundai Santro Xing GLS,2010.0,170000.0,50000.0,Petrol,Individual,Manual,Second Owner,16.0,3.4,Hyundai
Honda Brio 1.2 S Option MT,2019.0,484999.0,9000.0,Petrol,Individual,Manual,First Owner,7.0,53.888777777777776,Honda
Maruti A-Star Vxi,2011.0,150000.0,70000.0,Petrol,Individual,Manual,Second Owner,15.0,2.142857142857143,Maruti
Maruti Alto K10 VXI Airbag,2018.0,380000.0,25000.0,Petrol,Individual,Manual,First Owner,8.0,15.2,Maruti
Hyundai Santro Sportz BSIV,2019.0,480000.0,10000.0,Petrol,Individual,Manual,First Owner,7.0,48.0,Hyundai
Tata Indica Vista Aura 1.3 Quadrajet,2009.0,135000.0,90000.0,Petrol,Individual,Manual,Fourth & Above Owner,17.0,1.5,Tata
Volkswagen Polo Diesel Highline 1.2L,2011.0,350000.0,60000.0,Diesel,Individual,Manual,Second Owner,15.0,5.833333333333333,Volkswagen
Fiat Linea Dynamic,2013.0,350000.0,70000.0,Petrol,Individual,Manual,First Owner,13.0,5.0,Fiat
Maruti Alto 800 LXI,2014.0,110000.0,25000.0,Petrol,Individual,Manual,First Owner,12.0,4.4,Maruti
Hyundai Santro LE zipPlus,2003.0,350000.0,80000.0,Petrol,Individual,Manual,Third Owner,23.0,4.375,Hyundai
Volkswagen Vento Petrol Highline AT,2011.0,300000.0,70000.0,Petrol,Individual,Automatic,Third Owner,15.0,4.285714285714286,Volkswagen
Maruti Alto 800 LX,2017.0,180000.0,60000.0,Petrol,Individual,Manual,First Owner,9.0,3.0,Maruti
Renault KWID RXL,2020.0,350000.0,20000.0,Petrol,Individual,Manual,First Owner,6.0,17.5,Renault
Unknown,2017.0,509000.0,60000.0,Petrol,Individual,Manual,First Owner,9.0,8.483333333333333,Unknown
Maruti SX4 S Cross DDiS 320 Zeta,2016.0,650000.0,80000.0,Diesel,Individual,Manual,First Owner,10.0,8.125,Maruti
Maruti Swift VDI BSIV,2015.0,450000.0,70000.0,Petrol,Individual,Manual,Third Owner,11.0,6.428571428571429,Maruti
Mahindra Jeep Classic,1999.0,170000.0,2020.0,Diesel,Individual,Manual,Second Owner,27.0,84.15841584158416,Mahindra
Mahindra Scorpio 2.6 Turbo 7 Str,2007.0,210000.0,100000.0,Diesel,Individual,Manual,Second Owner,19.0,2.1,Mahindra
Hyundai i20 Asta 1.4 CRDi,2013.0,360000.0,80000.0,Diesel,Individual,Manual,Second Owner,13.0,4.5,Hyundai
Toyota Innova 2.5 GX (Diesel) 7 Seater BS IV,2011.0,495000.0,120000.0,Diesel,Individual,Manual,Second Owner,15.0,4.125,Toyota
Maruti Alto LX,2006.0,105000.0,100000.0,Petrol,Individual,Manual,Third Owner,20.0,1.05,Maruti
Hyundai i20 Magna,2010.0,270000.0,60000.0,Petrol,Individual,Manual,Third Owner,16.0,4.5,Hyundai
Ford Figo Petrol LXI,2010.0,350000.0,110000.0,Petrol,Individual,Manual,First Owner,16.0,3.1818181818181817,Ford
Honda City i DTEC S,2014.0,700000.0,90000.0,Petrol,Individual,Manual,Second Owner,12.0,7.777777777777778,Honda
Chevrolet Cruze LTZ,2012.0,400000.0,40000.0,Diesel,Individual,Manual,First Owner,14.0,10.0,Chevrolet
Maruti Swift ZXI ABS,2009.0,250000.0,60000.0,Petrol,Individual,Manual,Second Owner,17.0,4.166666666666667,Maruti
Honda Amaze VX i-DTEC,2013.0,325000.0,94000.0,Diesel,Individual,Manual,Second Owner,13.0,3.4574468085106385,Honda
Maruti Alto LXi,2008.0,69000.0,100000.0,Petrol,Individual,Manual,First Owner,18.0,0.69,Maruti
Mahindra Scorpio S11 BSIV,2018.0,1380000.0,25000.0,Diesel,Individual,Manual,First Owner,8.0,55.2,Mahindra
Maruti Zen Estilo VXI BSIII,2007.0,90000.0,90000.0,Petrol,Individual,Manual,First Owner,19.0,1.0,Maruti
Mahindra XUV500 W6 1.99 mHawk,2016.0,1000000.0,40000.0,Diesel,Individual,Manual,First Owner,10.0,25.0,Mahindra
Hyundai Accent GLE CNG,2010.0,145000.0,90000.0,CNG,Individual,Manual,Second Owner,16.0,1.6111111111111112,Hyundai
Maruti Alto K10 LX,2020.0,250000.0,1100.0,Petrol,Individual,Manual,Fourth & Above Owner,6.0,227.27272727272728,Maruti
Maruti Swift VDI,2011.0,256000.0,70000.0,Diesel,Individual,Manual,Third Owner,15.0,3.657142857142857,Maruti
Tata Indica DLS,2005.0,70000.0,120000.0,Diesel,Individual,Manual,First Owner,21.0,0.5833333333333334,Tata
Maruti Wagon R VX,2000.0,50000.0,88500.0,Petrol,Individual,Manual,Fourth & Above Owner,26.0,0.5649717514124294,Maruti
Renault KWID RXT,2016.0,240000.0,70000.0,Petrol,Individual,Manual,Second Owner,10.0,3.4285714285714284,Renault
Tata Indica Vista Aqua 1.2 Safire BSIV,2010.0,97000.0,128000.0,Petrol,Individual,Manual,First Owner,16.0,0.7578125,Tata
Tata Indigo CR4,2012.0,130000.0,120000.0,Diesel,Individual,Manual,First Owner,14.0,1.0833333333333333,Tata
Maruti Swift 1.3 VXi,2014.0,199000.0,52536.0,Petrol,Individual,Manual,First Owner,12.0,3.787878787878788,Maruti
Honda Civic 1.8 S AT,2006.0,125000.0,70000.0,Petrol,Individual,Automatic,First Owner,20.0,1.7857142857142858,Honda
Unknown,2015.0,420000.0,60000.0,Diesel,Individual,Manual,First Owner,11.0,7.0,Unknown
Mahindra NuvoSport N8,2016.0,525000.0,110000.0,Diesel,Individual,Manual,First Owner,10.0,4.7727272727272725,Mahindra
Unknown,2008.0,125000.0,85000.0,Petrol,Individual,Manual,First Owner,18.0,1.4705882352941178,Unknown
Hyundai Verna Transform CRDi VGT SX ABS,2014.0,325000.0,135000.0,Diesel,Individual,Manual,First Owner,12.0,2.4074074074074074,Hyundai
Volkswagen Vento New Diesel Highline,2012.0,330000.0,86000.0,Diesel,Individual,Manual,Fourth & Above Owner,14.0,3.8372093023255816,Volkswagen
Maruti Wagon R LXI BS IV,2010.0,110000.0,50000.0,Petrol,Individual,Manual,First Owner,16.0,2.2,Maruti
Maruti S-Presso VXI Plus,2019.0,450000.0,1950.0,Petrol,Individual,Manual,First Owner,7.0,230.76923076923077,Maruti
Maruti Swift 1.3 VXi,2005.0,350000.0,118400.0,Petrol,Individual,Manual,First Owner,21.0,2.956081081081081,Maruti
Honda Civic 1.8 S MT,2007.0,229999.0,70000.0,Petrol,Individual,Manual,Second Owner,19.0,3.2857,Honda
Hyundai i10 Magna,2012.0,250000.0,60000.0,Petrol,Individual,Manual,Second Owner,14.0,4.166666666666667,Hyundai
Ford Ecosport 1.5 DV5 MT Titanium,2014.0,650000.0,68000.0,Diesel,Individual,Manual,First Owner,12.0,9.558823529411764,Ford
Toyota Etios Liva 1.2 VX,2017.0,650000.0,6480.0,Petrol,Trustmark Dealer,Manual,First Owner,9.0,100.30864197530865,Toyota
Maruti Vitara Brezza VDi,2017.0,750000.0,32077.0,Diesel,Trustmark Dealer,Manual,First Owner,9.0,23.381238893911526,Maruti
Toyota Yaris G,2018.0,350000.0,19107.0,Petrol,Trustmark Dealer,Manual,First Owner,8.0,18.31789396556236,Toyota
Hyundai EON Era Plus Option,2017.0,315000.0,18469.0,Petrol,Trustmark Dealer,Manual,First Owner,9.0,17.055606692295196,Hyundai
Maruti Swift LXI Option,2015.0,415000.0,28217.0,Petrol,Trustmark Dealer,Manual,First Owner,11.0,14.707445865967324,Maruti
Unknown,2016.0,640000.0,72787.0,Diesel,Trustmark Dealer,Manual,First Owner,10.0,8.792778930303488,Unknown
Maruti Ciaz 1.4 Alpha,2017.0,780000.0,31063.0,Petrol,Trustmark Dealer,Manual,First Owner,9.0,25.11025979461095,Maruti
Toyota Fortuner 4x2 AT,2017.0,2595000.0,79641.0,Diesel,Trustmark Dealer,Automatic,First Owner,9.0,32.58371944099145,Toyota
Hyundai Creta 1.6 CRDi SX,2015.0,850000.0,58692.0,Diesel,Trustmark Dealer,Manual,First Owner,11.0,14.482382607510393,Hyundai
Hyundai Creta 1.6 CRDi SX,2015.0,900000.0,54784.0,Diesel,Trustmark Dealer,Manual,First Owner,11.0,16.428154205607477,Hyundai
Toyota Corolla Altis GL MT,2016.0,1150000.0,64156.0,Petrol,Trustmark Dealer,Manual,First Owner,10.0,17.925057671924684,Toyota
Maruti Esteem Lxi - BSIII,2007.0,75000.0,54000.0,Petrol,Individual,Manual,First Owner,19.0,1.3888888888888888,Maruti
Volkswagen Vento Diesel Comfortline,2012.0,215000.0,97000.0,Diesel,Individual,Manual,First Owner,14.0,2.216494845360825,Volkswagen
Maruti SX4 ZXI AT,2009.0,130000.0,120000.0,Petrol,Individual,Automatic,Second Owner,17.0,1.0833333333333333,Maruti
Hyundai Santro Magna AMT BSIV,2019.0,400000.0,16000.0,Petrol,Individual,Automatic,First Owner,7.0,25.0,Hyundai
Maruti Swift Dzire AMT ZXI,2019.0,550000.0,60000.0,Petrol,Individual,Automatic,First Owner,7.0,9.166666666666666,Maruti
Chevrolet Beat LT,2016.0,245000.0,52000.0,Petrol,Dealer,Manual,First Owner,10.0,4.711538461538462,Chevrolet
Maruti Swift VDI BSIV,2010.0,350000.0,110000.0,Diesel,Individual,Manual,Fourth & Above Owner,16.0,3.1818181818181817,Maruti
Mahindra TUV 300 T8 AMT,2016.0,730000.0,60000.0,Diesel,Individual,Automatic,Second Owner,10.0,12.166666666666666,Mahindra
Ford Fusion 1.6 Duratec Petrol,2005.0,120000.0,100000.0,Petrol,Individual,Manual,Third Owner,21.0,1.2,Ford
Honda City i-VTEC VX,2014.0,950000.0,35000.0,Petrol,Individual,Manual,First Owner,12.0,27.142857142857142,Honda
Maruti Wagon R VXI BS IV,2017.0,350000.0,48000.0,Petrol,Individual,Manual,Third Owner,9.0,7.291666666666667,Maruti
Maruti Esteem Vxi,2005.0,100000.0,20000.0,Petrol,Individual,Manual,Second Owner,21.0,5.0,Maruti
Maruti Wagon R VXI BS IV,2017.0,350000.0,30000.0,Petrol,Individual,Manual,First Owner,9.0,11.666666666666666,Maruti
Maruti Wagon R VXI BSIII,2005.0,80000.0,40000.0,Petrol,Individual,Manual,Second Owner,21.0,2.0,Maruti
Hyundai Verna 1.6 VTVT,2014.0,370000.0,60000.0,Petrol,Individual,Manual,First Owner,12.0,6.166666666666667,Hyundai
Hyundai EON D Lite Plus,2012.0,160000.0,70000.0,Petrol,Individual,Manual,First Owner,14.0,2.2857142857142856,Hyundai
Tata Sumo Victa EX 7/9 Str BSII,2014.0,350000.0,120000.0,Diesel,Individual,Manual,First Owner,12.0,2.9166666666666665,Tata
Chevrolet Sail Hatchback 1.2 LS,2016.0,250000.0,30000.0,Petrol,Individual,Manual,First Owner,10.0,8.333333333333334,Chevrolet
Tata New Safari DICOR 2.2 GX 4x2 BS IV,2014.0,270000.0,80000.0,Diesel,Individual,Manual,Second Owner,12.0,3.375,Tata
BMW X1 sDrive 20d xLine,2019.0,2600000.0,9500.0,Diesel,Individual,Automatic,First Owner,7.0,273.6842105263158,BMW
Hyundai EON Era Plus,2013.0,160000.0,80000.0,Petrol,Individual,Manual,First Owner,13.0,2.0,Hyundai
Hyundai EON Magna Plus,2016.0,229999.0,80000.0,Petrol,Individual,Manual,First Owner,10.0,2.8749875,Hyundai
Mahindra Bolero Power Plus ZLX,2017.0,750000.0,29000.0,Diesel,Individual,Manual,First Owner,9.0,25.862068965517242,Mahindra
Unknown,2014.0,195000.0,120000.0,Diesel,Individual,Manual,First Owner,12.0,1.625,Unknown
Toyota Etios Cross 1.2L G,2014.0,320000.0,60000.0,Petrol,Individual,Manual,First Owner,12.0,5.333333333333333,Toyota
Datsun RediGO S,2016.0,270000.0,22000.0,Petrol,Individual,Manual,First Owner,10.0,12.272727272727273,Datsun
Skoda Fabia 1.2 MPI Ambition Plus,2012.0,300000.0,50000.0,Petrol,Individual,Manual,First Owner,14.0,6.0,Skoda
Chevrolet Beat Diesel LT,2012.0,200000.0,60000.0,Diesel,Individual,Manual,First Owner,14.0,3.3333333333333335,Chevrolet
Maruti Zen Estilo 1.1 LXI BSIII,2007.0,120000.0,81366.0,Petrol,Individual,Manual,First Owner,19.0,1.4748174913354473,Maruti
Maruti Esteem Vxi - BSIII,2006.0,95000.0,110000.0,Petrol,Individual,Manual,First Owner,20.0,0.8636363636363636,Maruti
Toyota Innova 2.5 G (Diesel) 8 Seater BS IV,2006.0,229999.0,300000.0,Diesel,Individual,Manual,First Owner,20.0,0.7666633333333334,Toyota
Renault Fluence 1.5,2012.0,300000.0,60000.0,Diesel,Individual,Manual,First Owner,14.0,5.0,Renault
Renault Duster 110PS Diesel RxZ,2013.0,450000.0,120000.0,Diesel,Individual,Manual,First Owner,13.0,3.75,Renault
Renault KWID RXT,2016.0,200000.0,53000.0,Petrol,Individual,Manual,Second Owner,10.0,3.7735849056603774,Renault
Maruti Alto 800 LXI,2017.0,250000.0,30000.0,Petrol,Individual,Manual,First Owner,9.0,8.333333333333334,Maruti
Maruti Swift Dzire 1.2 Vxi BSIV,2012.0,368000.0,90000.0,Petrol,Individual,Manual,Second Owner,14.0,4.088888888888889,Maruti
Toyota Innova 2.5 GX (Diesel) 7 Seater,2014.0,650000.0,244000.0,Diesel,Individual,Manual,First Owner,12.0,2.6639344262295084,Toyota
Mahindra Jeep CL 500 MDI,1997.0,150000.0,120000.0,Petrol,Individual,Manual,Third Owner,29.0,1.25,Mahindra
Maruti Wagon R LXI DUO BS IV,2012.0,180000.0,60000.0,LPG,Individual,Manual,First Owner,14.0,3.0,Maruti
Hyundai Grand i10 1.2 Kappa Sportz Option,2017.0,525000.0,15000.0,Petrol,Individual,Manual,First Owner,9.0,35.0,Hyundai
Ford Endeavour 4x4 XLT,2005.0,350000.0,150000.0,Diesel,Individual,Manual,Second Owner,21.0,2.3333333333333335,Ford
Mahindra TUV 300 Plus P4,2018.0,850000.0,30000.0,Diesel,Individual,Manual,Second Owner,8.0,28.333333333333332,Mahindra
Volkswagen Jetta 2.0 TDI Comfortline,2011.0,350000.0,312000.0,Diesel,Individual,Manual,Third Owner,15.0,1.1217948717948718,Volkswagen
Maruti Swift 1.3 VXi,2005.0,160000.0,67000.0,Petrol,Individual,Manual,First Owner,21.0,2.388059701492537,Maruti
Maruti Swift LDI Optional,2017.0,500000.0,40000.0,Diesel,Individual,Manual,First Owner,9.0,12.5,Maruti
Hyundai Santro Xing GLS,2008.0,130000.0,100000.0,Petrol,Individual,Manual,First Owner,18.0,1.3,Hyundai
Tata Zest Quadrajet 1.3 75PS XE,2015.0,350000.0,100000.0,Petrol,Individual,Manual,First Owner,11.0,3.5,Tata
Maruti Wagon R LXI,2005.0,70000.0,80000.0,Petrol,Individual,Manual,First Owner,21.0,0.875,Maruti
Toyota Innova 2.5 G (Diesel) 7 Seater,2014.0,750000.0,60000.0,Diesel,Individual,Manual,Second Owner,12.0,12.5,Toyota
Honda Amaze VX i-DTEC,2013.0,450000.0,53000.0,Diesel,Individual,Manual,First Owner,13.0,8.49056603773585,Honda
Maruti Swift Dzire LDI,2015.0,430000.0,73000.0,Diesel,Individual,Manual,Third Owner,11.0,5.890410958904109,Maruti
Maruti SX4 VDI,2011.0,350000.0,90000.0,Diesel,Individual,Manual,First Owner,15.0,3.888888888888889,Maruti
Maruti Swift VDI,2013.0,370000.0,80000.0,Diesel,Individual,Manual,Third Owner,13.0,4.625,Maruti
Chevrolet Aveo 1.4 CNG,2011.0,229999.0,100000.0,CNG,Individual,Manual,First Owner,15.0,2.29999,Chevrolet
Ford Figo Diesel EXI,2011.0,140000.0,90000.0,Diesel,Individual,Manual,First Owner,15.0,1.5555555555555556,Ford
Toyota Innova 2.5 G (Diesel) 7 Seater,2013.0,700000.0,200000.0,Diesel,Individual,Manual,First Owner,13.0,3.5,Toyota
Hyundai Elite i20 Magna Plus BSIV,2020.0,545000.0,60000.0,Petrol,Individual,Manual,First Owner,6.0,9.083333333333334,Hyundai
Datsun RediGO T Option,2017.0,200000.0,30000.0,Petrol,Individual,Manual,First Owner,9.0,6.666666666666667,Datsun
Tata Safari Storme VX,2015.0,500000.0,60000.0,Petrol,Individual,Manual,First Owner,11.0,8.333333333333334,Tata
Maruti Alto LXi,2008.0,70000.0,90000.0,Petrol,Individual,Manual,Second Owner,18.0,0.7777777777777778,Maruti
Mahindra Thar 4X4,2013.0,580000.0,25000.0,Diesel,Individual,Manual,Third Owner,13.0,23.2,Mahindra
Maruti Eeco 5 STR With AC Plus HTR CNG,2012.0,160000.0,70000.0,CNG,Individual,Manual,Second Owner,14.0,2.2857142857142856,Maruti
Unknown,2018.0,450000.0,6000.0,Petrol,Individual,Manual,First Owner,8.0,75.0,Unknown
Unknown,2010.0,160000.0,36000.0,Petrol,Individual,Manual,First Owner,16.0,4.444444444444445,Unknown
Maruti Ertiga SHVS ZDI Plus,2016.0,760000.0,49000.0,Petrol,Individual,Manual,First Owner,10.0,15.510204081632653,Maruti
Hyundai EON Magna Optional,2015.0,300000.0,22000.0,Petrol,Individual,Manual,First Owner,11.0,13.636363636363637,Hyundai
Maruti Omni 5 Str STD LPG,1998.0,50000.0,35000.0,LPG,Individual,Manual,Second Owner,28.0,1.4285714285714286,Maruti
Mahindra Bolero 2011-2019 SLX,2019.0,800000.0,24000.0,Diesel,Individual,Manual,First Owner,7.0,33.333333333333336,Mahindra
Maruti Swift Dzire VDI,2018.0,680000.0,20000.0,Diesel,Individual,Manual,First Owner,8.0,34.0,Maruti
Maruti 800 DUO AC LPG,2009.0,85000.0,50000.0,LPG,Individual,Manual,Second Owner,17.0,1.7,Maruti
Toyota Innova Crysta 2.4 G MT BSIV,2016.0,1300000.0,70000.0,Diesel,Individual,Manual,First Owner,10.0,18.571428571428573,Toyota
Maruti Swift VXI BSIV,2016.0,500000.0,60000.0,Petrol,Individual,Manual,First Owner,10.0,8.333333333333334,Maruti
Audi Q5 2.0 TDI,2015.0,3500000.0,35000.0,Diesel,Individual,Automatic,First Owner,11.0,100.0,Audi
Hyundai Accent GLX,2008.0,145000.0,60000.0,Petrol,Individual,Manual,First Owner,18.0,2.4166666666666665,Hyundai
Mahindra Quanto C6,2013.0,300000.0,60000.0,Diesel,Individual,Manual,First Owner,13.0,5.0,Mahindra
Maruti Swift VDI Optional,2017.0,600000.0,60000.0,Diesel,Individual,Manual,Second Owner,9.0,10.0,Maruti
Maruti Swift Dzire VXI,2015.0,400000.0,70000.0,Petrol,Individual,Manual,Second Owner,11.0,5.714285714285714,Maruti
Hyundai Santro Xing XK eRLX EuroIII,2007.0,130000.0,135000.0,Petrol,Individual,Manual,Second Owner,19.0,0.9629629629629629,Hyundai
Unknown,2001.0,45000.0,72539.0,Petrol,Individual,Manual,Second Owner,25.0,0.620355946456389,Unknown
Maruti Baleno Zeta 1.2,2017.0,641000.0,25000.0,Petrol,Individual,Manual,First Owner,9.0,25.64,Maruti
Maruti Swift Dzire VDI,2015.0,650000.0,50000.0,Diesel,Individual,Manual,First Owner,11.0,13.0,Maruti
Unknown,2020.0,350000.0,101.0,Diesel,Dealer,Manual,Test Drive Car,6.0,3465.3465346534654,Unknown
Ford Figo Titanium,2020.0,635000.0,60000.0,Petrol,Dealer,Manual,Test Drive Car,6.0,10.583333333333334,Ford
Unknown,2020.0,1000000.0,60000.0,Diesel,Dealer,Manual,Test Drive Car,6.0,16.666666666666668,Unknown
Ford Figo 1.5D Titanium Opt MT,2015.0,495000.0,52328.0,Diesel,Dealer,Manual,First Owner,11.0,9.459562757988076,Ford
Hyundai Santro Xing GLS,2013.0,324000.0,30000.0,Petrol,Individual,Manual,First Owner,13.0,10.8,Hyundai
Ford Endeavour 3.2 Titanium AT 4X4,2016.0,2100000.0,91505.0,Diesel,Dealer,Automatic,First Owner,10.0,22.949565597508332,Ford
Maruti Alto 800 LXI,2018.0,200000.0,35000.0,Petrol,Individual,Manual,First Owner,8.0,5.714285714285714,Maruti
Maruti Swift Dzire VDI,2015.0,320000.0,60000.0,Diesel,Individual,Manual,First Owner,11.0,5.333333333333333,Maruti
Hyundai EON Magna Optional,2015.0,300000.0,20500.0,Petrol,Individual,Manual,First Owner,11.0,14.634146341463415,Hyundai
Tata Indica Vista Quadrajet LX,2013.0,180000.0,200000.0,Diesel,Individual,Manual,First Owner,13.0,0.9,Tata
Toyota Innova 2.5 V Diesel 8-seater,2008.0,500000.0,154000.0,Diesel,Individual,Manual,First Owner,18.0,3.2467532467532467,Toyota
Unknown,2011.0,305000.0,120000.0,Petrol,Individual,Manual,Second Owner,15.0,2.5416666666666665,Unknown
Maruti 800 AC,2009.0,125000.0,50000.0,Petrol,Individual,Manual,Fourth & Above Owner,17.0,2.5,Maruti
Maruti Swift Dzire ZDI,2015.0,800000.0,135000.0,Diesel,Individual,Manual,First Owner,11.0,5.925925925925926,Maruti
Mahindra Scorpio SLE BSIV,2009.0,420000.0,100000.0,Diesel,Individual,Manual,First Owner,17.0,4.2,Mahindra
Maruti Vitara Brezza ZDi Plus,2017.0,875000.0,40000.0,Diesel,Individual,Manual,First Owner,9.0,21.875,Maruti
Maruti Swift Dzire ZDI,2014.0,580000.0,70000.0,Petrol,Individual,Manual,First Owner,12.0,8.285714285714286,Maruti
Maruti Swift Ldi BSIV,2011.0,350000.0,133000.0,Diesel,Individual,Manual,Second Owner,15.0,2.6315789473684212,Maruti
Hyundai Accent GLS,2004.0,120000.0,110000.0,Petrol,Individual,Manual,Second Owner,22.0,1.0909090909090908,Hyundai
Tata Indica Vista TDI LS,2013.0,150000.0,180000.0,Diesel,Individual,Manual,Third Owner,13.0,0.8333333333333334,Tata
Renault Duster 110PS Diesel RxZ,2013.0,650000.0,120000.0,Diesel,Individual,Manual,First Owner,13.0,5.416666666666667,Renault
Maruti Alto K10 2010-2014 VXI,2014.0,225000.0,80000.0,Petrol,Individual,Manual,Second Owner,12.0,2.8125,Maruti
Honda Amaze S AT i-Vtech,2014.0,400000.0,15000.0,Petrol,Individual,Automatic,First Owner,12.0,26.666666666666668,Honda
Hyundai Getz GLS,2005.0,250000.0,70000.0,Petrol,Individual,Manual,First Owner,21.0,3.5714285714285716,Hyundai
Hyundai Santro Xing GL Plus,2008.0,120000.0,41723.0,Petrol,Individual,Manual,Second Owner,18.0,2.8761114972557102,Hyundai
Maruti SX4 Vxi BSIV,2010.0,250000.0,60000.0,Petrol,Individual,Manual,First Owner,16.0,4.166666666666667,Maruti
Maruti Alto K10 LXI,2012.0,175000.0,20000.0,Petrol,Individual,Manual,Second Owner,14.0,8.75,Maruti
Renault Duster 85PS Diesel RxL,2013.0,350000.0,1000.0,Diesel,Dealer,Manual,Second Owner,13.0,350.0,Renault
Maruti Ignis 1.3 Delta,2018.0,590000.0,60000.0,Diesel,Dealer,Manual,First Owner,8.0,9.833333333333334,Maruti
Unknown,2015.0,225000.0,68745.0,Diesel,Dealer,Manual,First Owner,11.0,3.2729653065677504,Unknown
Mahindra XUV500 W6 2WD,2016.0,900000.0,47000.0,Diesel,Individual,Manual,First Owner,10.0,19.148936170212767,Mahindra
Maruti Alto K10 VXI AGS,2017.0,375000.0,27289.0,Petrol,Dealer,Automatic,First Owner,9.0,13.741800725567078,Maruti
Unknown,2016.0,320000.0,24662.0,Petrol,Dealer,Manual,First Owner,10.0,12.975427783634741,Unknown
Maruti Swift Dzire VDI,2013.0,525000.0,37000.0,Petrol,Dealer,Manual,First Owner,13.0,14.18918918918919,Maruti
Nissan Evalia XV,2014.0,650000.0,28245.0,Diesel,Dealer,Manual,First Owner,12.0,23.01292264117543,Nissan
Hyundai Grand i10 1.2 CRDi Sportz Option,2014.0,575000.0,60000.0,Diesel,Dealer,Manual,First Owner,12.0,9.583333333333334,Hyundai
Hyundai i10 Magna,2014.0,355000.0,39227.0,Petrol,Individual,Manual,First Owner,12.0,9.049889106992632,Hyundai
Mahindra KUV 100 D75 K4 Plus 5Str,2016.0,470000.0,31367.0,Diesel,Dealer,Manual,First Owner,10.0,14.983900277361558,Mahindra
Unknown,2008.0,221000.0,35008.0,Petrol,Individual,Manual,First Owner,18.0,6.312842778793419,Unknown
Hyundai Santro Xing GLS,2009.0,195000.0,27005.0,Petrol,Dealer,Manual,First Owner,17.0,7.220885021292354,Hyundai
Hyundai Santro Xing XG,2004.0,90000.0,100005.0,Petrol,Dealer,Manual,Second Owner,22.0,0.8999550022498876,Hyundai
Hyundai Verna SX Diesel,2013.0,580000.0,45264.0,Diesel,Dealer,Manual,First Owner,13.0,12.813715093672675,Hyundai
Maruti Eeco 7 Seater Standard BSIV,2014.0,325000.0,39093.0,Petrol,Dealer,Manual,First Owner,12.0,8.313508812319341,Maruti
Honda City Corporate Edition,2013.0,495000.0,60000.0,Petrol,Dealer,Manual,First Owner,13.0,8.25,Honda
Hyundai EON Era,2014.0,290000.0,12000.0,Petrol,Dealer,Manual,First Owner,12.0,24.166666666666668,Hyundai
Datsun RediGO 1.0 T Option,2018.0,375000.0,2769.0,Petrol,Dealer,Manual,First Owner,8.0,135.42795232936078,Datsun
Tata Indica Vista TDI LS,2011.0,211000.0,43128.0,Diesel,Dealer,Manual,First Owner,15.0,4.8924132813949175,Tata
Maruti Alto LXI,2004.0,70000.0,50000.0,Petrol,Individual,Manual,Second Owner,22.0,1.4,Maruti
Hyundai i10 Magna 1.2,2010.0,225000.0,60000.0,Petrol,Individual,Manual,Second Owner,16.0,3.75,Hyundai
Mahindra Scorpio LX,2014.0,420000.0,70000.0,Diesel,Individual,Manual,Third Owner,12.0,6.0,Mahindra
Chevrolet Sail Hatchback 1.2 LS,2015.0,280000.0,22255.0,Petrol,Individual,Manual,First Owner,11.0,12.581442372500561,Chevrolet
Hyundai i20 Sportz 1.2,2013.0,400000.0,59213.0,Petrol,Individual,Manual,First Owner,13.0,6.7552733352473275,Hyundai
Mahindra XUV500 W6 2WD,2015.0,850000.0,55000.0,Diesel,Individual,Manual,First Owner,11.0,15.454545454545455,Mahindra
Ford Fiesta Titanium 1.5 TDCi,2011.0,550000.0,80000.0,Diesel,Individual,Manual,First Owner,15.0,6.875,Ford
Renault Captur 1.5 Diesel RXT Mono,2018.0,1000000.0,40000.0,Diesel,Individual,Manual,First Owner,8.0,25.0,Renault
Mahindra Xylo D2 Maxx,2014.0,350000.0,170000.0,Diesel,Individual,Manual,First Owner,12.0,2.0588235294117645,Mahindra
Tata New Safari DICOR 2.2 EX 4x2,2011.0,350000.0,170000.0,Diesel,Individual,Manual,Second Owner,15.0,2.0588235294117645,Tata
Honda Civic 1.8 S MT,2007.0,170000.0,70000.0,Petrol,Individual,Manual,Third Owner,19.0,2.4285714285714284,Honda
Ford Aspire Titanium BSIV,2020.0,828999.0,1010.0,Petrol,Dealer,Manual,Test Drive Car,6.0,820.7910891089109,Ford
Ford EcoSport 1.5 Ti VCT MT Titanium BE BSIV,2020.0,1119000.0,1010.0,Petrol,Dealer,Manual,Test Drive Car,6.0,1107.920792079208,Ford
Ford Figo Titanium,2020.0,746000.0,1111.0,Petrol,Dealer,Manual,Test Drive Car,6.0,671.4671467146715,Ford
Ford Ecosport 1.5 Petrol Trend,2020.0,1030000.0,1010.0,Petrol,Dealer,Manual,Test Drive Car,6.0,1019.8019801980198,Ford
Ford EcoSport 1.5 TDCi Titanium Plus BSIV,2020.0,350000.0,1010.0,Diesel,Dealer,Manual,Test Drive Car,6.0,346.53465346534654,Ford
Ford Freestyle Titanium,2020.0,811999.0,1010.0,Petrol,Dealer,Manual,Test Drive Car,6.0,803.959405940594,Ford
Unknown,2014.0,1331000.0,1010.0,Diesel,Individual,Manual,Test Drive Car,12.0,1317.8217821782177,Unknown
Ford Freestyle Titanium Plus,2020.0,852000.0,1010.0,Petrol,Dealer,Manual,Test Drive Car,6.0,843.5643564356436,Ford
Tata Indica DLE,2014.0,45000.0,120000.0,Diesel,Individual,Manual,Second Owner,12.0,0.375,Tata
Renault Duster 85PS Diesel RxL Optional,2013.0,430000.0,70000.0,Diesel,Individual,Manual,Third Owner,13.0,6.142857142857143,Renault
Mahindra Scorpio S2 9 Seater,2015.0,830000.0,70000.0,Diesel,Individual,Manual,First Owner,11.0,11.857142857142858,Mahindra
Mahindra Scorpio VLS 2.2 mHawk,2009.0,409999.0,110000.0,Diesel,Individual,Manual,Second Owner,17.0,3.7272636363636362,Mahindra
Maruti Swift VDI,2012.0,190000.0,80000.0,Diesel,Individual,Manual,Third Owner,14.0,2.375,Maruti
Unknown,2007.0,200000.0,80000.0,Petrol,Individual,Manual,Second Owner,19.0,2.5,Unknown
Hyundai Accent GLX,2006.0,120000.0,110000.0,Petrol,Individual,Manual,Second Owner,20.0,1.0909090909090908,Hyundai
Mahindra Bolero Power Plus Plus AC BSIV PS,2014.0,850000.0,50000.0,Diesel,Individual,Manual,First Owner,12.0,17.0,Mahindra
Tata Indigo CS LE (TDI) BS-III,2011.0,95000.0,115000.0,Diesel,Individual,Manual,Fourth & Above Owner,15.0,0.8260869565217391,Tata
Maruti Wagon R LXI BS IV,2013.0,213000.0,80000.0,Petrol,Individual,Manual,First Owner,13.0,2.6625,Maruti
Volkswagen Ameo 1.5 TDI Highline Plus 16,2018.0,660000.0,25000.0,Diesel,Individual,Manual,First Owner,8.0,26.4,Volkswagen
Unknown,2014.0,415000.0,48965.0,Petrol,Dealer,Manual,First Owner,12.0,8.475441641989176,Unknown
Ford Ecosport 1.5 Petrol Titanium Plus,2019.0,1100000.0,5166.0,Petrol,Dealer,Manual,Test Drive Car,7.0,212.9307007355788,Ford
Mahindra XUV500 W8 4WD,2012.0,650000.0,76290.0,Diesel,Dealer,Manual,First Owner,14.0,8.520120592476077,Mahindra
Mahindra XUV500 AT W10 AWD,2016.0,350000.0,70000.0,Diesel,Individual,Automatic,Second Owner,10.0,5.0,Mahindra
Mahindra XUV500 W10 2WD,2016.0,1250000.0,60000.0,Diesel,Individual,Manual,First Owner,10.0,20.833333333333332,Mahindra
Unknown,2017.0,715000.0,25000.0,Diesel,Individual,Automatic,First Owner,9.0,28.6,Unknown
Maruti Swift Dzire AMT VDI,2017.0,715000.0,25000.0,Diesel,Individual,Automatic,First Owner,9.0,28.6,Maruti
Maruti Swift VDI,2016.0,565000.0,60000.0,Diesel,Dealer,Manual,First Owner,10.0,9.416666666666666,Maruti
Mahindra Thar 4X4,2013.0,615000.0,45766.0,Diesel,Individual,Manual,Second Owner,13.0,13.437923349211205,Mahindra
Tata New Safari 4X4,2007.0,199000.0,78771.0,Diesel,Dealer,Manual,Second Owner,19.0,2.5263104441990074,Tata
Maruti Swift Vdi BSIII,2010.0,350000.0,79357.0,Diesel,Individual,Manual,First Owner,16.0,4.410448983706542,Maruti
Ford Figo Diesel EXI,2012.0,409999.0,28000.0,Diesel,Individual,Manual,First Owner,14.0,14.642821428571429,Ford
Hyundai Verna SX CRDi AT,2012.0,350000.0,72000.0,Petrol,Dealer,Manual,Second Owner,14.0,4.861111111111111,Hyundai
Ford Figo Diesel LXI,2011.0,225000.0,76736.0,Diesel,Dealer,Manual,Second Owner,15.0,2.9321309424520434,Ford
Maruti Alto LX BSIII,2007.0,135000.0,70000.0,Petrol,Individual,Manual,Second Owner,19.0,1.9285714285714286,Maruti
Renault Koleos 2.0 Diesel,2012.0,750000.0,80000.0,Diesel,Individual,Automatic,Second Owner,14.0,9.375,Renault
Maruti Wagon R LXI DUO BSIII,2009.0,155000.0,60000.0,LPG,Individual,Manual,Second Owner,17.0,2.5833333333333335,Maruti
Volkswagen Polo Diesel Highline 1.2L,2012.0,350000.0,77000.0,Diesel,Dealer,Manual,Third Owner,14.0,4.545454545454546,Volkswagen
Ford Ikon 1.8 D,2014.0,114999.0,92645.0,Diesel,Dealer,Manual,Fourth & Above Owner,12.0,1.2412866317664202,Ford
Unknown,2014.0,699000.0,101849.0,Diesel,Dealer,Manual,Second Owner,12.0,6.863101257744308,Unknown
Mahindra Bolero DI,2004.0,110000.0,120000.0,Diesel,Individual,Manual,Fourth & Above Owner,22.0,0.9166666666666666,Mahindra
Hyundai i20 Asta 1.2,2014.0,300000.0,80000.0,Petrol,Individual,Manual,First Owner,12.0,3.75,Hyundai
Mahindra Scorpio S4 4WD,2014.0,700000.0,70000.0,Diesel,Individual,Manual,Second Owner,12.0,10.0,Mahindra
Maruti Ertiga SHVS LDI Option,2017.0,700000.0,120000.0,Petrol,Individual,Manual,First Owner,9.0,5.833333333333333,Maruti
Maruti Alto 800 LXI,2013.0,210000.0,42000.0,Petrol,Individual,Manual,Third Owner,13.0,5.0,Maruti
Maruti Ertiga VDI,2012.0,350000.0,120000.0,Diesel,Individual,Manual,Third Owner,14.0,2.9166666666666665,Maruti
Tata Manza Aura (ABS) Quadrajet BS IV,2012.0,350000.0,155836.0,Diesel,Individual,Manual,Second Owner,14.0,2.245950871428938,Tata
Maruti Wagon R VXi BSII,2011.0,350000.0,59000.0,Petrol,Individual,Manual,Second Owner,15.0,5.932203389830509,Maruti
Chevrolet Spark 1.0 LT,2009.0,70000.0,60000.0,Petrol,Individual,Manual,First Owner,17.0,1.1666666666666667,Chevrolet
Hyundai Creta 1.4 CRDi Base,2018.0,950000.0,70000.0,Diesel,Individual,Manual,Second Owner,8.0,13.571428571428571,Hyundai
Ford Fiesta 1.5 TDCi Ambiente,2014.0,800000.0,20000.0,Diesel,Individual,Manual,First Owner,12.0,40.0,Ford
Mahindra XUV500 W8 4WD,2012.0,700000.0,120000.0,Diesel,Individual,Manual,Third Owner,14.0,5.833333333333333,Mahindra
Unknown,2016.0,265000.0,40000.0,Petrol,Individual,Manual,First Owner,10.0,6.625,Unknown
Volkswagen Polo Diesel Trendline 1.2L,2011.0,175000.0,90000.0,Diesel,Individual,Manual,Third Owner,15.0,1.9444444444444444,Volkswagen
Mahindra Quanto C6,2014.0,260000.0,89000.0,Diesel,Individual,Manual,First Owner,12.0,2.9213483146067416,Mahindra
Toyota Innova 2.5 VX (Diesel) 7 Seater,2013.0,950000.0,80000.0,Diesel,Individual,Manual,Third Owner,13.0,11.875,Toyota
Maruti Swift Vdi BSIII,2014.0,250000.0,200000.0,Diesel,Individual,Manual,Fourth & Above Owner,12.0,1.25,Maruti
Mahindra Scorpio S10 7 Seater,2015.0,630000.0,50000.0,Diesel,Individual,Manual,First Owner,11.0,12.6,Mahindra
Tata Nano LX SE,2014.0,35000.0,35000.0,Petrol,Individual,Manual,Third Owner,12.0,1.0,Tata
Toyota Fortuner 4x2 AT,2014.0,2600000.0,47162.0,Diesel,Trustmark Dealer,Automatic,First Owner,12.0,55.12912938382596,Toyota
Maruti S-Cross Zeta DDiS 200 SH,2015.0,750000.0,60000.0,Diesel,Trustmark Dealer,Manual,First Owner,11.0,12.5,Maruti
Skoda Laura Ambiente 2.0 TDI CR MT,2012.0,350000.0,52000.0,Diesel,Dealer,Manual,First Owner,14.0,6.730769230769231,Skoda
Chevrolet Enjoy TCDi LS 8 Seater,2014.0,330000.0,200000.0,Diesel,Individual,Manual,Third Owner,12.0,1.65,Chevrolet
Maruti Alto LXi,2009.0,350000.0,120000.0,Petrol,Individual,Manual,First Owner,17.0,2.9166666666666665,Maruti
Tata Indigo LS,2008.0,105000.0,90000.0,Diesel,Individual,Manual,First Owner,18.0,1.1666666666666667,Tata
Tata Indica Vista TDI LX,2013.0,185000.0,65000.0,Diesel,Individual,Manual,First Owner,13.0,2.8461538461538463,Tata
Fiat Grande Punto EVO 1.3 Active,2014.0,260000.0,60000.0,Diesel,Individual,Manual,First Owner,12.0,4.333333333333333,Fiat
Maruti Swift Dzire VDi,2012.0,450000.0,33000.0,Diesel,Individual,Manual,First Owner,14.0,13.636363636363637,Maruti
Maruti Swift VXI Deca,2016.0,500000.0,38000.0,Petrol,Individual,Manual,First Owner,10.0,13.157894736842104,Maruti
Maruti Alto K10 2010-2014 VXI,2012.0,260000.0,60000.0,Petrol,Individual,Manual,First Owner,14.0,4.333333333333333,Maruti
Volkswagen Polo Diesel Trendline 1.2L,2012.0,265000.0,55000.0,Diesel,Individual,Manual,Second Owner,14.0,4.818181818181818,Volkswagen
Mahindra Thar CRDe,2017.0,800000.0,26000.0,Diesel,Individual,Manual,Second Owner,9.0,30.76923076923077,Mahindra
Tata Safari Storme VX Varicor 400,2016.0,869999.0,80000.0,Diesel,Individual,Manual,First Owner,10.0,10.8749875,Tata
Maruti Baleno Alpha 1.2,2018.0,690000.0,40000.0,Petrol,Individual,Manual,First Owner,8.0,17.25,Maruti
Mitsubishi Pajero 2.8 SFX BSIV Dual Tone,2011.0,825000.0,120000.0,Diesel,Individual,Manual,First Owner,15.0,6.875,Mitsubishi
Maruti Alto LX BSIII,2006.0,160000.0,63230.0,Petrol,Individual,Manual,Second Owner,20.0,2.5304444092993834,Maruti
Unknown,2006.0,300000.0,120000.0,Diesel,Individual,Manual,Second Owner,20.0,2.5,Unknown
Maruti Wagon R VXI,2005.0,100000.0,100000.0,Petrol,Individual,Manual,Third Owner,21.0,1.0,Maruti
Hyundai i20 Asta 1.4 CRDi,2015.0,530000.0,77000.0,Diesel,Individual,Manual,Second Owner,11.0,6.883116883116883,Hyundai
Maruti Swift VXI Optional,2014.0,360000.0,30000.0,Petrol,Individual,Manual,First Owner,12.0,12.0,Maruti
Maruti Swift 1.2 DLX,2015.0,220000.0,40000.0,Petrol,Individual,Manual,First Owner,11.0,5.5,Maruti
Maruti Alto 800 LXI,2017.0,178000.0,35000.0,Petrol,Individual,Manual,First Owner,9.0,5.085714285714285,Maruti
Mahindra Thar DI 4X2,2018.0,515000.0,5000.0,Diesel,Individual,Manual,First Owner,8.0,103.0,Mahindra
Maruti Ritz VXi,2014.0,300000.0,35000.0,Petrol,Individual,Manual,First Owner,12.0,8.571428571428571,Maruti
Tata Indica Vista TDI LX,2013.0,185000.0,60000.0,Diesel,Individual,Manual,First Owner,13.0,3.0833333333333335,Tata
Tata Indica Vista Quadrajet LS,2012.0,150000.0,80000.0,Diesel,Individual,Manual,Second Owner,14.0,1.875,Tata
Fiat Grande Punto EVO 1.3 Active,2014.0,260000.0,50000.0,Diesel,Individual,Manual,First Owner,12.0,5.2,Fiat
Maruti Swift Dzire VDi,2012.0,450000.0,60000.0,Diesel,Individual,Manual,First Owner,14.0,7.5,Maruti
Maruti Alto K10 2010-2014 VXI,2012.0,260000.0,40000.0,Petrol,Individual,Manual,First Owner,14.0,6.5,Maruti
Volkswagen Polo Diesel Trendline 1.2L,2012.0,265000.0,55000.0,Petrol,Individual,Manual,Second Owner,14.0,4.818181818181818,Volkswagen
Tata Nexon 1.2 Revotron XZ Plus Dual Tone,2017.0,750000.0,15000.0,Petrol,Individual,Manual,First Owner,9.0,50.0,Tata
Tata Safari Storme VX Varicor 400,2016.0,350000.0,80000.0,Diesel,Individual,Manual,First Owner,10.0,4.375,Tata
Toyota Innova 2.5 G1 BSIV,2012.0,950000.0,80000.0,Diesel,Individual,Manual,First Owner,14.0,11.875,Toyota
Unknown,2018.0,690000.0,40000.0,Petrol,Individual,Manual,First Owner,8.0,17.25,Unknown
Mitsubishi Pajero 2.8 SFX BSIV Dual Tone,2011.0,825000.0,120000.0,Petrol,Individual,Manual,First Owner,15.0,6.875,Mitsubishi
Maruti 800 Std,2013.0,170000.0,60000.0,Petrol,Individual,Manual,First Owner,13.0,2.8333333333333335,Maruti
Maruti Alto LX BSIII,2006.0,160000.0,60000.0,Petrol,Individual,Manual,Second Owner,20.0,2.6666666666666665,Maruti
Mahindra Scorpio 2.6 SLX CRDe,2006.0,300000.0,120000.0,Diesel,Individual,Manual,Second Owner,20.0,2.5,Mahindra
Maruti 800 Std BSII,2006.0,90000.0,40000.0,Petrol,Individual,Manual,Second Owner,20.0,2.25,Maruti
Tata Indica GLS BS IV,2008.0,65000.0,110000.0,Petrol,Individual,Manual,Third Owner,18.0,0.5909090909090909,Tata
Hyundai Verna 1.6 CRDI,2012.0,312000.0,90000.0,Diesel,Individual,Manual,First Owner,14.0,3.466666666666667,Hyundai
Maruti Vitara Brezza LDi,2018.0,700000.0,25000.0,Diesel,Individual,Manual,First Owner,8.0,28.0,Maruti
Hyundai Santro Xing XL eRLX Euro III,2005.0,150000.0,47000.0,Petrol,Individual,Manual,First Owner,21.0,3.1914893617021276,Hyundai
Renault Fluence 1.5,2013.0,450000.0,60000.0,Diesel,Individual,Manual,First Owner,13.0,7.5,Renault
Hyundai Verna Transform CRDi VGT ABS,2010.0,229999.0,120000.0,Diesel,Individual,Manual,Second Owner,16.0,1.9166583333333334,Hyundai
Maruti Swift Ldi BSIII,2008.0,111000.0,120000.0,Diesel,Individual,Manual,First Owner,18.0,0.925,Maruti
Unknown,2012.0,250000.0,140000.0,Diesel,Individual,Manual,Second Owner,14.0,1.7857142857142858,Unknown
Ford Freestyle Titanium Plus Diesel,2019.0,750000.0,1001.0,Diesel,Dealer,Manual,First Owner,7.0,749.2507492507492,Ford
Unknown,2017.0,774000.0,1758.0,Petrol,Dealer,Automatic,First Owner,9.0,440.2730375426621,Unknown
Ford Figo 1.5P Titanium AT,2018.0,711000.0,1452.0,Petrol,Dealer,Manual,First Owner,8.0,489.6694214876033,Ford
Ford Figo 1.5D Titanium MT,2017.0,600000.0,35122.0,Diesel,Dealer,Manual,First Owner,9.0,17.083309606514437,Ford
Maruti Swift Dzire VDI,2015.0,455000.0,92621.0,Petrol,Dealer,Manual,First Owner,11.0,4.912492847194481,Maruti
Datsun GO T Petrol,2015.0,225000.0,92198.0,Petrol,Dealer,Manual,Second Owner,11.0,2.4404000086769777,Datsun
Maruti Swift Dzire VDI,2019.0,650000.0,5000.0,Diesel,Individual,Manual,First Owner,7.0,130.0,Maruti
Chevrolet Beat LT,2013.0,200000.0,50000.0,Petrol,Individual,Manual,First Owner,13.0,4.0,Chevrolet
Hyundai Creta 1.6 CRDi AT SX Plus,2016.0,875000.0,74000.0,Diesel,Individual,Automatic,First Owner,10.0,11.824324324324325,Hyundai
Skoda Rapid 1.5 TDI AT Ambition BSIV,2017.0,750000.0,40000.0,Diesel,Individual,Automatic,First Owner,9.0,18.75,Skoda
Maruti Swift Dzire AMT VDI,2019.0,725000.0,22000.0,Petrol,Individual,Automatic,First Owner,7.0,32.95454545454545,Maruti
Maruti Alto LXi,2014.0,100000.0,100000.0,Petrol,Individual,Manual,Second Owner,12.0,1.0,Maruti
Tata Hexa XT,2019.0,1100000.0,40000.0,Diesel,Individual,Manual,First Owner,7.0,27.5,Tata
Ford Endeavour 3.2 Titanium AT 4X4,2017.0,2700000.0,30000.0,Diesel,Individual,Automatic,First Owner,9.0,90.0,Ford
Renault KWID RXT Optional,2016.0,280000.0,23000.0,Petrol,Individual,Manual,First Owner,10.0,12.173913043478262,Renault
Tata Indica Vista Aqua TDI BSIII,2009.0,150000.0,30000.0,Diesel,Individual,Manual,First Owner,17.0,5.0,Tata
Tata Manza Aura Safire,2010.0,200000.0,50000.0,Petrol,Individual,Manual,First Owner,16.0,4.0,Tata
Maruti Ritz VDi,2010.0,148000.0,100000.0,Diesel,Individual,Manual,Second Owner,16.0,1.48,Maruti
Maruti Swift Dzire VXi,2011.0,254999.0,70000.0,Petrol,Individual,Manual,Second Owner,15.0,3.642842857142857,Maruti
Unknown,2013.0,360000.0,60000.0,Petrol,Individual,Manual,First Owner,13.0,6.0,Unknown
Maruti Alto LX,2006.0,95000.0,90000.0,Petrol,Individual,Manual,Second Owner,20.0,1.0555555555555556,Maruti
Mahindra Bolero SLE BSIII,2007.0,185000.0,230000.0,Diesel,Individual,Manual,Second Owner,19.0,0.8043478260869565,Mahindra
Tata Indica Vista Quadrajet VX,2012.0,185000.0,40000.0,Diesel,Individual,Manual,First Owner,14.0,4.625,Tata
Renault KWID RXL,2019.0,300000.0,15000.0,Petrol,Individual,Manual,First Owner,7.0,20.0,Renault
Hyundai Verna VTVT 1.6 SX,2018.0,800000.0,60000.0,Petrol,Individual,Manual,First Owner,8.0,13.333333333333334,Hyundai
Maruti Zen LX,2000.0,60000.0,50000.0,Petrol,Individual,Manual,First Owner,26.0,1.2,Maruti
Fiat Punto 1.2 Active,2010.0,80000.0,50000.0,Petrol,Individual,Manual,Second Owner,16.0,1.6,Fiat
Unknown,2018.0,500000.0,8000.0,Petrol,Individual,Manual,First Owner,8.0,62.5,Unknown
Hyundai EON Era Plus,2013.0,250000.0,35000.0,Petrol,Individual,Manual,First Owner,13.0,7.142857142857143,Hyundai
Tata New Safari DICOR 2.2 EX 4x2,2010.0,250000.0,80000.0,Diesel,Individual,Manual,First Owner,16.0,3.125,Tata
Maruti Wagon R LXI BSIII,2014.0,125000.0,50000.0,Petrol,Individual,Manual,Second Owner,12.0,2.5,Maruti
Maruti Alto LXi BSII,2002.0,100000.0,80000.0,Petrol,Individual,Manual,Fourth & Above Owner,24.0,1.25,Maruti
Mahindra Scorpio M2DI,2010.0,480000.0,90000.0,Diesel,Individual,Manual,First Owner,16.0,5.333333333333333,Mahindra
Mahindra KUV 100 G80 K2,2018.0,320000.0,30000.0,Petrol,Individual,Manual,Second Owner,8.0,10.666666666666666,Mahindra
Maruti A-Star Vxi,2010.0,130000.0,70000.0,Petrol,Individual,Manual,Second Owner,16.0,1.8571428571428572,Maruti
Tata Indica DLS,2006.0,57000.0,80000.0,Diesel,Individual,Manual,Second Owner,20.0,0.7125,Tata
Hyundai Santro GLS I - Euro I,2005.0,75000.0,60000.0,Petrol,Individual,Manual,First Owner,21.0,1.25,Hyundai
Maruti 800 DX,2003.0,60000.0,35000.0,Petrol,Individual,Manual,First Owner,23.0,1.7142857142857142,Maruti
Unknown,2008.0,125000.0,70000.0,Petrol,Individual,Manual,First Owner,18.0,1.7857142857142858,Unknown
Honda City 1.5 EXI S,2004.0,105000.0,100000.0,Petrol,Individual,Manual,Third Owner,22.0,1.05,Honda
Maruti Wagon R LXI DUO BSIII,2008.0,125000.0,152000.0,LPG,Individual,Manual,Second Owner,18.0,0.8223684210526315,Maruti
Maruti Zen LXI,1998.0,69000.0,70000.0,Petrol,Individual,Manual,Second Owner,28.0,0.9857142857142858,Maruti
Tata Indigo LX,2012.0,130000.0,90000.0,Diesel,Individual,Manual,Second Owner,14.0,1.4444444444444444,Tata
Maruti Baleno Zeta 1.2,2019.0,630000.0,40000.0,Petrol,Individual,Manual,First Owner,7.0,15.75,Maruti
Honda Amaze E i-VTEC,2016.0,330000.0,50000.0,Petrol,Individual,Manual,Second Owner,10.0,6.6,Honda
Maruti Wagon R VXI BS IV,2014.0,340000.0,15000.0,Petrol,Individual,Manual,Second Owner,12.0,22.666666666666668,Maruti
Hyundai Santro Xing XG eRLX Euro III,2006.0,60000.0,120000.0,Petrol,Individual,Manual,Third Owner,20.0,0.5,Hyundai
Tata Safari Storme EX,2014.0,550000.0,78322.0,Diesel,Individual,Manual,First Owner,12.0,7.022292587012589,Tata
Maruti Ertiga VDI,2014.0,480000.0,110000.0,Diesel,Individual,Manual,Second Owner,12.0,4.363636363636363,Maruti
Hyundai Verna 1.6 SX CRDi (O),2013.0,315000.0,80000.0,Diesel,Individual,Manual,Second Owner,13.0,3.9375,Hyundai
Ford Fiesta Titanium 1.5 TDCi,2012.0,165000.0,120000.0,Diesel,Individual,Manual,First Owner,14.0,1.375,Ford
Chevrolet Beat LS,2016.0,170000.0,125000.0,Petrol,Individual,Manual,First Owner,10.0,1.36,Chevrolet
Maruti Baleno Delta 1.2,2018.0,550000.0,60000.0,Petrol,Individual,Manual,First Owner,8.0,9.166666666666666,Maruti
Volkswagen Ameo 1.2 MPI Trendline,2018.0,465000.0,13000.0,Petrol,Individual,Manual,First Owner,8.0,35.76923076923077,Volkswagen
Tata Indica Vista Quadrajet LX,2012.0,120000.0,80000.0,Petrol,Individual,Manual,Third Owner,14.0,1.5,Tata
Hyundai Verna 1.6 Xi ABS,2008.0,220000.0,54309.0,Petrol,Individual,Manual,First Owner,18.0,4.050893958644055,Hyundai
Ford Figo Diesel LXI,2011.0,180000.0,70000.0,Diesel,Individual,Manual,Second Owner,15.0,2.5714285714285716,Ford
Chevrolet Aveo 1.6 LT,2006.0,150000.0,34600.0,Petrol,Individual,Manual,Third Owner,20.0,4.335260115606936,Chevrolet
Tata Zest Revotron 1.2T XMS,2016.0,520000.0,25000.0,Petrol,Individual,Manual,First Owner,10.0,20.8,Tata
Tata Safari Storme EX,2013.0,430000.0,80000.0,Diesel,Individual,Manual,Third Owner,13.0,5.375,Tata
Mahindra Bolero DI DX 8 Seater,2009.0,300000.0,55000.0,Diesel,Individual,Manual,Second Owner,17.0,5.454545454545454,Mahindra
Hyundai Venue SX Opt Diesel,2020.0,1000000.0,5000.0,Petrol,Individual,Manual,First Owner,6.0,200.0,Hyundai
Honda WR-V i-DTEC VX,2017.0,725000.0,30000.0,Diesel,Individual,Manual,First Owner,9.0,24.166666666666668,Honda
Hyundai Verna 1.4 EX,2011.0,500000.0,31000.0,Diesel,Individual,Manual,First Owner,15.0,16.129032258064516,Hyundai
Maruti Wagon R LXI BS IV,2011.0,250000.0,50000.0,Petrol,Individual,Manual,First Owner,15.0,5.0,Maruti
Maruti Swift Dzire VDI,2018.0,700000.0,38217.0,Diesel,Individual,Manual,First Owner,8.0,18.31645602742235,Maruti
Ford Figo Petrol ZXI,2011.0,185000.0,50000.0,Petrol,Individual,Manual,Third Owner,15.0,3.7,Ford
Unknown,2011.0,200000.0,120000.0,Diesel,Individual,Manual,First Owner,15.0,1.6666666666666667,Unknown
Unknown,2004.0,315000.0,110000.0,Diesel,Individual,Manual,Third Owner,22.0,2.8636363636363638,Unknown
Tata Harrier XZ BSIV,2019.0,1700000.0,10000.0,Diesel,Individual,Manual,First Owner,7.0,170.0,Tata
Nissan Terrano XL Plus 85 PS,2015.0,451000.0,100000.0,Diesel,Individual,Manual,First Owner,11.0,4.51,Nissan
Mahindra KUV 100 mFALCON G80 K8 5str,2016.0,370000.0,60000.0,Petrol,Individual,Manual,First Owner,10.0,6.166666666666667,Mahindra
Ford Endeavour 3.2 Titanium AT 4X4,2017.0,2700000.0,60000.0,Diesel,Individual,Automatic,First Owner,9.0,45.0,Ford
Maruti Wagon R VXI BS IV,2014.0,350000.0,30000.0,Petrol,Individual,Manual,First Owner,12.0,11.666666666666666,Maruti
Hyundai i10 Sportz,2011.0,250000.0,50000.0,Petrol,Individual,Manual,First Owner,15.0,5.0,Hyundai
Maruti Alto 800 LXI,2014.0,350000.0,25000.0,Petrol,Individual,Manual,Second Owner,12.0,14.0,Maruti
Maruti Ignis 1.2 Delta BSIV,2019.0,500000.0,15000.0,Petrol,Individual,Manual,First Owner,7.0,33.333333333333336,Maruti
Tata Manza Aura Safire,2010.0,350000.0,50000.0,Petrol,Individual,Manual,First Owner,16.0,7.0,Tata
Tata Hexa XTA,2017.0,1200000.0,50000.0,Diesel,Individual,Automatic,First Owner,9.0,24.0,Tata
Toyota Corolla Altis 1.8 J,2014.0,400000.0,35000.0,Petrol,Individual,Manual,Second Owner,12.0,11.428571428571429,Toyota
Maruti Ritz VDi,2014.0,148000.0,60000.0,Petrol,Individual,Manual,Second Owner,12.0,2.466666666666667,Maruti
Tata Manza Club Class Quadrajet90 LS,2014.0,200000.0,100000.0,Diesel,Individual,Manual,First Owner,12.0,2.0,Tata
Maruti Swift Dzire VDI,2016.0,284000.0,40000.0,Diesel,Individual,Manual,Second Owner,10.0,7.1,Maruti
Maruti Wagon R VXI Minor,2007.0,80000.0,60000.0,Petrol,Individual,Manual,Third Owner,19.0,1.3333333333333333,Maruti
Chevrolet Beat PS,2014.0,350000.0,77000.0,Petrol,Individual,Manual,First Owner,12.0,4.545454545454546,Chevrolet
Hyundai Accent Executive,2011.0,150000.0,60000.0,Petrol,Individual,Manual,First Owner,15.0,2.5,Hyundai
Tata Manza Aura (ABS) Safire BS IV,2010.0,110000.0,77073.0,Petrol,Individual,Manual,Second Owner,16.0,1.427218351433057,Tata
Unknown,2016.0,400000.0,70000.0,Diesel,Individual,Manual,First Owner,10.0,5.714285714285714,Unknown
Unknown,2013.0,275000.0,90000.0,LPG,Individual,Manual,Second Owner,13.0,3.0555555555555554,Unknown
Toyota Innova 2.5 G (Diesel) 7 Seater,2013.0,800000.0,186000.0,Diesel,Individual,Manual,Third Owner,13.0,4.301075268817204,Toyota
Mahindra Scorpio M2DI,2014.0,550000.0,90000.0,Petrol,Individual,Manual,First Owner,12.0,6.111111111111111,Mahindra
Maruti Alto LX BSIII,2007.0,125000.0,100000.0,Petrol,Individual,Manual,First Owner,19.0,1.25,Maruti
Chevrolet Beat LT,2010.0,135000.0,80000.0,Petrol,Individual,Manual,Second Owner,16.0,1.6875,Chevrolet
Mahindra Scorpio LX BSIV,2012.0,349000.0,150000.0,Diesel,Individual,Manual,First Owner,14.0,2.3266666666666667,Mahindra
Maruti Swift VDI BSIV,2014.0,458000.0,80000.0,Diesel,Individual,Manual,First Owner,12.0,5.725,Maruti
Maruti Alto K10 VXI,2018.0,300000.0,35000.0,Petrol,Individual,Manual,First Owner,8.0,8.571428571428571,Maruti
Maruti Alto LXi,2008.0,95000.0,70000.0,Petrol,Individual,Manual,First Owner,18.0,1.3571428571428572,Maruti
Maruti S-Cross Zeta DDiS 200 SH,2018.0,850000.0,50000.0,Petrol,Individual,Manual,First Owner,8.0,17.0,Maruti
Unknown,2019.0,750000.0,25000.0,Diesel,Individual,Manual,First Owner,7.0,30.0,Unknown
Ford Figo Diesel Celebration Edition,2013.0,190000.0,120000.0,Diesel,Individual,Manual,First Owner,13.0,1.5833333333333333,Ford
Unknown,2014.0,150000.0,70000.0,Petrol,Individual,Manual,First Owner,12.0,2.142857142857143,Unknown
Unknown,2009.0,350000.0,106000.0,Petrol,Individual,Manual,Third Owner,17.0,3.30188679245283,Unknown
Toyota Innova 2.0 VX 7 Seater,2014.0,320000.0,60000.0,Petrol,Individual,Manual,Third Owner,12.0,5.333333333333333,Toyota
Maruti Alto 800 CNG LXI Optional,2019.0,300000.0,120000.0,CNG,Individual,Manual,First Owner,7.0,2.5,Maruti
Maruti Ritz LXi,2016.0,275000.0,160000.0,Petrol,Individual,Manual,First Owner,10.0,1.71875,Maruti
Chevrolet Aveo 1.6 LT with ABS,2010.0,140000.0,120000.0,Petrol,Individual,Manual,Second Owner,16.0,1.1666666666666667,Chevrolet
Tata Altroz XZ,2020.0,830000.0,10000.0,Petrol,Individual,Manual,First Owner,6.0,83.0,Tata
Volkswagen Polo SR Petrol 1.2L,2013.0,380000.0,50000.0,Petrol,Individual,Manual,First Owner,13.0,7.6,Volkswagen
Unknown,2010.0,150000.0,90000.0,Petrol,Individual,Manual,First Owner,16.0,1.6666666666666667,Unknown
Chevrolet Spark 1.0 LS,2008.0,50000.0,70000.0,Petrol,Individual,Manual,First Owner,18.0,0.7142857142857143,Chevrolet
Mahindra Bolero SLX,2014.0,155000.0,100000.0,Diesel,Individual,Manual,First Owner,12.0,1.55,Mahindra
Mahindra Bolero SLX,2008.0,155000.0,60000.0,Petrol,Individual,Manual,First Owner,18.0,2.5833333333333335,Mahindra
Skoda Superb 1.8 TFSI MT,2010.0,300000.0,80000.0,Petrol,Individual,Manual,First Owner,16.0,3.75,Skoda
Unknown,2018.0,300000.0,16584.0,Petrol,Dealer,Manual,First Owner,8.0,18.08972503617945,Unknown
Tata Tiago 2019-2020 XE Diesel,2016.0,385000.0,38000.0,Diesel,Dealer,Manual,First Owner,10.0,10.131578947368421,Tata
Maruti Wagon R LXI,2010.0,221000.0,51000.0,Petrol,Dealer,Manual,First Owner,16.0,4.333333333333333,Maruti
Tata Tiago 1.05 Revotorq XE,2016.0,381000.0,38000.0,Diesel,Dealer,Manual,First Owner,10.0,10.026315789473685,Tata
Maruti Alto 800 LXI,2015.0,250999.0,35000.0,Petrol,Dealer,Manual,First Owner,11.0,7.1714,Maruti
Hyundai Santro LS zipPlus,2002.0,60000.0,120000.0,Petrol,Individual,Manual,Third Owner,24.0,0.5,Hyundai
Tata Tiago 1.05 Revotorq XE,2016.0,380000.0,38000.0,Diesel,Dealer,Manual,First Owner,10.0,10.0,Tata
Skoda Laura L n K 1.9 PD,2008.0,180000.0,144000.0,Diesel,Individual,Manual,Third Owner,18.0,1.25,Skoda
Maruti Ciaz ZDi Plus,2017.0,751000.0,64000.0,Diesel,Dealer,Manual,First Owner,9.0,11.734375,Maruti
Mahindra XUV500 AT W10 FWD,2015.0,1250000.0,60000.0,Diesel,Dealer,Automatic,First Owner,11.0,20.833333333333332,Mahindra
Hyundai EON 1.0 Era Plus,2014.0,229999.0,65000.0,Petrol,Dealer,Manual,First Owner,12.0,3.538446153846154,Hyundai
Tata Safari Storme EX,2019.0,1250000.0,24000.0,Diesel,Individual,Manual,First Owner,7.0,52.083333333333336,Tata
Mahindra Scorpio VLX 2WD BSIV,2014.0,350000.0,58000.0,Diesel,Dealer,Manual,Second Owner,12.0,6.0344827586206895,Mahindra
Mahindra Scorpio VLX 2.2 mHawk Airbag BSIV,2014.0,780000.0,58000.0,Diesel,Dealer,Manual,Second Owner,12.0,13.448275862068966,Mahindra
Maruti Alto 800 LXI,2016.0,245000.0,68000.0,Petrol,Dealer,Manual,First Owner,10.0,3.6029411764705883,Maruti
Hyundai i20 1.4 CRDi Sportz,2011.0,350000.0,81257.0,Diesel,Dealer,Manual,First Owner,15.0,4.307321215402981,Hyundai
Hyundai Grand i10 1.2 CRDi Sportz Option,2017.0,509999.0,44000.0,Diesel,Dealer,Manual,First Owner,9.0,11.590886363636363,Hyundai
Tata Nano CX SE,2015.0,110000.0,60000.0,Petrol,Dealer,Manual,First Owner,11.0,1.8333333333333333,Tata
Volkswagen Polo Diesel Highline 1.2L,2013.0,400000.0,75000.0,Diesel,Dealer,Manual,First Owner,13.0,5.333333333333333,Volkswagen
Maruti Swift VXI,2014.0,370000.0,90000.0,Petrol,Individual,Manual,First Owner,12.0,4.111111111111111,Maruti
Hyundai Verna CRDi ABS,2007.0,175000.0,80000.0,Diesel,Individual,Manual,Second Owner,19.0,2.1875,Hyundai
Mercedes-Benz E-Class 230,1998.0,1000000.0,35000.0,Petrol,Individual,Automatic,Second Owner,28.0,28.571428571428573,Mercedes-Benz
Maruti Alto 800 LXI,2013.0,92800.0,25000.0,Petrol,Individual,Manual,Second Owner,13.0,3.712,Maruti
Unknown,2014.0,291000.0,60000.0,Diesel,Individual,Manual,First Owner,12.0,4.85,Unknown
Hyundai Verna 1.6 SX CRDi (O),2013.0,335000.0,110000.0,Diesel,Individual,Manual,Third Owner,13.0,3.0454545454545454,Hyundai
Maruti Omni 8 Seater BSIV,2013.0,170000.0,35000.0,Petrol,Individual,Manual,First Owner,13.0,4.857142857142857,Maruti
Maruti Alto 800 LXI,2019.0,295000.0,10000.0,Petrol,Individual,Manual,First Owner,7.0,29.5,Maruti
Renault KWID RXL,2019.0,375000.0,10000.0,Petrol,Individual,Manual,First Owner,7.0,37.5,Renault
Hyundai EON Era Plus,2012.0,215000.0,70000.0,Petrol,Individual,Manual,Second Owner,14.0,3.0714285714285716,Hyundai
Ford Fiesta 1.4 ZXi TDCi ABS,2009.0,150000.0,60000.0,Diesel,Individual,Manual,Second Owner,17.0,2.5,Ford
Maruti Alto LXI,2003.0,60000.0,5000.0,Petrol,Individual,Manual,Second Owner,23.0,12.0,Maruti
Maruti Omni LPG CARGO BSIII W IMMOBILISER,2009.0,80000.0,60000.0,LPG,Individual,Manual,Second Owner,17.0,1.3333333333333333,Maruti
Maruti Alto LX,2012.0,140000.0,70000.0,Petrol,Individual,Manual,Second Owner,14.0,2.0,Maruti
Hyundai Verna i (Petrol),2008.0,120000.0,90000.0,Petrol,Individual,Manual,Second Owner,18.0,1.3333333333333333,Hyundai
Unknown,2012.0,280000.0,110000.0,Diesel,Individual,Manual,Fourth & Above Owner,14.0,2.5454545454545454,Unknown
Toyota Etios VD,2016.0,450000.0,50000.0,Diesel,Individual,Manual,First Owner,10.0,9.0,Toyota
Mahindra XUV500 W7,2018.0,1150000.0,58000.0,Diesel,Individual,Manual,First Owner,8.0,19.82758620689655,Mahindra
Maruti Baleno Delta 1.3,2018.0,650000.0,15000.0,Diesel,Individual,Manual,First Owner,8.0,43.333333333333336,Maruti
Unknown,2014.0,300000.0,60000.0,Petrol,Individual,Manual,Second Owner,12.0,5.0,Unknown
Tata Nano Twist XT,2015.0,73000.0,57000.0,Petrol,Individual,Manual,First Owner,11.0,1.280701754385965,Tata
Maruti Swift VDI BSIV,2015.0,400000.0,87000.0,Petrol,Individual,Manual,Third Owner,11.0,4.597701149425287,Maruti
Renault KWID 1.0 RXT Optional,2017.0,300000.0,70000.0,Petrol,Individual,Manual,First Owner,9.0,4.285714285714286,Renault
Maruti Wagon R AX,2012.0,300000.0,30000.0,Petrol,Individual,Automatic,Second Owner,14.0,10.0,Maruti
Maruti Swift Dzire VDI,2012.0,350000.0,80000.0,Diesel,Individual,Manual,First Owner,14.0,4.375,Maruti
Hyundai Santro Xing GLS,2014.0,200000.0,100000.0,Petrol,Individual,Manual,Second Owner,12.0,2.0,Hyundai
Maruti Swift VXI,2019.0,580000.0,40000.0,Petrol,Individual,Manual,First Owner,7.0,14.5,Maruti
Hyundai Grand i10 1.2 Kappa Asta,2017.0,550000.0,3917.0,Petrol,Individual,Manual,First Owner,9.0,140.4135818228236,Hyundai
Mahindra Scorpio SLX 2.6 Turbo 8 Str,2007.0,190000.0,160000.0,Diesel,Individual,Manual,Second Owner,19.0,1.1875,Mahindra
Tata Tiago 1.05 Revotorq XT Option,2017.0,450000.0,35000.0,Diesel,Individual,Manual,First Owner,9.0,12.857142857142858,Tata
Chevrolet Spark 1.0 LS,2014.0,220000.0,70000.0,Petrol,Individual,Manual,First Owner,12.0,3.142857142857143,Chevrolet
Maruti SX4 ZXI MT BSIV,2012.0,310000.0,69069.0,Petrol,Dealer,Manual,First Owner,14.0,4.488265357830575,Maruti
Hyundai Elite i20 Sportz Plus BSIV,2019.0,650000.0,13500.0,Petrol,Individual,Manual,First Owner,7.0,48.148148148148145,Hyundai
Maruti Wagon R Stingray VXI,2014.0,300000.0,59059.0,Petrol,Dealer,Manual,First Owner,12.0,5.07966609661525,Maruti
Hyundai Accent Executive,2013.0,200000.0,60000.0,Petrol,Individual,Manual,First Owner,13.0,3.3333333333333335,Hyundai
Unknown,2012.0,350000.0,39039.0,Petrol,Dealer,Manual,First Owner,14.0,8.965393580778196,Unknown
Unknown,2014.0,335000.0,60000.0,Petrol,Dealer,Manual,First Owner,12.0,5.583333333333333,Unknown
Hyundai Verna Transform SX VTVT,2014.0,370000.0,55168.0,Petrol,Individual,Manual,Second Owner,12.0,6.7067865429234335,Hyundai
Hyundai i20 1.2 Sportz,2013.0,375000.0,41041.0,Petrol,Dealer,Manual,First Owner,13.0,9.137204259155478,Hyundai
Hyundai i10 Magna,2009.0,235000.0,67067.0,Petrol,Dealer,Manual,First Owner,17.0,3.5039587278393247,Hyundai
Hyundai i10 Sportz 1.2 AT,2013.0,345000.0,66066.0,Petrol,Dealer,Automatic,First Owner,13.0,5.222050676596131,Hyundai
Mahindra Quanto C8,2013.0,365000.0,60000.0,Diesel,Dealer,Manual,First Owner,13.0,6.083333333333333,Mahindra
Hyundai Grand i10 Sportz,2014.0,400000.0,48000.0,Petrol,Individual,Manual,First Owner,12.0,8.333333333333334,Hyundai
Hyundai EON D Lite Plus,2015.0,250000.0,30000.0,Petrol,Individual,Manual,First Owner,11.0,8.333333333333334,Hyundai
Hyundai Verna SX CRDi AT,2012.0,465000.0,70070.0,Diesel,Dealer,Automatic,First Owner,14.0,6.636220921935208,Hyundai
Renault KWID RXT,2017.0,300000.0,10000.0,Petrol,Individual,Manual,First Owner,9.0,30.0,Renault
Maruti Swift Dzire ZXI 1.2 BS IV,2018.0,655000.0,25000.0,Petrol,Individual,Manual,First Owner,8.0,26.2,Maruti
Maruti Wagon R LXI CNG,2016.0,350000.0,30000.0,CNG,Individual,Manual,Second Owner,10.0,11.666666666666666,Maruti
Hyundai i10 Sportz 1.2 AT,2015.0,500000.0,60000.0,Petrol,Dealer,Automatic,First Owner,11.0,8.333333333333334,Hyundai
Hyundai Grand i10 AT Asta,2015.0,465000.0,63063.0,Petrol,Dealer,Automatic,First Owner,11.0,7.373578802150231,Hyundai
Maruti Swift VDi BSIII W/ ABS,2008.0,350000.0,70000.0,Diesel,Individual,Manual,First Owner,18.0,5.0,Maruti
Maruti Omni MPI STD BSIV,2012.0,250000.0,90000.0,Petrol,Individual,Manual,First Owner,14.0,2.7777777777777777,Maruti
Hyundai Accent GLE 1,1999.0,60000.0,90000.0,Petrol,Individual,Manual,Fourth & Above Owner,27.0,0.6666666666666666,Hyundai
Hyundai Getz GLX,2005.0,70000.0,60000.0,Petrol,Individual,Manual,Third Owner,21.0,1.1666666666666667,Hyundai
Chevrolet Optra Magnum 2.0 LS,2014.0,195000.0,60000.0,Diesel,Individual,Manual,First Owner,12.0,3.25,Chevrolet
Datsun RediGO S,2016.0,270000.0,60000.0,Petrol,Individual,Manual,First Owner,10.0,4.5,Datsun
Honda WR-V i-DTEC VX,2014.0,650000.0,140000.0,Diesel,Individual,Manual,First Owner,12.0,4.642857142857143,Honda
Hyundai i20 Asta 1.4 CRDi,2014.0,370000.0,80000.0,Diesel,Individual,Manual,First Owner,12.0,4.625,Hyundai
Maruti Swift VDI Optional,2016.0,509999.0,40000.0,Diesel,Individual,Manual,First Owner,10.0,12.749975,Maruti
Maruti Zen Estilo VXI BSIV,2011.0,280000.0,33000.0,Petrol,Individual,Manual,First Owner,15.0,8.484848484848484,Maruti
Maruti A-Star Vxi,2010.0,350000.0,40000.0,Petrol,Individual,Manual,First Owner,16.0,8.75,Maruti
Renault KWID 1.0 RXT Optional,2014.0,300000.0,10500.0,Petrol,Individual,Manual,First Owner,12.0,28.571428571428573,Renault
Mahindra Bolero 2011-2019 SLX,2013.0,400000.0,107000.0,Diesel,Individual,Manual,First Owner,13.0,3.7383177570093458,Mahindra
Hyundai i10 Sportz 1.2,2010.0,210000.0,60000.0,Petrol,Individual,Manual,Second Owner,16.0,3.5,Hyundai
Hyundai Santro Xing XG eRLX Euro III,2006.0,90000.0,120000.0,Petrol,Individual,Manual,Second Owner,20.0,0.75,Hyundai
Maruti Alto 800 LXI,2015.0,240000.0,60000.0,Petrol,Individual,Manual,Second Owner,11.0,4.0,Maruti
Toyota Etios Liva GD,2013.0,450000.0,70000.0,Diesel,Individual,Manual,First Owner,13.0,6.428571428571429,Toyota
Ford Ecosport 1.5 Petrol Ambiente,2017.0,650000.0,6000.0,Petrol,Individual,Manual,First Owner,9.0,108.33333333333333,Ford
Hyundai Verna SX Diesel,2010.0,200000.0,60000.0,Diesel,Dealer,Manual,Second Owner,16.0,3.3333333333333335,Hyundai
Hyundai Verna SX Diesel,2011.0,210000.0,72000.0,Petrol,Dealer,Manual,First Owner,15.0,2.9166666666666665,Hyundai
Tata Nano Cx BSIV,2014.0,75000.0,9528.0,Petrol,Dealer,Manual,First Owner,12.0,7.871536523929471,Tata
Toyota Innova 2.5 G (Diesel) 8 Seater,2011.0,450000.0,135200.0,Diesel,Dealer,Manual,First Owner,15.0,3.328402366863905,Toyota
Hyundai i20 1.2 Sportz,2011.0,220000.0,58000.0,Petrol,Dealer,Manual,First Owner,15.0,3.793103448275862,Hyundai
Hyundai i20 Magna 1.4 CRDi (Diesel),2013.0,325000.0,78000.0,Diesel,Dealer,Manual,Second Owner,13.0,4.166666666666667,Hyundai
Tata Zest Revotron 1.2T XE,2018.0,350000.0,45000.0,Petrol,Individual,Manual,First Owner,8.0,7.777777777777778,Tata
Ford EcoSport 1.5 Diesel Titanium Plus BSIV,2017.0,825000.0,35000.0,Diesel,Individual,Manual,First Owner,9.0,23.571428571428573,Ford
Hyundai Accent GLS,2007.0,125000.0,76000.0,Petrol,Individual,Manual,Third Owner,19.0,1.644736842105263,Hyundai
Mahindra Xylo D2 BS IV,2014.0,434999.0,100000.0,Diesel,Individual,Manual,Third Owner,12.0,4.34999,Mahindra
Mahindra Scorpio SLE BSIV,2011.0,484999.0,99000.0,Diesel,Individual,Manual,Second Owner,15.0,4.8989797979797975,Mahindra
Maruti Ritz VDi,2009.0,175000.0,80000.0,Diesel,Individual,Manual,Third Owner,17.0,2.1875,Maruti
Honda Civic 1.8 S MT,2006.0,220000.0,120000.0,Petrol,Individual,Manual,Third Owner,20.0,1.8333333333333333,Honda
Honda BR-V i-VTEC VX MT,2020.0,1250000.0,1100.0,Petrol,Dealer,Manual,First Owner,6.0,1136.3636363636363,Honda
Maruti Omni E MPI STD BS IV,2017.0,215000.0,34000.0,Petrol,Dealer,Manual,First Owner,9.0,6.323529411764706,Maruti
Unknown,2014.0,625000.0,68000.0,Diesel,Individual,Manual,First Owner,12.0,9.191176470588236,Unknown
Ford EcoSport 1.5 Diesel Titanium BSIV,2018.0,615000.0,15000.0,Diesel,Individual,Manual,First Owner,8.0,41.0,Ford
Chevrolet Beat Diesel PS,2012.0,130000.0,58000.0,Diesel,Individual,Manual,First Owner,14.0,2.2413793103448274,Chevrolet
Tata Indigo CS eLX BS IV,2013.0,175000.0,50300.0,Diesel,Individual,Manual,First Owner,13.0,3.479125248508946,Tata
Tata Indigo CR4,2011.0,150000.0,70000.0,Diesel,Individual,Manual,Second Owner,15.0,2.142857142857143,Tata
Tata Indica Vista TDI LS,2011.0,195000.0,60000.0,Diesel,Individual,Manual,Third Owner,15.0,3.25,Tata
Maruti Ertiga 1.5 VDI,2020.0,550000.0,90000.0,Diesel,Individual,Manual,First Owner,6.0,6.111111111111111,Maruti
Isuzu D-Max V-Cross Standard,2018.0,1500000.0,40000.0,Diesel,Individual,Manual,First Owner,8.0,37.5,Isuzu
Skoda Superb 1.8 TFSI MT,2010.0,400000.0,80000.0,Petrol,Individual,Manual,Second Owner,16.0,5.0,Skoda
Nissan Kicks XV Premium D BSIV,2019.0,1350000.0,15000.0,Diesel,Individual,Manual,First Owner,7.0,90.0,Nissan
Maruti Swift 1.2 DLX,2015.0,350000.0,45000.0,Petrol,Individual,Manual,First Owner,11.0,7.777777777777778,Maruti
Maruti Swift VDI BSIV,2011.0,290000.0,130000.0,Diesel,Individual,Manual,Second Owner,15.0,2.230769230769231,Maruti
Mahindra Bolero Power Plus SLX,2014.0,700000.0,80000.0,Diesel,Individual,Manual,First Owner,12.0,8.75,Mahindra
Maruti Alto 800 Base,2014.0,175000.0,40000.0,Petrol,Individual,Manual,First Owner,12.0,4.375,Maruti
Volkswagen Ameo 1.5 TDI Highline 16 Alloy,2017.0,575000.0,80000.0,Petrol,Individual,Manual,First Owner,9.0,7.1875,Volkswagen
Maruti Ritz LDi,2016.0,350000.0,60000.0,Diesel,Individual,Manual,Second Owner,10.0,5.833333333333333,Maruti
Mahindra Xylo D4 BSIV,2013.0,350000.0,151624.0,Diesel,Individual,Manual,Second Owner,13.0,2.3083416873318208,Mahindra
Renault Duster 85PS Diesel RxL Optional,2012.0,450000.0,160000.0,Diesel,Individual,Manual,First Owner,14.0,2.8125,Renault
Hyundai Santro AT CNG,2005.0,130000.0,110000.0,CNG,Individual,Manual,Second Owner,21.0,1.1818181818181819,Hyundai
Maruti Swift VDI BSIV,2015.0,320000.0,74820.0,Diesel,Individual,Manual,First Owner,11.0,4.276931301790965,Maruti
Mahindra XUV500 W6 2WD,2014.0,550000.0,82000.0,Diesel,Individual,Manual,First Owner,12.0,6.7073170731707314,Mahindra
Maruti Wagon R VXI BS IV,2015.0,370000.0,50000.0,Petrol,Individual,Manual,Second Owner,11.0,7.4,Maruti
Chevrolet Beat LT,2010.0,114999.0,70000.0,Petrol,Individual,Manual,Second Owner,16.0,1.642842857142857,Chevrolet
Ford Ecosport Sports Petrol,2020.0,1100000.0,1000.0,Petrol,Individual,Manual,First Owner,6.0,1100.0,Ford
Hyundai Tucson CRDi,2006.0,170000.0,170000.0,Diesel,Individual,Manual,First Owner,20.0,1.0,Hyundai
Tata Indigo TDI,2008.0,80000.0,150000.0,Diesel,Individual,Manual,Third Owner,18.0,0.5333333333333333,Tata
Ford EcoSport 1.5 Diesel Titanium BSIV,2014.0,950000.0,17000.0,Petrol,Individual,Manual,First Owner,12.0,55.88235294117647,Ford
Maruti Swift Dzire VDI,2014.0,425000.0,150000.0,Diesel,Individual,Manual,First Owner,12.0,2.8333333333333335,Maruti
Hyundai i20 Asta Option 1.4 CRDi,2015.0,500000.0,80000.0,Diesel,Individual,Manual,First Owner,11.0,6.25,Hyundai
Hyundai Santro Xing XG eRLX Euro III,2005.0,70000.0,170000.0,Petrol,Individual,Manual,Third Owner,21.0,0.4117647058823529,Hyundai
Honda Amaze S i-Dtech,2013.0,349000.0,120000.0,Diesel,Individual,Manual,First Owner,13.0,2.908333333333333,Honda
Hyundai i20 1.2 Sportz,2012.0,330000.0,90000.0,Petrol,Individual,Manual,Third Owner,14.0,3.6666666666666665,Hyundai
Hyundai Santro Xing GLS,2014.0,120000.0,90000.0,Petrol,Individual,Manual,Third Owner,12.0,1.3333333333333333,Hyundai
Hyundai Verna 1.6 SX CRDi (O),2013.0,430000.0,60000.0,Diesel,Individual,Manual,Second Owner,13.0,7.166666666666667,Hyundai
Maruti Swift VDI BSIV,2014.0,390000.0,90000.0,Diesel,Individual,Manual,First Owner,12.0,4.333333333333333,Maruti
Nissan Micra Diesel XV Primo,2012.0,225000.0,129000.0,Diesel,Individual,Manual,First Owner,14.0,1.744186046511628,Nissan
Mahindra Scorpio VLS AT 2.2 mHAWK,2010.0,350000.0,186000.0,Diesel,Individual,Manual,Second Owner,16.0,1.881720430107527,Mahindra
Tata Sumo LX,2009.0,100000.0,66778.0,Diesel,Individual,Manual,First Owner,17.0,1.497499176375453,Tata
Hyundai EON Era Plus,2014.0,350000.0,50000.0,Petrol,Individual,Manual,First Owner,12.0,7.0,Hyundai
Hyundai i20 Sportz 1.4 CRDi,2014.0,315000.0,110000.0,Diesel,Individual,Manual,Second Owner,12.0,2.8636363636363638,Hyundai
Unknown,2015.0,300000.0,60000.0,Diesel,Individual,Manual,Second Owner,11.0,5.0,Unknown
Renault KWID RXT,2016.0,280000.0,40000.0,Petrol,Individual,Manual,First Owner,10.0,7.0,Renault
Hyundai Tucson 2.0 e-VGT 2WD MT,2017.0,1650000.0,55000.0,Diesel,Dealer,Manual,First Owner,9.0,30.0,Hyundai
Unknown,2017.0,850000.0,20000.0,Petrol,Dealer,Automatic,Second Owner,9.0,42.5,Unknown
Maruti Celerio VXI AMT BSIV,2014.0,450000.0,39415.0,Petrol,Trustmark Dealer,Automatic,Second Owner,12.0,11.41697323354053,Maruti
Maruti Baleno Alpha 1.3,2014.0,350000.0,64672.0,Diesel,Trustmark Dealer,Manual,First Owner,12.0,5.411924789708065,Maruti
Hyundai Creta 1.6 SX Automatic Diesel,2015.0,1150000.0,54634.0,Diesel,Trustmark Dealer,Automatic,Second Owner,11.0,21.049163524545154,Hyundai
Honda City i VTEC V,2015.0,775000.0,66521.0,Petrol,Trustmark Dealer,Manual,First Owner,11.0,11.650456246899475,Honda
Hyundai Elite i20 Asta Option CVT BSIV,2019.0,720000.0,3000.0,Petrol,Individual,Automatic,First Owner,7.0,240.0,Hyundai
Toyota Innova Crysta 2.4 GX AT,2018.0,350000.0,23974.0,Diesel,Dealer,Automatic,First Owner,8.0,14.599149078168015,Toyota
Tata Tiago 1.2 Revotron XZ,2018.0,539000.0,10000.0,Petrol,Individual,Manual,First Owner,8.0,53.9,Tata
Maruti Celerio ZXI,2017.0,420000.0,50000.0,Petrol,Individual,Manual,First Owner,9.0,8.4,Maruti
Maruti Omni E 8 Str STD,2014.0,85000.0,60000.0,Petrol,Individual,Manual,Third Owner,12.0,1.4166666666666667,Maruti
OpelCorsa 1.6Gls,2004.0,142000.0,73000.0,Petrol,Individual,Manual,First Owner,22.0,1.9452054794520548,OpelCorsa
Hyundai EON D Lite,2014.0,180000.0,76000.0,Petrol,Individual,Manual,First Owner,12.0,2.3684210526315788,Hyundai
Chevrolet Tavera Neo 3 Max 9 Str BSIII,2014.0,400000.0,120000.0,Diesel,Individual,Manual,Second Owner,12.0,3.3333333333333335,Chevrolet
Mahindra Scorpio VLX 2WD ABS AT BSIII,2009.0,360000.0,170000.0,Petrol,Individual,Automatic,Third Owner,17.0,2.1176470588235294,Mahindra
Hyundai Santro Xing XG,2003.0,85000.0,110000.0,Petrol,Individual,Manual,Second Owner,23.0,0.7727272727272727,Hyundai
Honda Brio 1.2 S MT,2016.0,350000.0,63400.0,Petrol,Individual,Manual,First Owner,10.0,5.520504731861199,Honda
Datsun GO Plus T BSIV,2015.0,380000.0,25000.0,Petrol,Individual,Manual,First Owner,11.0,15.2,Datsun
Hyundai i10 Era,2009.0,140000.0,80000.0,Petrol,Individual,Manual,Third Owner,17.0,1.75,Hyundai
Maruti Wagon R VXI BS IV,2012.0,200000.0,90000.0,Petrol,Individual,Manual,First Owner,14.0,2.2222222222222223,Maruti
Unknown,2011.0,150000.0,157000.0,Petrol,Individual,Manual,First Owner,15.0,0.9554140127388535,Unknown
Tata Indica Vista Quadrajet LS,2012.0,150000.0,60000.0,Diesel,Individual,Manual,Second Owner,14.0,2.5,Tata
Maruti 800 Std BSII,2006.0,90000.0,60000.0,Petrol,Individual,Manual,Second Owner,20.0,1.5,Maruti
Mahindra Bolero SLX 2WD,2007.0,350000.0,100000.0,Diesel,Individual,Manual,Second Owner,19.0,3.5,Mahindra
Renault KWID RXT,2017.0,280000.0,50000.0,Petrol,Individual,Manual,First Owner,9.0,5.6,Renault
Maruti Alto K10 2010-2014 VXI,2011.0,200000.0,40000.0,Petrol,Individual,Manual,First Owner,15.0,5.0,Maruti
Chevrolet Aveo U-VA 1.2 LT WO ABS Airbag,2009.0,110000.0,38500.0,Petrol,Individual,Manual,Second Owner,17.0,2.857142857142857,Chevrolet
Hyundai i10 Magna,2008.0,140000.0,103921.0,Petrol,Individual,Manual,Second Owner,18.0,1.3471771826676033,Hyundai
Unknown,2018.0,1150000.0,14825.0,Petrol,Dealer,Manual,First Owner,8.0,77.57166947723441,Unknown
Honda BR-V i-DTEC VX MT,2014.0,910000.0,43377.0,Diesel,Dealer,Manual,First Owner,12.0,20.978859764391267,Honda
Ford Figo Diesel Titanium,2010.0,160000.0,102307.0,Diesel,Dealer,Manual,First Owner,16.0,1.5639203573558016,Ford
Maruti Zen LX,2004.0,105000.0,79000.0,Petrol,Individual,Manual,Second Owner,22.0,1.3291139240506329,Maruti
Maruti Wagon R LXI,2004.0,70000.0,90000.0,Petrol,Individual,Manual,Fourth & Above Owner,22.0,0.7777777777777778,Maruti
Chevrolet Beat Diesel,2012.0,160000.0,60000.0,Diesel,Individual,Manual,First Owner,14.0,2.6666666666666665,Chevrolet
Chevrolet Sail Hatchback LT ABS,2013.0,225000.0,80000.0,Diesel,Individual,Manual,First Owner,13.0,2.8125,Chevrolet
Honda City 1.3 EXI,2002.0,145000.0,100000.0,Petrol,Individual,Manual,First Owner,24.0,1.45,Honda
Unknown,2018.0,1200000.0,29600.0,Petrol,Dealer,Manual,First Owner,8.0,40.54054054054054,Unknown
Ford EcoSport 1.5 Diesel Titanium Plus BSIV,2018.0,930000.0,20000.0,Diesel,Individual,Manual,First Owner,8.0,46.5,Ford
Hyundai EON D Lite,2016.0,210000.0,30000.0,Petrol,Individual,Manual,First Owner,10.0,7.0,Hyundai
Hyundai Getz 1.5 CRDi GVS,2008.0,110000.0,154000.0,Diesel,Individual,Manual,Third Owner,18.0,0.7142857142857143,Hyundai
Maruti Swift LXI,2011.0,175000.0,70000.0,Petrol,Individual,Manual,First Owner,15.0,2.5,Maruti
Renault Lodgy Stepway 85PS RXZ 8S,2017.0,350000.0,60000.0,Diesel,Individual,Manual,First Owner,9.0,5.833333333333333,Renault
Unknown,2014.0,550000.0,51000.0,Petrol,Individual,Manual,First Owner,12.0,10.784313725490197,Unknown
Maruti Alto LX BSIII,2008.0,85000.0,120000.0,Petrol,Individual,Manual,Second Owner,18.0,0.7083333333333334,Maruti
Renault Captur 1.5 Diesel RXT,2017.0,350000.0,13500.0,Diesel,Individual,Manual,First Owner,9.0,25.925925925925927,Renault
Toyota Etios 1.5 V,2016.0,509999.0,35000.0,Petrol,Individual,Manual,First Owner,10.0,14.5714,Toyota
Maruti Swift ZXI BSIV,2016.0,350000.0,7104.0,Petrol,Individual,Manual,First Owner,10.0,49.26801801801802,Maruti
Audi A6 2.0 TDI Premium Plus,2013.0,1300000.0,60000.0,Petrol,Dealer,Automatic,First Owner,13.0,21.666666666666668,Audi
Skoda Laura Ambiente 2.0 TDI CR MT,2012.0,385000.0,52000.0,Petrol,Dealer,Manual,First Owner,14.0,7.403846153846154,Skoda
BMW X5 xDrive 30d xLine,2019.0,350000.0,30000.0,Diesel,Dealer,Automatic,First Owner,7.0,11.666666666666666,BMW
Toyota Fortuner 4x2 AT,2017.0,350000.0,47162.0,Diesel,Trustmark Dealer,Automatic,First Owner,9.0,7.4212289555150335,Toyota
Maruti S-Cross Zeta DDiS 200 SH,2015.0,750000.0,45974.0,Diesel,Individual,Manual,First Owner,11.0,16.313568538739286,Maruti
Maruti Swift Dzire VDI,2014.0,600000.0,46507.0,Diesel,Trustmark Dealer,Manual,First Owner,12.0,12.901283677725933,Maruti
Maruti Baleno Alpha 1.3,2017.0,650000.0,70000.0,Diesel,Individual,Manual,First Owner,9.0,9.285714285714286,Maruti
Chevrolet Spark 1.0 LS,2011.0,140000.0,60000.0,Petrol,Individual,Manual,Second Owner,15.0,2.3333333333333335,Chevrolet
Maruti Alto LXi,2011.0,150000.0,70000.0,Petrol,Individual,Manual,First Owner,15.0,2.142857142857143,Maruti
Datsun GO Plus A Option Petrol,2018.0,450000.0,10000.0,Petrol,Individual,Manual,Second Owner,8.0,45.0,Datsun
Hyundai Accent CRDi,2006.0,170000.0,245244.0,Diesel,Individual,Manual,Fourth & Above Owner,20.0,0.6931871931627277,Hyundai
Renault KWID 1.0 RXT Optional,2017.0,400000.0,60000.0,Petrol,Individual,Manual,First Owner,9.0,6.666666666666667,Renault
Tata Tiago 1.2 Revotron XE,2016.0,300000.0,30000.0,Petrol,Individual,Manual,First Owner,10.0,10.0,Tata
Maruti Alto 800 Base,2012.0,250000.0,8000.0,Petrol,Individual,Manual,First Owner,14.0,31.25,Maruti
Tata Tigor 1.2 Revotron XM,2019.0,500000.0,10000.0,Petrol,Individual,Manual,First Owner,7.0,50.0,Tata
Unknown,2002.0,85000.0,100000.0,Diesel,Individual,Manual,Third Owner,24.0,0.85,Unknown
Nissan Sunny Diesel XL,2012.0,300000.0,110000.0,Diesel,Individual,Manual,First Owner,14.0,2.727272727272727,Nissan
Mahindra XUV500 AT W8 FWD,2015.0,740000.0,45000.0,Diesel,Dealer,Automatic,First Owner,11.0,16.444444444444443,Mahindra
Hyundai Santro Xing XG,2005.0,70000.0,68500.0,Petrol,Dealer,Manual,First Owner,21.0,1.0218978102189782,Hyundai
Hyundai Santro Sportz AMT,2019.0,484999.0,5007.0,Petrol,Dealer,Automatic,First Owner,7.0,96.86419013381266,Hyundai
Nissan Micra Active XV S,2013.0,164000.0,60000.0,Petrol,Individual,Manual,First Owner,13.0,2.7333333333333334,Nissan
Honda City 1.5 V AT,2008.0,140000.0,70000.0,Petrol,Individual,Automatic,First Owner,18.0,2.0,Honda
Mercedes-Benz E-Class E250 CDI Elegance,2011.0,999000.0,49600.0,Diesel,Dealer,Automatic,First Owner,15.0,20.141129032258064,Mercedes-Benz
Maruti Alto LXI,2005.0,56000.0,23000.0,Petrol,Individual,Manual,Second Owner,21.0,2.4347826086956523,Maruti
BMW 7 Series 730Ld,2006.0,1050000.0,60000.0,Diesel,Dealer,Automatic,First Owner,20.0,17.5,BMW
Unknown,2010.0,190000.0,38000.0,Petrol,Dealer,Manual,First Owner,16.0,5.0,Unknown
Unknown,2018.0,3899000.0,22000.0,Diesel,Dealer,Automatic,First Owner,8.0,177.22727272727272,Unknown
Hyundai i10 Sportz 1.2,2011.0,235000.0,60000.0,Petrol,Dealer,Manual,First Owner,15.0,3.9166666666666665,Hyundai
Unknown,2017.0,350000.0,10171.0,Petrol,Dealer,Manual,First Owner,9.0,34.41156228492773,Unknown
Renault Duster 110PS Diesel RxL,2015.0,465000.0,41123.0,Diesel,Dealer,Manual,First Owner,11.0,11.307540792257374,Renault
Toyota Camry Hybrid 2.5,2017.0,1900000.0,20118.0,Petrol,Dealer,Automatic,First Owner,9.0,94.44278755343474,Toyota
Honda City i DTec SV,2014.0,450000.0,40000.0,Diesel,Dealer,Manual,First Owner,12.0,11.25,Honda
Volkswagen Jetta 2.0L TDI Highline,2015.0,790000.0,52517.0,Diesel,Dealer,Manual,First Owner,11.0,15.042748062532132,Volkswagen
Mahindra Marazzo M2 8Str,2019.0,900000.0,60000.0,Petrol,Individual,Manual,First Owner,7.0,15.0,Mahindra
Ford Ecosport 1.5 DV5 MT Titanium Optional,2014.0,450000.0,99117.0,Diesel,Dealer,Manual,First Owner,12.0,4.540088985744121,Ford
Chevrolet Spark 1.0 LS,2009.0,135000.0,90000.0,Petrol,Individual,Manual,First Owner,17.0,1.5,Chevrolet
Maruti Celerio ZXI MT BSIV,2019.0,425000.0,3700.0,Petrol,Individual,Manual,First Owner,7.0,114.86486486486487,Maruti
Tata Indica Vista Terra 1.4 TDI,2010.0,350000.0,80000.0,Diesel,Individual,Manual,First Owner,16.0,4.375,Tata
Ford EcoSport 1.5 TDCi Titanium BSIV,2015.0,350000.0,100000.0,Diesel,Individual,Manual,Second Owner,11.0,3.5,Ford
Tata Indica Vista Aqua 1.4 TDI,2011.0,90000.0,54000.0,Diesel,Individual,Manual,First Owner,15.0,1.6666666666666667,Tata
Hyundai EON Era Plus,2017.0,250000.0,19000.0,Petrol,Individual,Manual,First Owner,9.0,13.157894736842104,Hyundai
Maruti Swift Dzire VDI,2014.0,300000.0,60000.0,Diesel,Individual,Manual,First Owner,12.0,5.0,Maruti
Maruti Wagon R VXI BS IV,2014.0,275000.0,30000.0,Petrol,Individual,Manual,First Owner,12.0,9.166666666666666,Maruti
Honda BRV i-VTEC V MT,2017.0,600000.0,43500.0,Petrol,Individual,Manual,First Owner,9.0,13.793103448275861,Honda
Renault KWID RXT,2016.0,270000.0,60000.0,Petrol,Individual,Manual,Second Owner,10.0,4.5,Renault
Renault KWID RXT Optional,2016.0,240000.0,70000.0,Petrol,Individual,Manual,Second Owner,10.0,3.4285714285714284,Renault
Skoda Octavia Elegance 2.0 TDI AT,2014.0,1200000.0,135000.0,Diesel,Individual,Automatic,Third Owner,12.0,8.88888888888889,Skoda
Chevrolet Beat Diesel LS,2012.0,160000.0,60000.0,Diesel,Individual,Manual,First Owner,14.0,2.6666666666666665,Chevrolet
Honda City i-VTEC ZX,2018.0,1200000.0,29600.0,Petrol,Dealer,Manual,First Owner,8.0,40.54054054054054,Honda
Audi A4 30 TFSI Technology,2018.0,3100000.0,60000.0,Petrol,Individual,Automatic,First Owner,8.0,51.666666666666664,Audi
Honda Amaze VX Diesel BSIV,2018.0,350000.0,25000.0,Diesel,Dealer,Manual,First Owner,8.0,14.0,Honda
Honda Amaze VX Petrol BSIV,2018.0,690000.0,39000.0,Petrol,Dealer,Manual,First Owner,8.0,17.692307692307693,Honda
Unknown,2016.0,245000.0,60000.0,Petrol,Individual,Manual,First Owner,10.0,4.083333333333333,Unknown
Unknown,2018.0,680000.0,48600.0,Petrol,Dealer,Manual,First Owner,8.0,13.991769547325102,Unknown
Hyundai Grand i10 Asta Option,2017.0,540000.0,60000.0,Petrol,Individual,Manual,Second Owner,9.0,9.0,Hyundai
Unknown,2016.0,425000.0,25000.0,Petrol,Individual,Manual,First Owner,10.0,17.0,Unknown
Maruti Zen Estilo Sports,2008.0,140000.0,120000.0,Petrol,Individual,Manual,First Owner,18.0,1.1666666666666667,Maruti
Maruti Ertiga ZDI Plus,2014.0,1100000.0,30000.0,Diesel,Individual,Manual,First Owner,12.0,36.666666666666664,Maruti
Maruti Swift VXI,2013.0,370000.0,90000.0,Petrol,Individual,Manual,First Owner,13.0,4.111111111111111,Maruti
Tata Xenon XT EX 4X2,2014.0,291000.0,90000.0,Diesel,Individual,Manual,First Owner,12.0,3.2333333333333334,Tata
Renault KWID 1.0 RXT Optional,2016.0,350000.0,60000.0,Petrol,Individual,Manual,First Owner,10.0,5.833333333333333,Renault
Maruti Omni 5 Str STD,1998.0,65000.0,60000.0,Petrol,Dealer,Manual,First Owner,28.0,1.0833333333333333,Maruti
Maruti Swift Dzire VDI,2015.0,650000.0,58000.0,Diesel,Individual,Manual,First Owner,11.0,11.206896551724139,Maruti
Maruti Wagon R LX BS IV,2014.0,350000.0,40000.0,Petrol,Dealer,Manual,First Owner,12.0,8.75,Maruti
Maruti Wagon R LXI,2014.0,75000.0,60000.0,Petrol,Individual,Manual,Second Owner,12.0,1.25,Maruti
Hyundai i20 Asta (o) 1.4 CRDi (Diesel),2012.0,440000.0,70000.0,Diesel,Dealer,Manual,First Owner,14.0,6.285714285714286,Hyundai
Hyundai Santro Xing GLS,2013.0,270000.0,60000.0,Petrol,Individual,Manual,First Owner,13.0,4.5,Hyundai
Toyota Innova 2.5 V Diesel 7-seater,2014.0,1150000.0,60000.0,Diesel,Dealer,Manual,First Owner,12.0,19.166666666666668,Toyota
Unknown,2015.0,350000.0,70000.0,Petrol,Dealer,Manual,First Owner,11.0,5.0,Unknown
Mercedes-Benz B Class B180 Sports,2013.0,1100000.0,40000.0,Petrol,Individual,Automatic,Second Owner,13.0,27.5,Mercedes-Benz
Mahindra XUV500 W10 2WD,2015.0,350000.0,75000.0,Diesel,Dealer,Manual,Second Owner,11.0,4.666666666666667,Mahindra
Skoda Fabia 1.2L Diesel Ambiente,2010.0,260000.0,150000.0,Diesel,Individual,Manual,First Owner,16.0,1.7333333333333334,Skoda
Toyota Etios VD,2012.0,350000.0,140000.0,Petrol,Individual,Manual,Third Owner,14.0,2.5,Toyota
Toyota Etios Liva VD,2015.0,480000.0,60000.0,Diesel,Individual,Manual,First Owner,11.0,8.0,Toyota
Toyota Etios Liva GD,2012.0,345000.0,137250.0,Diesel,Individual,Manual,Second Owner,14.0,2.5136612021857925,Toyota
Mahindra Scorpio M2DI,2013.0,500000.0,110000.0,Petrol,Individual,Manual,Second Owner,13.0,4.545454545454546,Mahindra
Unknown,2017.0,595000.0,27000.0,Petrol,Individual,Manual,First Owner,9.0,22.037037037037038,Unknown
Hyundai Verna CRDi 1.6 SX Option,2019.0,1295000.0,9000.0,Diesel,Dealer,Manual,First Owner,7.0,143.88888888888889,Hyundai
Volkswagen Vento 1.5 TDI Highline BSIV,2019.0,1350000.0,5400.0,Diesel,Individual,Manual,Test Drive Car,7.0,250.0,Volkswagen
Unknown,2020.0,541000.0,1000.0,Petrol,Dealer,Manual,Test Drive Car,6.0,541.0,Unknown
Hyundai Santro Asta,2018.0,515000.0,16000.0,Petrol,Dealer,Manual,First Owner,8.0,32.1875,Hyundai
Ford Figo Aspire Titanium Plus Diesel,2019.0,894999.0,60000.0,Diesel,Dealer,Manual,Test Drive Car,7.0,14.91665,Ford
Renault Pulse RxZ Optional,2012.0,325000.0,47000.0,Diesel,Dealer,Manual,First Owner,14.0,6.914893617021277,Renault
Maruti Ciaz 1.4 Alpha,2018.0,925000.0,22000.0,Petrol,Individual,Manual,First Owner,8.0,42.04545454545455,Maruti
Unknown,2017.0,844999.0,30000.0,Petrol,Individual,Manual,First Owner,9.0,28.166633333333333,Unknown
Maruti Ciaz 1.4 Alpha,2018.0,350000.0,20000.0,Petrol,Individual,Manual,First Owner,8.0,17.5,Maruti
Tata Manza Club Class Quadrajet90 LX,2013.0,300000.0,60000.0,Petrol,Individual,Manual,First Owner,13.0,5.0,Tata
Toyota Camry M/t,2008.0,650000.0,75000.0,Petrol,Individual,Manual,Second Owner,18.0,8.666666666666666,Toyota
Maruti Alto K10 LXI,2010.0,175000.0,64000.0,Petrol,Dealer,Manual,First Owner,16.0,2.734375,Maruti
Maruti SX4 S Cross DDiS 320 Delta,2015.0,350000.0,80000.0,Diesel,Individual,Manual,First Owner,11.0,4.375,Maruti
Renault Duster 85PS Diesel RxZ,2017.0,600000.0,90000.0,Diesel,Individual,Manual,First Owner,9.0,6.666666666666667,Renault
Maruti Swift ZXI Plus,2018.0,700000.0,30000.0,Petrol,Individual,Manual,First Owner,8.0,23.333333333333332,Maruti
Toyota Corolla H3,2003.0,95000.0,120000.0,Petrol,Individual,Automatic,Second Owner,23.0,0.7916666666666666,Toyota
Maruti Celerio ZXI,2019.0,490000.0,20000.0,Petrol,Dealer,Manual,First Owner,7.0,24.5,Maruti
Tata Safari DICOR 2.2 EX 4x2,2013.0,380000.0,100000.0,Diesel,Individual,Manual,First Owner,13.0,3.8,Tata
Hyundai Grand i10 1.2 Kappa Sportz Dual Tone,2018.0,550000.0,31000.0,Petrol,Dealer,Manual,First Owner,8.0,17.741935483870968,Hyundai
Maruti Alto 800 LXI,2013.0,225000.0,47000.0,Petrol,Dealer,Manual,First Owner,13.0,4.787234042553192,Maruti
Tata Nexon 1.2 Revotron XM,2018.0,570000.0,11200.0,Petrol,Individual,Manual,First Owner,8.0,50.892857142857146,Tata
Maruti Alto 800 LXI,2018.0,305000.0,35000.0,Petrol,Dealer,Manual,First Owner,8.0,8.714285714285714,Maruti
Maruti Wagon R Duo Lxi,2010.0,240000.0,50000.0,LPG,Dealer,Manual,First Owner,16.0,4.8,Maruti
Maruti Ertiga SHVS VDI,2015.0,700000.0,55000.0,Diesel,Dealer,Manual,First Owner,11.0,12.727272727272727,Maruti
Maruti Omni E MPI STD BS IV,2018.0,288000.0,20000.0,Petrol,Individual,Manual,First Owner,8.0,14.4,Maruti
Mahindra Bolero B4,2017.0,800000.0,75000.0,Diesel,Dealer,Manual,First Owner,9.0,10.666666666666666,Mahindra
Maruti Celerio VXI,2017.0,350000.0,93000.0,Petrol,Dealer,Manual,First Owner,9.0,3.763440860215054,Maruti
Chevrolet Beat Diesel LT Option,2009.0,195000.0,57000.0,Diesel,Dealer,Manual,Second Owner,17.0,3.4210526315789473,Chevrolet
Maruti Eeco Smiles 5 Seater AC,2014.0,350000.0,30000.0,Petrol,Dealer,Manual,First Owner,12.0,11.666666666666666,Maruti
Renault Duster 85PS Diesel RxE,2013.0,450000.0,73000.0,Diesel,Dealer,Manual,First Owner,13.0,6.164383561643835,Renault
Maruti Swift Dzire VDI,2016.0,630000.0,65000.0,Diesel,Dealer,Manual,First Owner,10.0,9.692307692307692,Maruti
Maruti Swift 1.3 VXi,2009.0,250000.0,62000.0,Petrol,Dealer,Manual,Second Owner,17.0,4.032258064516129,Maruti
Hyundai Santro GLS I - Euro II,2007.0,135000.0,85000.0,Petrol,Dealer,Manual,First Owner,19.0,1.588235294117647,Hyundai
Chevrolet Spark 1.0 PS,2010.0,110000.0,73000.0,Petrol,Individual,Manual,First Owner,16.0,1.5068493150684932,Chevrolet
Maruti Swift ZDi,2012.0,350000.0,55000.0,Petrol,Dealer,Manual,First Owner,14.0,6.363636363636363,Maruti
Maruti Omni E MPI STD BS IV,2016.0,350000.0,5800.0,Petrol,Individual,Manual,Second Owner,10.0,60.3448275862069,Maruti
Toyota Innova 2.5 V Diesel 8-seater,2009.0,350000.0,350000.0,Diesel,Individual,Manual,First Owner,17.0,1.0,Toyota
Maruti Swift ZXI Plus,2018.0,600000.0,30000.0,Petrol,Individual,Manual,First Owner,8.0,20.0,Maruti
Maruti Swift Dzire VDI,2018.0,750000.0,20000.0,Diesel,Individual,Manual,First Owner,8.0,37.5,Maruti
Unknown,2014.0,270000.0,20000.0,Petrol,Individual,Manual,First Owner,12.0,13.5,Unknown
Maruti Alto LXi,2007.0,90000.0,100000.0,Petrol,Individual,Manual,Second Owner,19.0,0.9,Maruti
Maruti Wagon R Stingray VXI,2013.0,350000.0,65000.0,Petrol,Individual,Manual,First Owner,13.0,5.384615384615385,Maruti
Ford Figo Diesel Celebration Edition,2013.0,285000.0,90000.0,Diesel,Individual,Manual,Second Owner,13.0,3.1666666666666665,Ford
Toyota Innova 2.5 E Diesel MS 7-seater,2011.0,665000.0,267000.0,Diesel,Individual,Manual,Second Owner,15.0,2.4906367041198503,Toyota
Mahindra Scorpio 2.6 CRDe,2005.0,175000.0,250000.0,Diesel,Individual,Manual,Second Owner,21.0,0.7,Mahindra
Mahindra Xylo D2,2011.0,350000.0,140000.0,Diesel,Individual,Manual,Second Owner,15.0,2.5,Mahindra
Honda City i-VTEC CVT ZX,2018.0,1225000.0,22000.0,Petrol,Dealer,Automatic,First Owner,8.0,55.68181818181818,Honda
Honda Jazz Select Edition Active,2010.0,285000.0,60000.0,Petrol,Dealer,Manual,Second Owner,16.0,4.75,Honda
Honda City i-VTEC VX,2018.0,1000000.0,28635.0,Petrol,Dealer,Manual,First Owner,8.0,34.922297887200976,Honda
Honda Amaze VX Diesel BSIV,2018.0,780000.0,60000.0,Diesel,Dealer,Manual,First Owner,8.0,13.0,Honda
Maruti Celerio VXI,2014.0,300000.0,82000.0,Petrol,Individual,Manual,Second Owner,12.0,3.658536585365854,Maruti
Maruti Swift VXI BSIII,2006.0,160000.0,95149.0,Petrol,Dealer,Manual,Second Owner,20.0,1.6815731116459447,Maruti
Honda Amaze VX i-VTEC,2018.0,625000.0,68458.0,Petrol,Dealer,Manual,First Owner,8.0,9.129685354523941,Honda
Maruti Ritz VXi,2010.0,265000.0,42000.0,Petrol,Individual,Manual,First Owner,16.0,6.309523809523809,Maruti
Honda City i DTEC V,2014.0,350000.0,90000.0,Petrol,Individual,Manual,Second Owner,12.0,3.888888888888889,Honda
Maruti Alto LXi,2014.0,140000.0,80000.0,Petrol,Individual,Manual,Second Owner,12.0,1.75,Maruti
Toyota Innova 2.5 GX (Diesel) 7 Seater,2015.0,940000.0,60000.0,Diesel,Individual,Manual,First Owner,11.0,15.666666666666666,Toyota
Nissan Terrano XV Premium 110 PS,2013.0,750000.0,80000.0,Diesel,Individual,Manual,First Owner,13.0,9.375,Nissan
Unknown,2016.0,610000.0,60000.0,Diesel,Individual,Manual,First Owner,10.0,10.166666666666666,Unknown
Unknown,2015.0,450000.0,50000.0,Diesel,Individual,Manual,First Owner,11.0,9.0,Unknown
Toyota Etios Liva GD,2012.0,409999.0,60000.0,Diesel,Individual,Manual,First Owner,14.0,6.833316666666667,Toyota
Unknown,2016.0,650000.0,100000.0,Diesel,Individual,Manual,First Owner,10.0,6.5,Unknown
Mahindra TUV 300 T8,2017.0,650000.0,80000.0,Diesel,Individual,Manual,First Owner,9.0,8.125,Mahindra
Hyundai Getz 1.3 GLS,2010.0,150000.0,105546.0,Petrol,Individual,Manual,First Owner,16.0,1.4211812858848274,Hyundai
Toyota Etios Liva 1.2 V,2018.0,500000.0,10000.0,Petrol,Individual,Manual,First Owner,8.0,50.0,Toyota
Toyota Innova 2.5 GX 7 STR BSIV,2012.0,1000000.0,80000.0,Diesel,Individual,Manual,Second Owner,14.0,12.5,Toyota
Hyundai i20 Magna Optional 1.2,2013.0,340000.0,35000.0,Petrol,Individual,Manual,First Owner,13.0,9.714285714285714,Hyundai
Toyota Innova 2.5 G (Diesel) 8 Seater,2013.0,1010000.0,120000.0,Diesel,Individual,Manual,First Owner,13.0,8.416666666666666,Toyota
Toyota Etios GD,2011.0,350000.0,120000.0,Diesel,Individual,Manual,Third Owner,15.0,2.9166666666666665,Toyota
Maruti Swift VDI BSIV,2016.0,595000.0,70000.0,Diesel,Individual,Manual,First Owner,10.0,8.5,Maruti
Mahindra Scorpio VLX 2WD BSIV,2014.0,700000.0,130000.0,Diesel,Individual,Manual,Third Owner,12.0,5.384615384615385,Mahindra
Renault KWID RXL,2019.0,350000.0,40000.0,Petrol,Individual,Manual,First Owner,7.0,8.75,Renault
Maruti Alto K10 VXI,2015.0,320000.0,60000.0,Petrol,Individual,Manual,Second Owner,11.0,5.333333333333333,Maruti
Honda City 1.5 S MT,2011.0,310000.0,110000.0,Petrol,Individual,Manual,First Owner,15.0,2.8181818181818183,Honda
Honda City i DTEC VX,2014.0,700000.0,130000.0,Diesel,Individual,Manual,First Owner,12.0,5.384615384615385,Honda
Maruti Alto LXi BSIII,2009.0,130000.0,80000.0,Petrol,Individual,Manual,Second Owner,17.0,1.625,Maruti
Maruti Swift Dzire VDi,2009.0,150000.0,60000.0,Diesel,Individual,Manual,Second Owner,17.0,2.5,Maruti
Honda Amaze E i-Dtech,2015.0,300000.0,104000.0,Diesel,Individual,Manual,Second Owner,11.0,2.8846153846153846,Honda
Maruti Swift Dzire LXi,2014.0,150000.0,100000.0,Petrol,Individual,Manual,Second Owner,12.0,1.5,Maruti
Honda City 1.3 EXI,2003.0,120000.0,132343.0,Petrol,Individual,Manual,First Owner,23.0,0.9067347725229139,Honda
Hyundai Creta 1.4 CRDi S Plus,2016.0,950000.0,90000.0,Diesel,Individual,Manual,Second Owner,10.0,10.555555555555555,Hyundai
Maruti Wagon R VXI BS IV,2007.0,100000.0,60000.0,Petrol,Individual,Manual,Second Owner,19.0,1.6666666666666667,Maruti
Honda Jazz 1.5 SV i DTEC,2015.0,450000.0,76000.0,Diesel,Individual,Manual,First Owner,11.0,5.921052631578948,Honda
Maruti 800 EX,2004.0,350000.0,60000.0,Petrol,Individual,Manual,Third Owner,22.0,5.833333333333333,Maruti
Mahindra Renault Logan 1.6 Petrol GLSX,2009.0,200000.0,30000.0,Petrol,Individual,Manual,Second Owner,17.0,6.666666666666667,Mahindra
Tata Indigo LS,2010.0,250000.0,96000.0,Diesel,Individual,Manual,Second Owner,16.0,2.6041666666666665,Tata
Mahindra Marazzo M8 8Str,2018.0,1300000.0,10000.0,Petrol,Individual,Manual,First Owner,8.0,130.0,Mahindra
Unknown,2017.0,425000.0,36000.0,Diesel,Dealer,Manual,First Owner,9.0,11.805555555555555,Unknown
Maruti Ciaz 1.4 AT Zeta,2017.0,500000.0,60000.0,Petrol,Individual,Automatic,First Owner,9.0,8.333333333333334,Maruti
Maruti Wagon R LXI,2011.0,260000.0,60000.0,Petrol,Dealer,Manual,First Owner,15.0,4.333333333333333,Maruti
Maruti Alto VXi,2014.0,280000.0,26134.0,Petrol,Dealer,Manual,First Owner,12.0,10.714012397642918,Maruti
Maruti Wagon R AMT VXI,2014.0,300000.0,28942.0,Petrol,Dealer,Automatic,First Owner,12.0,10.365558703614125,Maruti
Mahindra XUV500 W8 2WD,2012.0,711000.0,53600.0,Diesel,Dealer,Manual,First Owner,14.0,13.264925373134329,Mahindra
Toyota Innova 2.5 G (Diesel) 8 Seater,2015.0,851000.0,53652.0,Diesel,Individual,Manual,First Owner,11.0,15.861477670916276,Toyota
Maruti Ritz VDi,2011.0,350000.0,52895.0,Diesel,Dealer,Manual,First Owner,15.0,6.616882503072124,Maruti
Hyundai Verna SX Diesel,2013.0,550000.0,42324.0,Diesel,Dealer,Manual,Second Owner,13.0,12.994991021642567,Hyundai
Mahindra XUV500 W10 1.99 mHawk,2016.0,1044999.0,65000.0,Diesel,Dealer,Manual,First Owner,10.0,16.076907692307692,Mahindra
Unknown,2012.0,550000.0,60236.0,Diesel,Dealer,Manual,First Owner,14.0,9.130752373995618,Unknown
Maruti Wagon R VXI BS IV,2014.0,210000.0,70000.0,Petrol,Individual,Manual,Second Owner,12.0,3.0,Maruti
Maruti Wagon R VXI BS IV,2014.0,210000.0,70000.0,Petrol,Individual,Manual,First Owner,12.0,3.0,Maruti
Mahindra Xylo E8,2009.0,350000.0,100000.0,Diesel,Individual,Manual,Second Owner,17.0,3.5,Mahindra
Fiat 500 Lounge,2014.0,250999.0,110000.0,Diesel,Individual,Manual,First Owner,12.0,2.281809090909091,Fiat
Renault Triber RXT BSIV,2014.0,600000.0,10300.0,Petrol,Individual,Manual,First Owner,12.0,58.25242718446602,Renault
Fiat Grande Punto EVO 1.3 Active,2014.0,270000.0,120000.0,Diesel,Individual,Manual,Second Owner,12.0,2.25,Fiat
Tata New Safari 4X4 EX,2012.0,550000.0,142000.0,Diesel,Individual,Manual,First Owner,14.0,3.8732394366197185,Tata
Mahindra TUV 300 mHAWK100 T8,2017.0,800000.0,25000.0,Diesel,Individual,Manual,First Owner,9.0,32.0,Mahindra
Tata Altroz XE,2020.0,500000.0,5000.0,Petrol,Individual,Manual,First Owner,6.0,100.0,Tata
Hyundai Creta 1.6 CRDi SX,2016.0,535000.0,60000.0,Diesel,Individual,Manual,First Owner,10.0,8.916666666666666,Hyundai
Hyundai Grand i10 1.2 Kappa Sportz BSIV,2016.0,396000.0,60000.0,Petrol,Dealer,Manual,First Owner,10.0,6.6,Hyundai
Honda City i DTEC VX,2014.0,600000.0,50000.0,Diesel,Individual,Manual,First Owner,12.0,12.0,Honda
Maruti Wagon R ZXI 1.2,2019.0,575000.0,30000.0,Petrol,Dealer,Manual,First Owner,7.0,19.166666666666668,Maruti
Hyundai Santro Sportz BSIV,2020.0,520000.0,5000.0,Petrol,Individual,Manual,First Owner,6.0,104.0,Hyundai
Mahindra XUV500 AT W10 FWD,2018.0,1400000.0,30000.0,Diesel,Individual,Automatic,First Owner,8.0,46.666666666666664,Mahindra
Maruti Baleno Delta Automatic,2018.0,600000.0,7600.0,Petrol,Individual,Automatic,First Owner,8.0,78.94736842105263,Maruti
Chevrolet Beat Diesel LS,2013.0,195000.0,47253.0,Diesel,Dealer,Manual,First Owner,13.0,4.126722112881722,Chevrolet
Maruti Alto K10 VXI AGS,2015.0,281000.0,4432.0,Petrol,Dealer,Automatic,Second Owner,11.0,63.40252707581227,Maruti
Tata Indica GLS BS IV,2010.0,350000.0,110000.0,Petrol,Individual,Manual,Second Owner,16.0,3.1818181818181817,Tata
Hyundai Grand i10 Sportz,2014.0,400000.0,25000.0,Petrol,Individual,Manual,First Owner,12.0,16.0,Hyundai
Tata Indica Vista Terra 1.4 TDI,2009.0,93000.0,70000.0,Petrol,Individual,Manual,First Owner,17.0,1.3285714285714285,Tata
Hyundai i20 Active S Petrol,2016.0,560000.0,68523.0,Petrol,Dealer,Manual,First Owner,10.0,8.172438451322913,Hyundai
Hyundai EON 1.0 Era Plus,2019.0,400000.0,5000.0,Petrol,Individual,Manual,First Owner,7.0,80.0,Hyundai
Tata Tigor 1.2 Revotron XT,2018.0,459999.0,40000.0,Petrol,Individual,Manual,First Owner,8.0,11.499975,Tata
Hyundai Xcent 1.2 CRDi E,2017.0,450000.0,43000.0,Petrol,Individual,Manual,First Owner,9.0,10.465116279069768,Hyundai
Maruti Alto Green LXi (CNG),2010.0,88000.0,80251.0,CNG,Dealer,Manual,Second Owner,16.0,1.096559544429353,Maruti
Hyundai i20 1.2 Era,2010.0,250000.0,34500.0,Petrol,Individual,Manual,Second Owner,16.0,7.246376811594203,Hyundai
Ford Ikon 1.4 ZXi,2000.0,22000.0,42743.0,Petrol,Dealer,Manual,Third Owner,26.0,0.5147041620850198,Ford
Chevrolet Beat Diesel LS,2013.0,130000.0,60000.0,Petrol,Individual,Manual,Second Owner,13.0,2.1666666666666665,Chevrolet
Maruti Zen VXi - BS III,2004.0,79000.0,80000.0,Petrol,Individual,Manual,First Owner,22.0,0.9875,Maruti
Chevrolet Beat Diesel LS,2012.0,120000.0,110000.0,Diesel,Individual,Manual,First Owner,14.0,1.0909090909090908,Chevrolet
BMW 7 Series 730Ld,2011.0,350000.0,100000.0,Diesel,Individual,Automatic,Second Owner,15.0,3.5,BMW
Chevrolet Optra Magnum 2.0 LT,2012.0,300000.0,60000.0,Diesel,Individual,Manual,First Owner,14.0,5.0,Chevrolet
Chevrolet Optra Magnum 2.0 LT,2012.0,300000.0,25000.0,Diesel,Individual,Manual,First Owner,14.0,12.0,Chevrolet
Maruti A-Star Lxi,2009.0,145000.0,25000.0,Petrol,Individual,Manual,First Owner,17.0,5.8,Maruti
Ford Endeavour 3.2 Titanium AT 4X4,2019.0,3200000.0,20000.0,Diesel,Individual,Automatic,First Owner,7.0,160.0,Ford
Chevrolet Spark 1.0 LT,2013.0,240000.0,10000.0,Petrol,Individual,Manual,First Owner,13.0,24.0,Chevrolet
Honda WR-V i-DTEC VX,2018.0,700000.0,30000.0,Diesel,Individual,Manual,First Owner,8.0,23.333333333333332,Honda
Hyundai Accent GLX,2010.0,145000.0,110000.0,Petrol,Individual,Manual,Second Owner,16.0,1.3181818181818181,Hyundai
Maruti Ertiga VDI Limited Edition,2014.0,535000.0,80000.0,Diesel,Individual,Manual,Second Owner,12.0,6.6875,Maruti
Mahindra KUV 100 mFALCON G80 K2 Plus,2016.0,420000.0,21000.0,Petrol,Individual,Manual,First Owner,10.0,20.0,Mahindra
Maruti Alto K10 VXI,2016.0,350000.0,20000.0,Petrol,Individual,Manual,First Owner,10.0,17.5,Maruti
Unknown,2015.0,550000.0,32000.0,Diesel,Individual,Manual,First Owner,11.0,17.1875,Unknown
Mitsubishi Montero 3.2 MT,2007.0,750000.0,180000.0,Diesel,Individual,Manual,First Owner,19.0,4.166666666666667,Mitsubishi
Tata Indica Vista Aqua 1.3 Quadrajet ABS BSIV,2012.0,198000.0,70000.0,Diesel,Individual,Manual,Second Owner,14.0,2.8285714285714287,Tata
Hyundai i20 Magna Optional 1.4 CRDi,2013.0,420000.0,50000.0,Diesel,Individual,Manual,First Owner,13.0,8.4,Hyundai
Hyundai i20 Magna Optional 1.4 CRDi,2014.0,420000.0,50000.0,Diesel,Individual,Manual,First Owner,12.0,8.4,Hyundai
Ford Endeavour 4x2 XLT,2004.0,195000.0,120000.0,Diesel,Individual,Manual,First Owner,22.0,1.625,Ford
Unknown,2012.0,150000.0,55766.0,Petrol,Individual,Manual,Second Owner,14.0,2.6898109959473513,Unknown
Nissan Micra XL,2011.0,275000.0,40000.0,Petrol,Individual,Manual,Second Owner,15.0,6.875,Nissan
Maruti 800 Std,2001.0,65000.0,60000.0,Petrol,Individual,Manual,Third Owner,25.0,1.0833333333333333,Maruti
Maruti Swift LXi BSIV,2008.0,200000.0,50000.0,Petrol,Individual,Manual,First Owner,18.0,4.0,Maruti
Maruti Swift Dzire VDi,2010.0,250000.0,110000.0,Diesel,Individual,Manual,Second Owner,16.0,2.272727272727273,Maruti
Tata Indigo CS LX (TDI) BS-III,2015.0,225000.0,68745.0,Diesel,Dealer,Manual,First Owner,11.0,3.2729653065677504,Tata
Mahindra Bolero Power Plus SLX,2019.0,860000.0,35000.0,Diesel,Individual,Manual,First Owner,7.0,24.571428571428573,Mahindra
Unknown,2013.0,350000.0,60000.0,Diesel,Individual,Manual,First Owner,13.0,5.833333333333333,Unknown
Tata Indica Vista Terra 1.4 TDI,2010.0,100000.0,80000.0,Diesel,Individual,Manual,First Owner,16.0,1.25,Tata
Hyundai Santro Xing XL eRLX Euro III,2006.0,100000.0,40000.0,Petrol,Individual,Manual,Second Owner,20.0,2.5,Hyundai
Tata Tiago XZA AMT,2018.0,525000.0,10980.0,Petrol,Dealer,Automatic,First Owner,8.0,47.814207650273225,Tata
Unknown,2016.0,350000.0,60000.0,Petrol,Dealer,Manual,First Owner,10.0,5.833333333333333,Unknown
Maruti Swift Dzire VDI,2013.0,525000.0,37000.0,Diesel,Dealer,Manual,First Owner,13.0,14.18918918918919,Maruti
Hyundai Grand i10 1.2 CRDi Sportz Option,2017.0,575000.0,27005.0,Diesel,Dealer,Manual,First Owner,9.0,21.29235326791335,Hyundai
Hyundai i10 Magna,2014.0,355000.0,39227.0,Petrol,Dealer,Manual,First Owner,12.0,9.049889106992632,Hyundai
Maruti Wagon R LXI,2008.0,221000.0,35008.0,Petrol,Dealer,Manual,First Owner,18.0,6.312842778793419,Maruti
Hyundai Santro Xing GLS,2009.0,350000.0,27005.0,Petrol,Dealer,Manual,First Owner,17.0,12.960562858729865,Hyundai
Maruti Zen VX,2001.0,85000.0,86000.0,Petrol,Individual,Manual,Second Owner,25.0,0.9883720930232558,Maruti
Maruti Swift VDI,2013.0,400000.0,50000.0,Diesel,Individual,Manual,First Owner,13.0,8.0,Maruti
Maruti Baleno Delta 1.3,2017.0,650000.0,20000.0,Petrol,Individual,Manual,First Owner,9.0,32.5,Maruti
Hyundai i10 Magna 1.2,2010.0,400000.0,50000.0,Petrol,Individual,Manual,First Owner,16.0,8.0,Hyundai
Tata Manza Aura (ABS) Quadrajet BS IV,2012.0,350000.0,80000.0,Diesel,Individual,Manual,Second Owner,14.0,4.375,Tata
Maruti Omni LPG STD BSIV,2006.0,60000.0,135000.0,LPG,Individual,Manual,Fourth & Above Owner,20.0,0.4444444444444444,Maruti
Maruti Zen D PS,2003.0,110000.0,120000.0,Diesel,Individual,Manual,Third Owner,23.0,0.9166666666666666,Maruti
Fiat Linea 1.3 Multijet Emotion,2015.0,550000.0,113600.0,Diesel,Individual,Manual,First Owner,11.0,4.841549295774648,Fiat
Unknown,2008.0,190000.0,70000.0,Petrol,Individual,Manual,Third Owner,18.0,2.7142857142857144,Unknown
Ford Aspire Titanium Plus Diesel BSIV,2018.0,861999.0,20000.0,Diesel,Dealer,Manual,First Owner,8.0,43.09995,Ford
Ford Aspire Titanium Plus BSIV,2018.0,782000.0,14000.0,Petrol,Dealer,Manual,First Owner,8.0,55.857142857142854,Ford
Ford Freestyle Titanium Plus Diesel BSIV,2018.0,836000.0,26000.0,Diesel,Dealer,Manual,First Owner,8.0,32.15384615384615,Ford
Honda City i VTEC V,2016.0,696000.0,138925.0,Petrol,Dealer,Manual,First Owner,10.0,5.009897426669066,Honda
Honda Jazz 1.5 VX i DTEC,2016.0,596000.0,121764.0,Diesel,Dealer,Manual,First Owner,10.0,4.894714365493906,Honda
Honda Jazz 1.2 VX i VTEC,2016.0,612000.0,105429.0,Petrol,Dealer,Manual,First Owner,10.0,5.804854451811171,Honda
Maruti Alto 800 LXI,2015.0,114999.0,35000.0,Petrol,Individual,Manual,First Owner,11.0,3.285685714285714,Maruti
Tata Bolt Quadrajet XE,2014.0,340000.0,60000.0,Diesel,Individual,Manual,First Owner,12.0,5.666666666666667,Tata
Maruti Swift ZXI Plus,2020.0,550000.0,5000.0,Petrol,Individual,Manual,First Owner,6.0,110.0,Maruti
Chevrolet Aveo U-VA 1.2 LT,2008.0,114999.0,70000.0,Petrol,Individual,Manual,Third Owner,18.0,1.642842857142857,Chevrolet
Maruti Wagon R VXI,2000.0,105000.0,80000.0,Petrol,Individual,Manual,First Owner,26.0,1.3125,Maruti
Maruti Vitara Brezza ZDi,2019.0,890000.0,20000.0,Diesel,Individual,Manual,First Owner,7.0,44.5,Maruti
Unknown,2014.0,715000.0,8000.0,Petrol,Individual,Manual,First Owner,12.0,89.375,Unknown
Hyundai i20 Asta (o),2014.0,525000.0,54000.0,Petrol,Dealer,Manual,Second Owner,12.0,9.722222222222221,Hyundai
Volkswagen Jetta 2.0L TDI Highline AT,2012.0,735000.0,55300.0,Petrol,Dealer,Automatic,First Owner,14.0,13.291139240506329,Volkswagen
Honda Amaze S i-VTEC,2014.0,495000.0,11958.0,Petrol,Dealer,Manual,First Owner,12.0,41.39488208730557,Honda
Hyundai i20 Asta 1.2,2014.0,475000.0,60000.0,Petrol,Dealer,Manual,First Owner,12.0,7.916666666666667,Hyundai
Mahindra Bolero 2011-2019 SLE,2013.0,325000.0,62200.0,Diesel,Individual,Manual,First Owner,13.0,5.22508038585209,Mahindra
Audi A8 4.2 TDI,2013.0,2800000.0,49000.0,Diesel,Dealer,Automatic,First Owner,13.0,57.142857142857146,Audi
Chevrolet Cruze LT,2012.0,350000.0,44500.0,Diesel,Dealer,Manual,Second Owner,14.0,7.865168539325842,Chevrolet
Volkswagen Jetta 1.4 TSI Comfortline,2013.0,450000.0,50000.0,Petrol,Individual,Manual,First Owner,13.0,9.0,Volkswagen
Audi A4 2.0 TDI 177 Bhp Premium Plus,2013.0,1150000.0,53000.0,Diesel,Dealer,Automatic,First Owner,13.0,21.69811320754717,Audi
Honda Civic 1.8 V AT,2009.0,210000.0,63500.0,Petrol,Dealer,Automatic,First Owner,17.0,3.3070866141732282,Honda
Mercedes-Benz E-Class Exclusive E 200 BSIV,2018.0,4500000.0,9800.0,Petrol,Individual,Automatic,First Owner,8.0,459.18367346938777,Mercedes-Benz
Volkswagen Polo GTI,2014.0,825000.0,13599.0,Petrol,Dealer,Automatic,First Owner,12.0,60.666225457754244,Volkswagen
BMW X1 sDrive 20d xLine,2017.0,2750000.0,13000.0,Diesel,Individual,Automatic,First Owner,9.0,211.53846153846155,BMW
Chevrolet Beat Diesel,2012.0,160000.0,110000.0,Diesel,Individual,Manual,First Owner,14.0,1.4545454545454546,Chevrolet
Mahindra Scorpio SLE BSIV,2014.0,550000.0,100000.0,Diesel,Individual,Manual,Second Owner,12.0,5.5,Mahindra
Maruti Swift 1.3 VXI ABS,2014.0,95000.0,110000.0,Petrol,Individual,Manual,Third Owner,12.0,0.8636363636363636,Maruti
Toyota Innova 2.5 G (Diesel) 7 Seater,2014.0,725000.0,90000.0,Diesel,Individual,Manual,Second Owner,12.0,8.055555555555555,Toyota
Tata Tigor 1.2 Revotron XZ Option,2019.0,670000.0,17000.0,Petrol,Individual,Manual,First Owner,7.0,39.411764705882355,Tata
Maruti Alto LX,2008.0,65000.0,140000.0,Petrol,Individual,Manual,First Owner,18.0,0.4642857142857143,Maruti
Mahindra Xylo D4,2015.0,500000.0,50000.0,Diesel,Individual,Manual,Second Owner,11.0,10.0,Mahindra
Mahindra KUV 100 mFALCON G80 K8 5str,2017.0,600000.0,53000.0,Petrol,Individual,Manual,First Owner,9.0,11.320754716981131,Mahindra
Maruti Wagon R VXI Optional,2017.0,350000.0,70000.0,Petrol,Individual,Manual,Second Owner,9.0,5.0,Maruti
Chevrolet Beat Diesel LT,2012.0,200000.0,70000.0,Diesel,Individual,Manual,Second Owner,14.0,2.857142857142857,Chevrolet
Hyundai EON Sportz,2012.0,150000.0,80000.0,Petrol,Individual,Manual,First Owner,14.0,1.875,Hyundai
Maruti Zen D PS,2003.0,75000.0,110000.0,Diesel,Individual,Manual,Second Owner,23.0,0.6818181818181818,Maruti
Honda Amaze EX i-Dtech,2013.0,350000.0,90000.0,Diesel,Individual,Manual,Second Owner,13.0,3.888888888888889,Honda
Toyota Innova Crysta 2.4 VX MT 8S BSIV,2018.0,1700000.0,15000.0,Diesel,Individual,Manual,First Owner,8.0,113.33333333333333,Toyota
BMW X1 sDrive20d,2011.0,890000.0,86000.0,Diesel,Individual,Automatic,Second Owner,15.0,10.348837209302326,BMW
Mahindra Scorpio M2DI,2014.0,500000.0,120000.0,Diesel,Individual,Manual,First Owner,12.0,4.166666666666667,Mahindra
Hyundai Elite i20 Sportz Plus Dual Tone BSIV,2019.0,600000.0,5200.0,Petrol,Individual,Manual,First Owner,7.0,115.38461538461539,Hyundai
Unknown,2010.0,99000.0,60000.0,Petrol,Individual,Manual,First Owner,16.0,1.65,Unknown
Hyundai i10 Era 1.1 iTech SE,2011.0,235000.0,46000.0,Petrol,Individual,Manual,First Owner,15.0,5.108695652173913,Hyundai
Tata Indigo GLX,2014.0,350000.0,40000.0,Petrol,Individual,Manual,Second Owner,12.0,8.75,Tata
Unknown,2014.0,600000.0,90000.0,Diesel,Individual,Manual,Second Owner,12.0,6.666666666666667,Unknown
Hyundai Verna CRDi 1.6 SX,2019.0,1000000.0,25000.0,Diesel,Individual,Manual,Second Owner,7.0,40.0,Hyundai
Unknown,2012.0,390000.0,90000.0,Diesel,Individual,Manual,First Owner,14.0,4.333333333333333,Unknown
Volkswagen Polo 1.5 TDI Highline,2015.0,600000.0,70000.0,Diesel,Individual,Manual,First Owner,11.0,8.571428571428571,Volkswagen
Hyundai i20 1.2 Spotz,2017.0,600000.0,70000.0,Petrol,Individual,Manual,Second Owner,9.0,8.571428571428571,Hyundai
Unknown,2014.0,730000.0,35000.0,Diesel,Individual,Manual,Second Owner,12.0,20.857142857142858,Unknown
Hyundai Grand i10 1.2 Kappa Magna AT,2017.0,450000.0,12700.0,Petrol,Individual,Automatic,First Owner,9.0,35.43307086614173,Hyundai
Unknown,2011.0,250000.0,80000.0,Diesel,Individual,Manual,First Owner,15.0,3.125,Unknown
Mahindra XUV500 W10 2WD,2018.0,1400000.0,20000.0,Diesel,Individual,Manual,First Owner,8.0,70.0,Mahindra
Renault KWID 1.0 RXT Optional,2014.0,300000.0,20000.0,Petrol,Individual,Manual,First Owner,12.0,15.0,Renault
Ford EcoSport 1.5 Petrol Titanium BSIV,2017.0,350000.0,19000.0,Petrol,Individual,Manual,First Owner,9.0,18.42105263157895,Ford
Fiat Grande Punto Active (Diesel),2009.0,350000.0,60000.0,Diesel,Individual,Manual,Second Owner,17.0,5.833333333333333,Fiat
BMW X1 sDrive 20d xLine,2019.0,2600000.0,9500.0,Petrol,Individual,Automatic,First Owner,7.0,273.6842105263158,BMW
Volkswagen Polo Diesel Trendline 1.2L,2012.0,295000.0,90000.0,Diesel,Individual,Manual,First Owner,14.0,3.2777777777777777,Volkswagen
Ford Ecosport 1.0 Ecoboost Platinum Edition BSIV,2013.0,650000.0,45839.0,Petrol,Dealer,Manual,First Owner,13.0,14.180065010144201,Ford
Chevrolet Aveo 1.4 LS,2010.0,200000.0,74510.0,Petrol,Dealer,Manual,First Owner,16.0,2.6842034626224667,Chevrolet
Chevrolet Aveo U-VA 1.2 LS,2009.0,130000.0,87293.0,Petrol,Dealer,Manual,First Owner,17.0,1.489237395896578,Chevrolet
Ford Figo Diesel EXI,2012.0,250000.0,156040.0,Diesel,Dealer,Manual,First Owner,14.0,1.6021532940271725,Ford
Ford Endeavour 2.5L 4X2 MT,2004.0,400000.0,93415.0,Diesel,Dealer,Manual,First Owner,22.0,4.281967564095702,Ford
Ford Aspire Titanium BSIV,2017.0,350000.0,101159.0,Petrol,Dealer,Manual,First Owner,9.0,3.459899761761188,Ford
Hyundai EON 1.0 Kappa Magna Plus,2015.0,350000.0,80000.0,Petrol,Individual,Manual,Second Owner,11.0,4.375,Hyundai
Tata Tiago 2019-2020 XZ,2019.0,450000.0,12000.0,Petrol,Individual,Manual,First Owner,7.0,37.5,Tata
Maruti Swift ZXI,2013.0,350000.0,90000.0,Petrol,Individual,Manual,First Owner,13.0,3.888888888888889,Maruti
Chevrolet Spark 1.0 LT,2011.0,130000.0,68519.0,Petrol,Dealer,Manual,First Owner,15.0,1.8972839650315971,Chevrolet
Chevrolet Beat Diesel LS,2012.0,350000.0,55130.0,Diesel,Dealer,Manual,First Owner,14.0,6.348630509704336,Chevrolet
Ford Ecosport 1.0 Ecoboost Titanium Optional,2014.0,475000.0,60000.0,Petrol,Dealer,Manual,First Owner,12.0,7.916666666666667,Ford
Volkswagen Polo 1.2 MPI Comfortline,2015.0,470000.0,58182.0,Petrol,Dealer,Manual,First Owner,11.0,8.078099755938263,Volkswagen
Unknown,2014.0,200000.0,91245.0,Diesel,Dealer,Manual,First Owner,12.0,2.1919009260781412,Unknown
Mahindra XUV500 W8 2WD,2013.0,650000.0,102989.0,Diesel,Dealer,Manual,First Owner,13.0,6.311353639709095,Mahindra
Honda City 1.5 E MT,2010.0,400000.0,50000.0,Petrol,Individual,Manual,First Owner,16.0,8.0,Honda
Maruti Zen VXI,2000.0,100000.0,120000.0,Petrol,Individual,Manual,First Owner,26.0,0.8333333333333334,Maruti
Maruti Swift Dzire VDI,2014.0,409999.0,90000.0,Petrol,Individual,Manual,First Owner,12.0,4.555544444444444,Maruti
Maruti Swift VDI BSIV,2018.0,640000.0,25000.0,Diesel,Individual,Manual,First Owner,8.0,25.6,Maruti
Maruti Wagon R LXI Minor,2007.0,160000.0,80000.0,Petrol,Individual,Manual,Second Owner,19.0,2.0,Maruti
Tata Indigo TDI,2014.0,182000.0,100000.0,Diesel,Individual,Manual,First Owner,12.0,1.82,Tata
Maruti Baleno Zeta 1.3,2018.0,750000.0,70000.0,Diesel,Individual,Manual,First Owner,8.0,10.714285714285714,Maruti
Mahindra Jeep MM 550 XDB,2002.0,150000.0,50000.0,Diesel,Individual,Manual,Third Owner,24.0,3.0,Mahindra
Maruti Alto STD,2008.0,80000.0,100000.0,Petrol,Individual,Manual,Second Owner,18.0,0.8,Maruti
Maruti Celerio VDi,2016.0,350000.0,90000.0,Diesel,Individual,Manual,Third Owner,10.0,3.888888888888889,Maruti
Unknown,2005.0,60000.0,60000.0,Petrol,Individual,Manual,Third Owner,21.0,1.0,Unknown
Maruti Alto LX,2007.0,70000.0,120000.0,Petrol,Individual,Manual,Third Owner,19.0,0.5833333333333334,Maruti
Volkswagen Jetta 1.9 Highline TDI,2008.0,285000.0,90000.0,Diesel,Individual,Automatic,Second Owner,18.0,3.1666666666666665,Volkswagen
Maruti Swift VDI BSIV,2015.0,350000.0,60000.0,Diesel,Individual,Manual,Second Owner,11.0,5.833333333333333,Maruti
Hyundai i20 Active 1.4 SX with AVN,2015.0,699000.0,30000.0,Diesel,Individual,Manual,Second Owner,11.0,23.3,Hyundai
Ford Figo Diesel ZXI,2014.0,350000.0,60000.0,Diesel,Individual,Manual,Second Owner,12.0,5.833333333333333,Ford
Hyundai i20 1.4 CRDi Magna,2012.0,350000.0,160000.0,Diesel,Individual,Manual,Second Owner,14.0,2.1875,Hyundai
Maruti Alto LXi BSIII,2006.0,135000.0,90000.0,Petrol,Individual,Manual,Third Owner,20.0,1.5,Maruti
Mahindra Xylo E4 8S,2010.0,325000.0,120000.0,Diesel,Individual,Manual,Third Owner,16.0,2.7083333333333335,Mahindra
Unknown,2012.0,650000.0,102000.0,Diesel,Individual,Manual,Second Owner,14.0,6.372549019607843,Unknown
Mahindra Bolero SLE,2009.0,300000.0,178000.0,Diesel,Individual,Manual,Second Owner,17.0,1.6853932584269662,Mahindra
Toyota Innova 2.5 VX (Diesel) 8 Seater,2014.0,1200000.0,200000.0,Diesel,Individual,Manual,Second Owner,12.0,6.0,Toyota
Ford Fiesta Petrol Trend,2012.0,450000.0,60000.0,Petrol,Dealer,Manual,First Owner,14.0,7.5,Ford
Tata Tiago 1.2 Revotron XE,2019.0,425000.0,3000.0,Petrol,Individual,Manual,First Owner,7.0,141.66666666666666,Tata
Maruti Alto LXi,2006.0,150000.0,75118.0,Petrol,Individual,Manual,Second Owner,20.0,1.9968582763119358,Maruti
Maruti Ritz LDi,2013.0,290000.0,140000.0,Diesel,Individual,Manual,First Owner,13.0,2.0714285714285716,Maruti
Hyundai Xcent 1.2 Kappa Base,2014.0,335000.0,60000.0,Petrol,Individual,Manual,Second Owner,12.0,5.583333333333333,Hyundai
Chevrolet Optra 1.6,2006.0,120000.0,60000.0,Petrol,Dealer,Manual,Fourth & Above Owner,20.0,2.0,Chevrolet
Ford Ikon 1.6 ZXI NXt,2005.0,20000.0,60000.0,Petrol,Individual,Manual,Second Owner,21.0,0.3333333333333333,Ford
Maruti SX4 Vxi BSIV,2010.0,250000.0,70000.0,Petrol,Individual,Manual,First Owner,16.0,3.5714285714285716,Maruti
Tata Indigo LS,2012.0,220000.0,70000.0,Diesel,Individual,Manual,Second Owner,14.0,3.142857142857143,Tata
Ford Ikon 1.3 Flair,2014.0,61000.0,4637.0,Petrol,Individual,Manual,Second Owner,12.0,13.155057149018763,Ford
Maruti Swift VDI BSIV,2016.0,620000.0,70000.0,Diesel,Individual,Manual,First Owner,10.0,8.857142857142858,Maruti
Maruti Swift Dzire LDIX Limited Edition,2014.0,425000.0,100000.0,Diesel,Individual,Manual,Second Owner,12.0,4.25,Maruti
Tata Indica Vista Aqua 1.3 Quadrajet,2009.0,85000.0,120000.0,Diesel,Individual,Manual,Second Owner,17.0,0.7083333333333334,Tata
Maruti Swift 1.3 DLX,2015.0,350000.0,40000.0,Diesel,Individual,Manual,Second Owner,11.0,8.75,Maruti
Maruti Swift Vdi BSIII,2009.0,180000.0,220000.0,Diesel,Individual,Manual,First Owner,17.0,0.8181818181818182,Maruti
Renault KWID 1.0 RXT Optional,2018.0,300000.0,20000.0,Petrol,Individual,Manual,First Owner,8.0,15.0,Renault
Ford EcoSport 1.5 Petrol Titanium BSIV,2017.0,800000.0,19000.0,Petrol,Individual,Manual,First Owner,9.0,42.10526315789474,Ford
Fiat Grande Punto Active (Diesel),2009.0,125000.0,95000.0,Diesel,Individual,Manual,Second Owner,17.0,1.3157894736842106,Fiat
Mahindra KUV 100 mFALCON G80 K2,2017.0,450000.0,30000.0,Petrol,Individual,Manual,First Owner,9.0,15.0,Mahindra
Unknown,2012.0,450000.0,42655.0,Diesel,Individual,Manual,First Owner,14.0,10.549759699917946,Unknown
Renault KWID 1.0 RXL,2017.0,250000.0,43000.0,Petrol,Individual,Manual,Second Owner,9.0,5.813953488372093,Renault
Toyota Innova 2.5 VX 8 STR BSIV,2012.0,725000.0,70000.0,Petrol,Individual,Manual,First Owner,14.0,10.357142857142858,Toyota
Hyundai i20 Magna,2010.0,250000.0,55000.0,Petrol,Individual,Manual,First Owner,16.0,4.545454545454546,Hyundai
Fiat Punto 1.3 Active,2010.0,99000.0,80000.0,Diesel,Individual,Manual,Second Owner,16.0,1.2375,Fiat
Unknown,2017.0,350000.0,55000.0,Petrol,Individual,Manual,First Owner,9.0,6.363636363636363,Unknown
Hyundai Xcent 1.2 VTVT E Plus,2018.0,511000.0,60000.0,Petrol,Individual,Manual,First Owner,8.0,8.516666666666667,Hyundai
Maruti Ritz VDi,2012.0,300000.0,80000.0,Petrol,Individual,Manual,First Owner,14.0,3.75,Maruti
Unknown,2010.0,1100000.0,110000.0,Petrol,Individual,Automatic,First Owner,16.0,10.0,Unknown
Hyundai i10 Sportz 1.2,2014.0,125000.0,60000.0,Petrol,Individual,Manual,Third Owner,12.0,2.0833333333333335,Hyundai
Tata Tiago 1.2 Revotron XZ,2018.0,500000.0,60000.0,Petrol,Individual,Manual,First Owner,8.0,8.333333333333334,Tata
Renault Duster 85PS Diesel RxL,2013.0,385000.0,80000.0,Diesel,Individual,Manual,Second Owner,13.0,4.8125,Renault
Skoda Rapid 1.6 MPI Elegance,2012.0,350000.0,90000.0,Petrol,Individual,Manual,First Owner,14.0,3.888888888888889,Skoda
Maruti 800 Std BSIII,2003.0,60000.0,50000.0,Petrol,Individual,Manual,First Owner,23.0,1.2,Maruti
Hyundai Santro Xing GLS,2012.0,300000.0,50000.0,Petrol,Individual,Manual,First Owner,14.0,6.0,Hyundai
Unknown,2012.0,400000.0,70000.0,Diesel,Individual,Manual,First Owner,14.0,5.714285714285714,Unknown
Ford Ecosport 1.5 DV5 MT Titanium,2014.0,550000.0,110000.0,Diesel,Individual,Manual,First Owner,12.0,5.0,Ford
Nissan Sunny XL,2012.0,300000.0,60000.0,Petrol,Individual,Manual,Second Owner,14.0,5.0,Nissan
Maruti Swift VDI,2012.0,250000.0,156000.0,Diesel,Individual,Manual,First Owner,14.0,1.6025641025641026,Maruti
Toyota Innova 2.5 GX 7 STR,2012.0,800000.0,60000.0,Diesel,Individual,Manual,First Owner,14.0,13.333333333333334,Toyota
Maruti Eeco 5 Seater AC BSIV,2018.0,300000.0,25000.0,Petrol,Individual,Manual,First Owner,8.0,12.0,Maruti
Maruti Alto LX,2004.0,80000.0,120000.0,Petrol,Individual,Manual,First Owner,22.0,0.6666666666666666,Maruti
Mahindra Scorpio S5 BSIV,2020.0,1200000.0,11000.0,Diesel,Individual,Manual,First Owner,6.0,109.0909090909091,Mahindra
Renault KWID AMT,2017.0,355000.0,40000.0,Petrol,Individual,Automatic,First Owner,9.0,8.875,Renault
Maruti Swift Dzire VDI,2015.0,520000.0,50000.0,Diesel,Individual,Manual,First Owner,11.0,10.4,Maruti
Hyundai Verna 1.6 CRDI,2012.0,500000.0,26000.0,Diesel,Individual,Manual,First Owner,14.0,19.23076923076923,Hyundai
Unknown,2008.0,114999.0,30000.0,Petrol,Individual,Manual,First Owner,18.0,3.8333,Unknown
Toyota Fortuner 4x2 Manual,2014.0,1800000.0,50000.0,Diesel,Individual,Manual,First Owner,12.0,36.0,Toyota
Mahindra TUV 300 T6 Plus,2018.0,800000.0,60000.0,Diesel,Individual,Manual,First Owner,8.0,13.333333333333334,Mahindra
Maruti Alto LXi BSIII,2008.0,350000.0,30000.0,Petrol,Individual,Manual,Second Owner,18.0,11.666666666666666,Maruti
Maruti Alto LXi,2014.0,135000.0,78000.0,Petrol,Individual,Manual,First Owner,12.0,1.7307692307692308,Maruti
Unknown,2011.0,170000.0,40000.0,Petrol,Individual,Manual,Second Owner,15.0,4.25,Unknown
Hyundai Verna 1.6 SX VTVT,2014.0,550000.0,100000.0,Petrol,Individual,Manual,First Owner,12.0,5.5,Hyundai
Honda City 1.5 V MT,2009.0,350000.0,70000.0,Petrol,Individual,Manual,Third Owner,17.0,5.0,Honda
Hyundai Elantra CRDi SX,2014.0,650000.0,30000.0,Diesel,Individual,Manual,Second Owner,12.0,21.666666666666668,Hyundai
Honda City 1.5 V AT Exclusive,2008.0,210000.0,77000.0,Petrol,Individual,Automatic,First Owner,18.0,2.727272727272727,Honda
Volkswagen Vento Diesel Highline,2011.0,260000.0,150000.0,Diesel,Individual,Manual,First Owner,15.0,1.7333333333333334,Volkswagen
Unknown,2016.0,750000.0,69000.0,Diesel,Individual,Manual,First Owner,10.0,10.869565217391305,Unknown
Toyota Innova Crysta 2.8 GX AT BSIV,2016.0,1350000.0,120000.0,Diesel,Individual,Automatic,First Owner,10.0,11.25,Toyota
Maruti Ritz VDi,2012.0,220000.0,120000.0,Diesel,Individual,Manual,Second Owner,14.0,1.8333333333333333,Maruti
Hyundai Getz 1.3 GLS,2008.0,110000.0,110000.0,Petrol,Individual,Manual,Second Owner,18.0,1.0,Hyundai
Mahindra XUV500 AT W8 FWD,2017.0,1230000.0,70000.0,Diesel,Individual,Automatic,First Owner,9.0,17.571428571428573,Mahindra
Unknown,2013.0,220000.0,110000.0,Diesel,Individual,Manual,First Owner,13.0,2.0,Unknown
Tata Indigo LX Dicor,2009.0,130000.0,50000.0,Diesel,Individual,Manual,First Owner,17.0,2.6,Tata
Hyundai i20 1.2 Magna,2012.0,330000.0,44000.0,Petrol,Individual,Manual,First Owner,14.0,7.5,Hyundai
Honda City 1.5 S MT,2010.0,254999.0,90000.0,Petrol,Individual,Manual,Second Owner,16.0,2.8333222222222223,Honda
Hyundai Verna 1.6 SX VTVT (O),2014.0,600000.0,50000.0,Petrol,Individual,Manual,Second Owner,12.0,12.0,Hyundai
Hyundai i10 Magna,2012.0,210000.0,50000.0,Petrol,Individual,Manual,First Owner,14.0,4.2,Hyundai
Chevrolet Enjoy TCDi LT 7 Seater,2014.0,300000.0,146000.0,Diesel,Individual,Manual,First Owner,12.0,2.0547945205479454,Chevrolet
Unknown,2014.0,426000.0,15000.0,Petrol,Individual,Automatic,First Owner,12.0,28.4,Unknown
Maruti Alto K10 VXI,2015.0,265000.0,60000.0,Petrol,Individual,Manual,First Owner,11.0,4.416666666666667,Maruti
Hyundai Xcent 1.2 Kappa SX,2016.0,450000.0,35000.0,Petrol,Individual,Manual,First Owner,10.0,12.857142857142858,Hyundai
Hyundai Verna 1.6 SX,2012.0,480000.0,60000.0,Diesel,Individual,Manual,First Owner,14.0,8.0,Hyundai
Tata Nano Lx,2010.0,40000.0,90000.0,Petrol,Individual,Manual,First Owner,16.0,0.4444444444444444,Tata
Honda City 1.5 S MT,2011.0,395000.0,70000.0,Petrol,Individual,Manual,Second Owner,15.0,5.642857142857143,Honda
Unknown,2013.0,229999.0,62000.0,Petrol,Individual,Manual,Second Owner,13.0,3.7096612903225807,Unknown
Ford Ecosport 1.5 Petrol Titanium Plus AT,2018.0,875000.0,10000.0,Petrol,Individual,Automatic,First Owner,8.0,87.5,Ford
Maruti Eeco 5 STR With AC Plus HTR CNG,2010.0,170000.0,80000.0,CNG,Individual,Manual,Fourth & Above Owner,16.0,2.125,Maruti
Hyundai i20 Sportz 1.2,2015.0,500000.0,35000.0,Petrol,Individual,Manual,Second Owner,11.0,14.285714285714286,Hyundai
Audi A4 3.0 TDI Quattro,2013.0,1580000.0,86000.0,Diesel,Individual,Automatic,First Owner,13.0,18.372093023255815,Audi
BMW X5 xDrive 30d xLine,2019.0,4950000.0,60000.0,Diesel,Dealer,Automatic,First Owner,7.0,82.5,BMW
Hyundai Grand i10 Magna AT,2014.0,520000.0,10510.0,Petrol,Dealer,Automatic,First Owner,12.0,49.476688867745004,Hyundai
Maruti S-Cross Zeta DDiS 200 SH,2015.0,350000.0,45974.0,Diesel,Trustmark Dealer,Manual,First Owner,11.0,7.612998651411668,Maruti
Maruti Ignis 1.2 Sigma BSIV,2019.0,450000.0,40000.0,Petrol,Individual,Manual,First Owner,7.0,11.25,Maruti
Maruti Ertiga VDI,2014.0,550000.0,120000.0,Diesel,Individual,Manual,Third Owner,12.0,4.583333333333333,Maruti
Tata Manza Aura Safire BS IV,2013.0,200000.0,60000.0,Petrol,Individual,Manual,First Owner,13.0,3.3333333333333335,Tata
Unknown,2008.0,80000.0,90000.0,Petrol,Individual,Manual,Second Owner,18.0,0.8888888888888888,Unknown
Tata New Safari DICOR 2.2 EX 4x2,2014.0,300000.0,250000.0,Diesel,Individual,Manual,Second Owner,12.0,1.2,Tata
Unknown,2019.0,675000.0,15000.0,Diesel,Individual,Manual,First Owner,7.0,45.0,Unknown
Maruti Eeco 7 Seater Standard BSIV,2017.0,260000.0,30000.0,Petrol,Individual,Manual,First Owner,9.0,8.666666666666666,Maruti
Hyundai EON Sportz,2012.0,150000.0,55766.0,Petrol,Individual,Manual,Second Owner,14.0,2.6898109959473513,Hyundai
Maruti Wagon R LXI,2014.0,70000.0,117000.0,Petrol,Individual,Manual,Second Owner,12.0,0.5982905982905983,Maruti
Maruti Alto LX,2004.0,100000.0,70000.0,Petrol,Individual,Manual,First Owner,22.0,1.4285714285714286,Maruti
Toyota Innova 2.5 VX (Diesel) 7 Seater,2012.0,350000.0,110000.0,Diesel,Individual,Manual,Second Owner,14.0,3.1818181818181817,Toyota
Nissan Terrano XL 85 PS,2016.0,525000.0,100000.0,Diesel,Individual,Manual,Second Owner,10.0,5.25,Nissan
Nissan Terrano XL 85 PS,2016.0,525000.0,105000.0,Diesel,Individual,Manual,Second Owner,10.0,5.0,Nissan
Toyota Innova 2.5 V Diesel 7-seater,2009.0,550000.0,182000.0,Petrol,Individual,Manual,Third Owner,17.0,3.021978021978022,Toyota
Toyota Corolla Altis Diesel D4DJ,2012.0,350000.0,95000.0,Diesel,Individual,Manual,Second Owner,14.0,3.6842105263157894,Toyota
Honda Amaze SX i-VTEC,2015.0,500000.0,70000.0,Petrol,Individual,Manual,First Owner,11.0,7.142857142857143,Honda
Maruti Wagon R LXI Minor,2009.0,165000.0,76000.0,Petrol,Individual,Manual,Second Owner,17.0,2.1710526315789473,Maruti
Hyundai Verna 1.6 SX,2014.0,650000.0,70000.0,Diesel,Individual,Manual,Second Owner,12.0,9.285714285714286,Hyundai
Unknown,2013.0,195000.0,46000.0,Diesel,Individual,Manual,First Owner,13.0,4.239130434782608,Unknown
Maruti Zen LX,2014.0,75000.0,70000.0,Petrol,Individual,Manual,First Owner,12.0,1.0714285714285714,Maruti
Hyundai Accent CRDi,2005.0,100000.0,120000.0,Diesel,Individual,Manual,Second Owner,21.0,0.8333333333333334,Hyundai
Unknown,2006.0,90000.0,90000.0,Petrol,Individual,Manual,First Owner,20.0,1.0,Unknown
Hyundai Xcent 1.1 CRDi Base,2016.0,515000.0,50000.0,Diesel,Individual,Manual,First Owner,10.0,10.3,Hyundai
Honda Jazz 1.5 VX i DTEC,2017.0,700000.0,24585.0,Diesel,Dealer,Manual,Test Drive Car,9.0,28.472645922310353,Honda
Maruti Zen LX,2001.0,62000.0,70000.0,Petrol,Individual,Manual,First Owner,25.0,0.8857142857142857,Maruti
Toyota Etios GD SP,2011.0,220000.0,110000.0,Diesel,Individual,Manual,Third Owner,15.0,2.0,Toyota
Hyundai Santro Magna CNG BSIV,2019.0,350000.0,10000.0,CNG,Individual,Manual,First Owner,7.0,35.0,Hyundai
Fiat Linea Emotion,2010.0,170000.0,100000.0,Petrol,Individual,Manual,First Owner,16.0,1.7,Fiat
Ford Figo Diesel Titanium,2011.0,190000.0,110000.0,Diesel,Individual,Manual,Second Owner,15.0,1.7272727272727273,Ford
Ford Figo Diesel Titanium,2011.0,150000.0,100000.0,Diesel,Individual,Manual,Second Owner,15.0,1.5,Ford
Maruti Zen Estilo LXI BS IV,2009.0,125000.0,65000.0,Petrol,Individual,Manual,First Owner,17.0,1.9230769230769231,Maruti
Honda Amaze EX i-Dtech,2015.0,350000.0,40000.0,Diesel,Individual,Manual,Third Owner,11.0,8.75,Honda
Maruti Celerio X ZXI BSIV,2019.0,490000.0,60000.0,Petrol,Individual,Manual,First Owner,7.0,8.166666666666666,Maruti
Tata Tigor 1.2 Revotron XZ Option,2017.0,434999.0,17563.0,Petrol,Individual,Manual,First Owner,9.0,24.76792119797301,Tata
Tata Zest Revotron 1.2T XE,2016.0,380000.0,15000.0,Petrol,Individual,Manual,First Owner,10.0,25.333333333333332,Tata
Volkswagen Polo Diesel Trendline 1.2L,2012.0,200000.0,82000.0,Diesel,Individual,Manual,Second Owner,14.0,2.4390243902439024,Volkswagen
Ford Figo 1.5D Trend MT,2016.0,495000.0,40000.0,Diesel,Individual,Manual,First Owner,10.0,12.375,Ford
Toyota Innova 2.5 Z Diesel 7 Seater BS IV,2014.0,894999.0,173000.0,Diesel,Individual,Manual,Third Owner,12.0,5.173404624277457,Toyota
Mahindra XUV500 W6 2WD,2014.0,600000.0,151000.0,Diesel,Individual,Manual,First Owner,12.0,3.9735099337748343,Mahindra
Honda Brio S MT,2015.0,300000.0,60000.0,Petrol,Individual,Manual,First Owner,11.0,5.0,Honda
Honda Amaze E i-VTEC,2017.0,430000.0,15000.0,Petrol,Individual,Manual,First Owner,9.0,28.666666666666668,Honda
Honda Amaze E i-DTEC,2017.0,370000.0,60000.0,Diesel,Individual,Manual,First Owner,9.0,6.166666666666667,Honda
Maruti Baleno Zeta 1.2,2019.0,750000.0,11000.0,Petrol,Individual,Manual,First Owner,7.0,68.18181818181819,Maruti
Maruti Alto K10 LXI CNG Optional,2016.0,300000.0,50000.0,CNG,Individual,Manual,First Owner,10.0,6.0,Maruti
BMW X1 sDrive20d,2012.0,700000.0,120000.0,Diesel,Individual,Automatic,Second Owner,14.0,5.833333333333333,BMW
Maruti Wagon R LXI DUO BSIII,2007.0,100000.0,70000.0,LPG,Individual,Manual,Third Owner,19.0,1.4285714285714286,Maruti
Hyundai Grand i10 Sportz,2015.0,300000.0,90000.0,Petrol,Individual,Manual,First Owner,11.0,3.3333333333333335,Hyundai
Tata Indica Vista Quadrajet VX,2012.0,130000.0,185000.0,Diesel,Individual,Manual,Second Owner,14.0,0.7027027027027027,Tata
Hyundai i20 Asta Option 1.4 CRDi,2016.0,650000.0,40000.0,Diesel,Individual,Manual,First Owner,10.0,16.25,Hyundai
Maruti Swift VDI BSIV,2017.0,509999.0,25000.0,Diesel,Individual,Manual,First Owner,9.0,20.39996,Maruti
Toyota Innova 2.5 VX (Diesel) 7 Seater,2013.0,1000000.0,117780.0,Diesel,Individual,Manual,Second Owner,13.0,8.49040584139922,Toyota
Hyundai Verna CRDi SX,2010.0,280000.0,120000.0,Diesel,Individual,Manual,Second Owner,16.0,2.3333333333333335,Hyundai
Maruti Swift DDiS VDI,2017.0,600000.0,120000.0,Diesel,Individual,Manual,First Owner,9.0,5.0,Maruti
Skoda Rapid 1.6 TDI Ambition,2013.0,210000.0,120000.0,Petrol,Individual,Manual,Third Owner,13.0,1.75,Skoda
Audi Q3 2.0 TDI Quattro Premium Plus,2014.0,1150000.0,110000.0,Diesel,Individual,Automatic,Second Owner,12.0,10.454545454545455,Audi
Hyundai EON Magna Plus,2018.0,245000.0,30000.0,Petrol,Individual,Manual,First Owner,8.0,8.166666666666666,Hyundai
Mahindra Scorpio S4 4WD,2015.0,350000.0,60000.0,Diesel,Individual,Manual,First Owner,11.0,5.833333333333333,Mahindra
Unknown,2016.0,375000.0,25000.0,Petrol,Individual,Manual,First Owner,10.0,15.0,Unknown
Unknown,2015.0,150000.0,55000.0,Diesel,Individual,Manual,Second Owner,11.0,2.727272727272727,Unknown
Mahindra XUV500 W10 2WD,2018.0,1450000.0,20000.0,Diesel,Individual,Manual,First Owner,8.0,72.5,Mahindra
Maruti Ertiga VDI,2014.0,500000.0,100000.0,Diesel,Individual,Manual,Second Owner,12.0,5.0,Maruti
Maruti Alto LXi,2007.0,75000.0,40000.0,Petrol,Individual,Manual,Second Owner,19.0,1.875,Maruti
Hyundai Sonata AT Leather,2006.0,225000.0,80000.0,Petrol,Individual,Automatic,Third Owner,20.0,2.8125,Hyundai
Hyundai Sonata 2.4L AT,2006.0,275000.0,80000.0,Petrol,Individual,Automatic,Fourth & Above Owner,20.0,3.4375,Hyundai
Mahindra Bolero Power Plus SLX,2018.0,620000.0,60000.0,Diesel,Individual,Manual,First Owner,8.0,10.333333333333334,Mahindra
Nissan X-Trail SLX MT,2014.0,600000.0,110000.0,Diesel,Individual,Manual,Second Owner,12.0,5.454545454545454,Nissan
Mahindra Xylo E8 ABS Airbag BSIV,2011.0,275000.0,160000.0,Diesel,Individual,Manual,First Owner,15.0,1.71875,Mahindra
Tata Indigo TDI,2013.0,125000.0,125000.0,Diesel,Individual,Manual,First Owner,13.0,1.0,Tata
Tata Indigo GLS,2011.0,80000.0,62000.0,Petrol,Individual,Manual,Second Owner,15.0,1.2903225806451613,Tata
Unknown,2011.0,199000.0,120000.0,Petrol,Individual,Manual,Second Owner,15.0,1.6583333333333334,Unknown
Nissan Micra XL,2016.0,350000.0,33000.0,Petrol,Individual,Manual,Second Owner,10.0,10.606060606060606,Nissan
Maruti Swift Dzire LDI,2013.0,250000.0,80000.0,Diesel,Individual,Manual,Fourth & Above Owner,13.0,3.125,Maruti
Hyundai i20 1.4 Sportz,2017.0,700000.0,35000.0,Diesel,Individual,Manual,First Owner,9.0,20.0,Hyundai
Hyundai Grand i10 CRDi Asta Option,2015.0,450000.0,50000.0,Diesel,Individual,Manual,First Owner,11.0,9.0,Hyundai
Maruti Alto 800 Std Optional,2019.0,240000.0,5000.0,Petrol,Individual,Manual,First Owner,7.0,48.0,Maruti
Hyundai Xcent 1.2 Kappa SX,2016.0,350000.0,12000.0,Petrol,Individual,Manual,First Owner,10.0,29.166666666666668,Hyundai
Ford EcoSport 1.5 TDCi Titanium BSIV,2016.0,650000.0,81595.0,Diesel,Dealer,Manual,First Owner,10.0,7.96617439794105,Ford
Unknown,2005.0,71000.0,22000.0,Petrol,Individual,Manual,First Owner,21.0,3.227272727272727,Unknown
Maruti Swift VXI Optional,2015.0,400000.0,60000.0,Petrol,Individual,Manual,First Owner,11.0,6.666666666666667,Maruti
Maruti Alto LXi BSIII,2008.0,130000.0,40000.0,Petrol,Individual,Manual,Second Owner,18.0,3.25,Maruti
Mahindra Scorpio 2.6 CRDe SLE,2013.0,300000.0,70000.0,Petrol,Individual,Manual,Second Owner,13.0,4.285714285714286,Mahindra
Nissan Kicks XL D BSIV,2019.0,350000.0,4000.0,Diesel,Individual,Manual,First Owner,7.0,87.5,Nissan
BMW 3 Series 320d Luxury Line,2015.0,2200000.0,24000.0,Diesel,Individual,Automatic,First Owner,11.0,91.66666666666667,BMW
Honda Amaze VX i-VTEC,2018.0,350000.0,13500.0,Petrol,Dealer,Manual,First Owner,8.0,25.925925925925927,Honda
Maruti Ritz VDI (ABS) BS IV,2013.0,490000.0,40000.0,Diesel,Individual,Manual,First Owner,13.0,12.25,Maruti
Honda Jazz 1.2 VX i VTEC,2018.0,836000.0,9700.0,Petrol,Dealer,Manual,First Owner,8.0,86.18556701030928,Honda
Volkswagen Polo Petrol Comfortline 1.2L,2012.0,375000.0,62000.0,Petrol,Individual,Manual,Second Owner,14.0,6.048387096774194,Volkswagen
Honda BR-V i-DTEC VX MT,2016.0,1249000.0,24000.0,Diesel,Dealer,Manual,First Owner,10.0,52.041666666666664,Honda
Honda WR-V i-DTEC VX,2019.0,1240000.0,13000.0,Diesel,Dealer,Manual,First Owner,7.0,95.38461538461539,Honda
Tata Nano Std BSII,2009.0,35000.0,50000.0,Petrol,Individual,Manual,Third Owner,17.0,0.7,Tata
Honda BR-V i-VTEC VX MT,2017.0,1068000.0,36000.0,Petrol,Individual,Manual,First Owner,9.0,29.666666666666668,Honda
Honda BR-V i-DTEC VX MT,2017.0,1189000.0,60000.0,Petrol,Dealer,Manual,First Owner,9.0,19.816666666666666,Honda
Hyundai Elite i20 Petrol Asta Option,2018.0,700000.0,27000.0,Petrol,Individual,Manual,First Owner,8.0,25.925925925925927,Hyundai
Maruti Alto K10 VXI,2016.0,350000.0,40000.0,Petrol,Individual,Manual,First Owner,10.0,8.75,Maruti
Hyundai i10 Magna 1.2,2009.0,254999.0,80000.0,Petrol,Individual,Manual,Second Owner,17.0,3.1874875,Hyundai
Mahindra Scorpio 2.6 CRDe,2005.0,229999.0,221000.0,Diesel,Individual,Manual,Third Owner,21.0,1.0407194570135747,Mahindra
Hyundai i20 Asta Option 1.4 CRDi,2016.0,750000.0,80000.0,Diesel,Individual,Manual,First Owner,10.0,9.375,Hyundai
Unknown,2012.0,325000.0,60000.0,Diesel,Individual,Manual,Second Owner,14.0,5.416666666666667,Unknown
Unknown,2009.0,760000.0,190000.0,Diesel,Individual,Manual,Second Owner,17.0,4.0,Unknown
Maruti Celerio ZXI AT,2017.0,509999.0,25000.0,Petrol,Individual,Automatic,First Owner,9.0,20.39996,Maruti
Nissan Micra XL,2013.0,363000.0,60000.0,Petrol,Individual,Manual,First Owner,13.0,6.05,Nissan
Maruti Alto K10 LXI,2010.0,229999.0,48500.0,Petrol,Individual,Manual,First Owner,16.0,4.742247422680412,Maruti
Nissan Sunny XL,2012.0,290000.0,110000.0,Petrol,Individual,Manual,Second Owner,14.0,2.6363636363636362,Nissan
Maruti Swift VXI,2018.0,550000.0,30000.0,Petrol,Individual,Manual,First Owner,8.0,18.333333333333332,Maruti
Tata Indica Vista TDI LX,2011.0,125000.0,120000.0,Diesel,Individual,Manual,Second Owner,15.0,1.0416666666666667,Tata
Volvo XC60 D5 Inscription,2014.0,2000000.0,130000.0,Diesel,Individual,Automatic,First Owner,12.0,15.384615384615385,Volvo
Toyota Innova 2.5 G4 Diesel 7-seater,2014.0,350000.0,140000.0,Diesel,Individual,Manual,Second Owner,12.0,2.5,Toyota
Hyundai Verna 1.6 SX CRDi (O),2011.0,390000.0,90000.0,Diesel,Individual,Manual,First Owner,15.0,4.333333333333333,Hyundai
Maruti Wagon R VXI Minor ABS,2010.0,260000.0,50000.0,Petrol,Individual,Manual,First Owner,16.0,5.2,Maruti
Maruti Esteem Vxi - BSIII,2006.0,85000.0,60000.0,Petrol,Individual,Manual,Second Owner,20.0,1.4166666666666667,Maruti
Maruti Celerio VXI,2015.0,220000.0,45000.0,Petrol,Individual,Manual,First Owner,11.0,4.888888888888889,Maruti
Hyundai Santro Xing XG,2005.0,140000.0,80000.0,Petrol,Individual,Manual,Third Owner,21.0,1.75,Hyundai
Maruti Wagon R AMT VXI Option,2018.0,370000.0,15000.0,Petrol,Individual,Automatic,First Owner,8.0,24.666666666666668,Maruti
Maruti Swift Dzire VDI,2019.0,650000.0,20000.0,Petrol,Individual,Manual,First Owner,7.0,32.5,Maruti
Maruti Alto 800 LX,2017.0,280000.0,37000.0,Petrol,Individual,Manual,First Owner,9.0,7.5675675675675675,Maruti
Maruti Swift Dzire VDI,2016.0,540000.0,80000.0,Diesel,Individual,Manual,First Owner,10.0,6.75,Maruti
Ambassador Classic 2000 Dsz,2002.0,50000.0,60000.0,Diesel,Individual,Manual,Fourth & Above Owner,24.0,0.8333333333333334,Ambassador
Maruti Ciaz Sigma BSIV,2018.0,800000.0,20000.0,Petrol,Individual,Manual,First Owner,8.0,40.0,Maruti
Ford Figo 1.5D Titanium MT,2016.0,515000.0,25000.0,Diesel,Individual,Manual,First Owner,10.0,20.6,Ford
Hyundai i20 1.2 Magna,2010.0,220000.0,96000.0,Petrol,Individual,Manual,Third Owner,16.0,2.2916666666666665,Hyundai
Chevrolet Spark 1.0 LT Option Pack w/ Airbag,2013.0,165000.0,53000.0,Petrol,Dealer,Manual,First Owner,13.0,3.1132075471698113,Chevrolet
Unknown,2010.0,221000.0,65000.0,Diesel,Dealer,Manual,First Owner,16.0,3.4,Unknown
Chevrolet Beat LT,2015.0,245000.0,43000.0,Petrol,Dealer,Manual,First Owner,11.0,5.6976744186046515,Chevrolet
Ford Figo 1.2P Titanium Plus MT,2012.0,350000.0,42000.0,Petrol,Dealer,Manual,First Owner,14.0,8.333333333333334,Ford
Skoda Superb Elegance 2.0 TDI CR AT,2011.0,550000.0,73000.0,Diesel,Individual,Automatic,First Owner,15.0,7.534246575342466,Skoda
Hyundai Grand i10 1.2 Kappa Era,2015.0,434999.0,29000.0,Petrol,Dealer,Manual,First Owner,11.0,14.99996551724138,Hyundai
Tata Safari Storme EX,2013.0,450000.0,95000.0,Diesel,Dealer,Manual,First Owner,13.0,4.7368421052631575,Tata
Chevrolet Sail 1.2 Base,2014.0,290000.0,25000.0,Petrol,Individual,Manual,First Owner,12.0,11.6,Chevrolet
Volkswagen Vento 1.0 TSI Highline Plus,2011.0,305000.0,53000.0,Petrol,Dealer,Manual,First Owner,15.0,5.754716981132075,Volkswagen
Ford Classic 1.6 Duratec LXI,2014.0,265000.0,20000.0,Petrol,Dealer,Manual,First Owner,12.0,13.25,Ford
Honda Brio 1.2 S MT,2014.0,325000.0,57000.0,Petrol,Dealer,Manual,First Owner,12.0,5.701754385964913,Honda
Chevrolet Cruze LTZ,2014.0,550000.0,52000.0,Diesel,Dealer,Manual,First Owner,12.0,10.576923076923077,Chevrolet
Maruti Zen Estilo LXI BSIII,2008.0,105000.0,40000.0,Petrol,Individual,Manual,First Owner,18.0,2.625,Maruti
Honda Brio 1.2 S MT,2012.0,275000.0,47000.0,Petrol,Dealer,Manual,First Owner,14.0,5.851063829787234,Honda
Honda City 1.5 V MT,2012.0,434999.0,47000.0,Petrol,Dealer,Manual,Second Owner,14.0,9.255297872340426,Honda
Hyundai Verna 1.6 CRDi SX,2016.0,690000.0,73000.0,Diesel,Dealer,Manual,First Owner,10.0,9.452054794520548,Hyundai
Unknown,2012.0,249000.0,42000.0,Petrol,Dealer,Manual,Second Owner,14.0,5.928571428571429,Unknown
Hyundai EON D Lite Plus,2012.0,204999.0,60000.0,Petrol,Dealer,Manual,Third Owner,14.0,3.41665,Hyundai
Chevrolet Beat Diesel LT,2012.0,200000.0,50000.0,Diesel,Individual,Manual,First Owner,14.0,4.0,Chevrolet
Unknown,2015.0,190000.0,120000.0,Petrol,Individual,Manual,First Owner,11.0,1.5833333333333333,Unknown
Maruti Alto LXi,2012.0,150000.0,50000.0,Petrol,Individual,Manual,First Owner,14.0,3.0,Maruti
Maruti Zen LX,1999.0,70000.0,60000.0,Petrol,Individual,Manual,First Owner,27.0,1.1666666666666667,Maruti
Unknown,2014.0,900000.0,25000.0,Diesel,Individual,Manual,First Owner,12.0,36.0,Unknown
Maruti Ertiga ZXI AT Petrol,2019.0,950000.0,11000.0,Petrol,Individual,Automatic,First Owner,7.0,86.36363636363636,Maruti
Maruti Swift Dzire VXI,2013.0,350000.0,80000.0,Petrol,Individual,Manual,First Owner,13.0,4.375,Maruti
Maruti 800 Std,1998.0,55000.0,80000.0,Petrol,Individual,Manual,First Owner,28.0,0.6875,Maruti
Ford Fiesta Titanium 1.5 TDCi,2013.0,450000.0,75000.0,Diesel,Individual,Manual,Second Owner,13.0,6.0,Ford
BMW 5 Series 525d Sedan,2009.0,1200000.0,60000.0,Diesel,Individual,Automatic,Third Owner,17.0,20.0,BMW
Unknown,2007.0,300000.0,100000.0,Diesel,Individual,Manual,Second Owner,19.0,3.0,Unknown
Honda City i DTEC E,2014.0,350000.0,60000.0,Diesel,Individual,Manual,Second Owner,12.0,5.833333333333333,Honda
Tata Indica Vista Quadrajet LS,2011.0,229999.0,60000.0,Diesel,Individual,Manual,Second Owner,15.0,3.8333166666666667,Tata
Hyundai Creta 1.6 Gamma SX Plus,2015.0,821000.0,50000.0,Petrol,Individual,Manual,First Owner,11.0,16.42,Hyundai
Maruti Alto K10 VXI,2014.0,200000.0,60000.0,Petrol,Individual,Manual,Second Owner,12.0,3.3333333333333335,Maruti
Mahindra Scorpio 1.99 S10,2014.0,1000000.0,60000.0,Diesel,Individual,Manual,Second Owner,12.0,16.666666666666668,Mahindra
Maruti Alto 800 VXI,2014.0,220000.0,60000.0,Petrol,Individual,Manual,Second Owner,12.0,3.6666666666666665,Maruti
Ford Figo Aspire 1.5 TDCi Trend,2015.0,459999.0,148620.0,Diesel,Dealer,Manual,First Owner,11.0,3.095135244247073,Ford
Maruti SX4 ZDI,2012.0,310000.0,70000.0,Petrol,Individual,Manual,Second Owner,14.0,4.428571428571429,Maruti
Hyundai Elite i20 Diesel Asta Option,2018.0,815000.0,42000.0,Diesel,Individual,Manual,First Owner,8.0,19.404761904761905,Hyundai
Hyundai Verna 1.6 CRDI SX Option,2017.0,1200000.0,40000.0,Diesel,Individual,Manual,First Owner,9.0,30.0,Hyundai
Chevrolet Optra Magnum 2.0 LT,2011.0,170000.0,150000.0,Diesel,Individual,Manual,Second Owner,15.0,1.1333333333333333,Chevrolet
Maruti S-Cross Alpha DDiS 200 SH,2014.0,1000000.0,30000.0,Diesel,Individual,Manual,First Owner,12.0,33.333333333333336,Maruti
Hyundai Santro Xing GLS,2010.0,155000.0,90000.0,Petrol,Individual,Manual,Fourth & Above Owner,16.0,1.7222222222222223,Hyundai
Mahindra TUV 300 T6 Plus,2017.0,400000.0,120000.0,Diesel,Individual,Manual,First Owner,9.0,3.3333333333333335,Mahindra
Mahindra Quanto C4,2016.0,400000.0,80000.0,Diesel,Individual,Manual,Second Owner,10.0,5.0,Mahindra
Tata Indica Vista Aura 1.3 Quadrajet BSIV,2010.0,250000.0,80000.0,Diesel,Individual,Manual,Second Owner,16.0,3.125,Tata
Tata Indigo GLX,2008.0,350000.0,50000.0,Petrol,Individual,Manual,Third Owner,18.0,7.0,Tata
Hyundai Santro LP zipPlus,2002.0,80000.0,70000.0,Petrol,Individual,Manual,Second Owner,24.0,1.1428571428571428,Hyundai
Volkswagen Vento 1.5 TDI Comfortline AT,2014.0,325000.0,70000.0,Diesel,Individual,Automatic,First Owner,12.0,4.642857142857143,Volkswagen
Tata Indica Vista Quadrajet 90 VX,2014.0,285000.0,74300.0,Diesel,Dealer,Manual,First Owner,12.0,3.8358008075370122,Tata
Volkswagen Vento 1.5 TDI Highline Plus AT,2017.0,890000.0,40219.0,Diesel,Dealer,Manual,First Owner,9.0,22.12884457594669,Volkswagen
Honda Jazz VX,2011.0,350000.0,11473.0,Petrol,Dealer,Manual,First Owner,15.0,30.50640634533252,Honda
Unknown,2017.0,525000.0,60000.0,Petrol,Dealer,Automatic,First Owner,9.0,8.75,Unknown
Hyundai Grand i10 Asta,2017.0,550000.0,9748.0,Petrol,Individual,Manual,First Owner,9.0,56.42183011899877,Hyundai
Volkswagen Polo 1.0 MPI Trendline,2014.0,271000.0,49000.0,Petrol,Dealer,Manual,First Owner,12.0,5.530612244897959,Volkswagen
Hyundai Creta 1.6 CRDi SX Option,2018.0,350000.0,20694.0,Diesel,Dealer,Manual,First Owner,8.0,16.913114912535033,Hyundai
Hyundai Grand i10 Asta Option,2015.0,350000.0,31080.0,Petrol,Dealer,Manual,First Owner,11.0,11.26126126126126,Hyundai
Hyundai Xcent 1.1 CRDi SX Option,2014.0,455000.0,55850.0,Diesel,Dealer,Manual,First Owner,12.0,8.146821844225604,Hyundai
Toyota Etios Cross 1.2L G,2015.0,421000.0,23839.0,Petrol,Dealer,Manual,First Owner,11.0,17.66013675070263,Toyota
Hyundai i10 Sportz 1.2 AT,2013.0,330000.0,38000.0,Petrol,Dealer,Automatic,First Owner,13.0,8.68421052631579,Hyundai
Volkswagen Vento 1.5 TDI Comfortline,2012.0,390000.0,45454.0,Diesel,Dealer,Manual,First Owner,14.0,8.580102961235534,Volkswagen
Skoda Rapid 1.5 TDI AT Ambition,2015.0,599000.0,60000.0,Diesel,Dealer,Automatic,First Owner,11.0,9.983333333333333,Skoda
Hyundai Elite i20 Sportz Plus CVT BSIV,2019.0,738000.0,8000.0,Petrol,Individual,Automatic,First Owner,7.0,92.25,Hyundai
Maruti Alto K10 VXI,2016.0,300000.0,30000.0,Petrol,Individual,Manual,First Owner,10.0,10.0,Maruti
Tata Indica Vista Quadrajet LX,2012.0,150000.0,110000.0,Diesel,Individual,Manual,First Owner,14.0,1.3636363636363635,Tata
Toyota Innova 2.5 G4 Diesel 7-seater,2007.0,440000.0,223000.0,Petrol,Individual,Manual,Fourth & Above Owner,19.0,1.9730941704035874,Toyota
Volkswagen Vento IPL II Diesel Trendline,2011.0,280000.0,110000.0,Diesel,Individual,Manual,First Owner,15.0,2.5454545454545454,Volkswagen
Hyundai Santro GS,2006.0,100000.0,120000.0,Petrol,Individual,Manual,Second Owner,20.0,0.8333333333333334,Hyundai
Maruti Swift VXi BSIV,2008.0,150000.0,100000.0,Petrol,Individual,Manual,Second Owner,18.0,1.5,Maruti
Maruti Swift Dzire VDI,2014.0,380000.0,100000.0,Diesel,Individual,Manual,First Owner,12.0,3.8,Maruti
Maruti Alto LX,2006.0,90000.0,60000.0,Petrol,Individual,Manual,Second Owner,20.0,1.5,Maruti
Mahindra Scorpio VLS 2.2 mHawk,2008.0,300000.0,270000.0,Diesel,Individual,Manual,Third Owner,18.0,1.1111111111111112,Mahindra
Skoda Fabia 1.2 TDI Active,2011.0,275000.0,60000.0,Diesel,Individual,Manual,Second Owner,15.0,4.583333333333333,Skoda
Maruti Zen Estilo Sports,2009.0,180000.0,41090.0,Petrol,Individual,Manual,First Owner,17.0,4.380627889997566,Maruti
Maruti Swift VDI,2014.0,225000.0,296823.0,Diesel,Individual,Manual,First Owner,12.0,0.7580275113451451,Maruti
Maruti Alto 800 LXI,2014.0,200000.0,40000.0,Petrol,Individual,Manual,First Owner,12.0,5.0,Maruti
Toyota Corolla Altis G,2011.0,500000.0,40000.0,Petrol,Individual,Manual,Second Owner,15.0,12.5,Toyota
Ford Fiesta 1.6 Duratec S,2010.0,300000.0,70000.0,Petrol,Individual,Manual,Second Owner,16.0,4.285714285714286,Ford
Hyundai Verna 1.6 CRDi SX,2015.0,350000.0,80000.0,Diesel,Individual,Manual,Second Owner,11.0,4.375,Hyundai
Maruti Swift Dzire VDI,2014.0,650000.0,90000.0,Diesel,Individual,Manual,First Owner,12.0,7.222222222222222,Maruti
Maruti Wagon R VXI Plus Optional,2017.0,380000.0,19000.0,Petrol,Individual,Manual,First Owner,9.0,20.0,Maruti
Maruti Swift Dzire VDI,2014.0,480000.0,110000.0,Diesel,Individual,Manual,Second Owner,12.0,4.363636363636363,Maruti
Mahindra Jeep MM 540,1996.0,200000.0,60000.0,Diesel,Individual,Manual,First Owner,30.0,3.3333333333333335,Mahindra
Maruti Zen Estilo LXI Green (CNG),2014.0,145000.0,68000.0,CNG,Individual,Manual,Second Owner,12.0,2.1323529411764706,Maruti
Unknown,2011.0,280000.0,60000.0,Diesel,Individual,Manual,Second Owner,15.0,4.666666666666667,Unknown
Maruti Swift Dzire VDI,2014.0,254999.0,30000.0,Diesel,Individual,Manual,First Owner,12.0,8.499966666666667,Maruti
Unknown,2016.0,300000.0,90000.0,Petrol,Individual,Manual,Second Owner,10.0,3.3333333333333335,Unknown
Maruti Swift VDI BSIV,2015.0,480000.0,140000.0,Diesel,Individual,Manual,Third Owner,11.0,3.4285714285714284,Maruti
Skoda Rapid Monte Carlo 1.6 MPI AT BSIV,2017.0,850000.0,44500.0,Petrol,Individual,Automatic,First Owner,9.0,19.10112359550562,Skoda
Hyundai i20 Asta 1.4 CRDi,2014.0,350000.0,60000.0,Diesel,Individual,Manual,Second Owner,12.0,5.833333333333333,Hyundai
Hyundai i20 Active 1.2 SX,2016.0,650000.0,60000.0,Petrol,Individual,Manual,First Owner,10.0,10.833333333333334,Hyundai
Hyundai i20 Active 1.2 SX,2016.0,650000.0,26000.0,Petrol,Individual,Manual,First Owner,10.0,25.0,Hyundai
Tata New Safari 4X2,2007.0,550000.0,60000.0,Petrol,Individual,Manual,Second Owner,19.0,9.166666666666666,Tata
Maruti Celerio VXI,2014.0,300000.0,35000.0,Petrol,Individual,Manual,First Owner,12.0,8.571428571428571,Maruti
Maruti Swift 1.3 VXi,2008.0,150000.0,60000.0,Petrol,Individual,Manual,First Owner,18.0,2.5,Maruti
Unknown,2014.0,300000.0,120000.0,Petrol,Individual,Manual,First Owner,12.0,2.5,Unknown
Hyundai Santro Xing XG,2004.0,80000.0,60000.0,Petrol,Individual,Manual,First Owner,22.0,1.3333333333333333,Hyundai
Hyundai EON Magna Plus,2016.0,350000.0,43700.0,Petrol,Individual,Manual,First Owner,10.0,8.009153318077804,Hyundai
Tata Manza ELAN Quadrajet BS IV,2011.0,180000.0,80000.0,Diesel,Individual,Manual,Third Owner,15.0,2.25,Tata
Honda City i DTec SV,2014.0,350000.0,60000.0,Diesel,Dealer,Manual,First Owner,12.0,5.833333333333333,Honda
Maruti Swift LXI,2019.0,470000.0,8000.0,Petrol,Individual,Manual,First Owner,7.0,58.75,Maruti
Hyundai i10 Sportz 1.2,2014.0,150000.0,30000.0,Petrol,Individual,Manual,First Owner,12.0,5.0,Hyundai
Maruti Swift VVT VXI,2017.0,400000.0,30000.0,Petrol,Individual,Manual,First Owner,9.0,13.333333333333334,Maruti
Ford Fiesta 1.4 ZXi TDCi ABS,2009.0,110000.0,100000.0,Diesel,Individual,Manual,Fourth & Above Owner,17.0,1.1,Ford
Hyundai i20 Sportz Petrol,2010.0,250000.0,40000.0,Petrol,Individual,Manual,First Owner,16.0,6.25,Hyundai
Hyundai Grand i10 Sportz,2015.0,425000.0,12000.0,Petrol,Individual,Manual,First Owner,11.0,35.416666666666664,Hyundai
Honda Amaze VX i-DTEC,2016.0,700000.0,35000.0,Diesel,Individual,Manual,First Owner,10.0,20.0,Honda
Maruti Zen Estilo VXI BSIV,2010.0,350000.0,50000.0,Petrol,Individual,Manual,Second Owner,16.0,7.0,Maruti
Unknown,2017.0,1000000.0,60000.0,Diesel,Individual,Manual,Second Owner,9.0,16.666666666666668,Unknown
Maruti Swift Dzire ZDI,2017.0,650000.0,67000.0,Petrol,Individual,Manual,First Owner,9.0,9.701492537313433,Maruti
Unknown,2013.0,400000.0,100000.0,Petrol,Individual,Manual,Second Owner,13.0,4.0,Unknown
Mahindra TUV 300 mHAWK100 T8,2017.0,800000.0,60000.0,Diesel,Individual,Manual,First Owner,9.0,13.333333333333334,Mahindra
Mahindra Bolero Power Plus SLX,2014.0,675000.0,70000.0,Diesel,Individual,Manual,First Owner,12.0,9.642857142857142,Mahindra
Maruti Omni E MPI STD BS IV,2017.0,210000.0,50000.0,Petrol,Individual,Manual,Fourth & Above Owner,9.0,4.2,Maruti
Tata New Safari DICOR 2.2 EX 4x2,2009.0,150000.0,120000.0,Diesel,Individual,Manual,Third Owner,17.0,1.25,Tata
Maruti Omni CNG,2007.0,45000.0,100000.0,CNG,Individual,Manual,Fourth & Above Owner,19.0,0.45,Maruti
Hyundai i20 Sportz 1.2,2015.0,516000.0,90000.0,Petrol,Individual,Manual,First Owner,11.0,5.733333333333333,Hyundai
Hyundai i20 Sportz 1.2,2014.0,450000.0,80000.0,Petrol,Individual,Manual,First Owner,12.0,5.625,Hyundai
Chevrolet Spark 1.0 LS,2012.0,134000.0,90000.0,Petrol,Individual,Manual,Second Owner,14.0,1.488888888888889,Chevrolet
Unknown,2014.0,509999.0,157000.0,Diesel,Individual,Manual,First Owner,12.0,3.2484012738853503,Unknown
Volkswagen Polo 1.2 MPI Comfortline,2016.0,500000.0,20000.0,Petrol,Individual,Manual,First Owner,10.0,25.0,Volkswagen
Maruti Zen Estilo 1.1 LXI BSIII,2008.0,130000.0,80000.0,Petrol,Individual,Manual,Fourth & Above Owner,18.0,1.625,Maruti
Maruti Swift ZDi BSIV,2015.0,575000.0,60000.0,Diesel,Individual,Manual,First Owner,11.0,9.583333333333334,Maruti
Hyundai Elite i20 Sportz Plus BSIV,2015.0,550000.0,60000.0,Petrol,Individual,Manual,First Owner,11.0,9.166666666666666,Hyundai
Tata Indica Vista Terra TDI BSIII,2009.0,145000.0,89255.0,Diesel,Individual,Manual,First Owner,17.0,1.6245588482437958,Tata
Unknown,2020.0,347000.0,5000.0,Petrol,Individual,Manual,First Owner,6.0,69.4,Unknown
Tata Indica Vista Quadrajet VX,2013.0,275000.0,110000.0,Diesel,Individual,Manual,First Owner,13.0,2.5,Tata
Toyota Innova 2.5 V Diesel 8-seater,2010.0,630000.0,200000.0,Diesel,Individual,Manual,Third Owner,16.0,3.15,Toyota
Chevrolet Beat Diesel,2012.0,160000.0,90000.0,Diesel,Individual,Manual,Second Owner,14.0,1.7777777777777777,Chevrolet
Fiat Grande Punto 1.3 Dynamic (Diesel),2010.0,150000.0,63000.0,Diesel,Individual,Manual,Third Owner,16.0,2.380952380952381,Fiat
Honda Mobilio S i VTEC,2015.0,550000.0,23000.0,Petrol,Individual,Manual,First Owner,11.0,23.91304347826087,Honda
Mahindra Quanto C6,2013.0,349000.0,100000.0,Diesel,Individual,Manual,First Owner,13.0,3.49,Mahindra
Mahindra Bolero DI DX 8 Seater,2004.0,229999.0,168000.0,Petrol,Individual,Manual,Fourth & Above Owner,22.0,1.3690416666666667,Mahindra
Tata Indica Vista Aqua 1.4 TDI,2008.0,110000.0,90000.0,Diesel,Individual,Manual,Third Owner,18.0,1.2222222222222223,Tata
Maruti Wagon R LXI Minor,2008.0,110000.0,70000.0,Petrol,Individual,Manual,First Owner,18.0,1.5714285714285714,Maruti
Renault KWID RXE,2018.0,245000.0,5550.0,Petrol,Individual,Manual,Second Owner,8.0,44.14414414414414,Renault
Maruti Alto K10 VXI,2014.0,180000.0,100000.0,Petrol,Individual,Manual,Second Owner,12.0,1.8,Maruti
Maruti Wagon R VXI BS IV,2014.0,290000.0,80000.0,Petrol,Individual,Manual,Second Owner,12.0,3.625,Maruti
Hyundai i20 Magna,2010.0,250000.0,40000.0,Petrol,Individual,Manual,First Owner,16.0,6.25,Hyundai
Unknown,2010.0,150000.0,100000.0,Diesel,Individual,Manual,First Owner,16.0,1.5,Unknown
Maruti 800 AC BSII,2004.0,55000.0,60000.0,Petrol,Individual,Manual,Third Owner,22.0,0.9166666666666666,Maruti
Skoda Laura L n K 1.9 PD,2006.0,500000.0,75000.0,Diesel,Individual,Manual,Second Owner,20.0,6.666666666666667,Skoda
Mahindra Quanto C4,2013.0,290000.0,150000.0,Diesel,Individual,Manual,Fourth & Above Owner,13.0,1.9333333333333333,Mahindra
Maruti Alto STD,2009.0,72000.0,70000.0,Petrol,Individual,Manual,First Owner,17.0,1.0285714285714285,Maruti
Maruti Ritz VDi,2014.0,250000.0,60000.0,Diesel,Individual,Manual,First Owner,12.0,4.166666666666667,Maruti
Maruti Swift AMT VXI,2019.0,575000.0,25000.0,Petrol,Individual,Automatic,First Owner,7.0,23.0,Maruti
Kia Seltos HTK Plus AT D,2019.0,1300000.0,10000.0,Diesel,Individual,Automatic,First Owner,7.0,130.0,Kia
Hyundai Santro Magna BSIV,2019.0,425000.0,15000.0,Petrol,Individual,Manual,First Owner,7.0,28.333333333333332,Hyundai
Maruti Eeco CNG 5 Seater AC BSIV,2019.0,470000.0,10000.0,CNG,Individual,Manual,First Owner,7.0,47.0,Maruti
Toyota Etios VX,2012.0,220000.0,60000.0,Petrol,Individual,Manual,Third Owner,14.0,3.6666666666666665,Toyota
Maruti Alto 800 LXI,2020.0,310000.0,1700.0,Petrol,Individual,Manual,First Owner,6.0,182.35294117647058,Maruti
Ford Figo 1.5D Trend MT,2014.0,400000.0,45217.0,Diesel,Dealer,Manual,First Owner,12.0,8.84623040007077,Ford
Hyundai EON Magna Plus,2018.0,310000.0,20000.0,Petrol,Individual,Manual,First Owner,8.0,15.5,Hyundai
Maruti Ciaz ZDi Plus SHVS,2017.0,750000.0,50000.0,Diesel,Individual,Manual,First Owner,9.0,15.0,Maruti
Tata New Safari DICOR 2.2 EX 4x2,2014.0,204999.0,120000.0,Diesel,Individual,Manual,Second Owner,12.0,1.708325,Tata
Maruti Swift 1.3 VXi,2010.0,260000.0,50000.0,Petrol,Individual,Manual,First Owner,16.0,5.2,Maruti
Maruti Alto LXi,2012.0,180000.0,40000.0,Petrol,Individual,Manual,Second Owner,14.0,4.5,Maruti
Mahindra Renault Logan 1.5 DLE Diesel,2007.0,125000.0,110000.0,Diesel,Individual,Manual,Second Owner,19.0,1.1363636363636365,Mahindra
Maruti Swift VDI BSIV,2014.0,420000.0,60000.0,Diesel,Individual,Manual,First Owner,12.0,7.0,Maruti
Maruti Alto K10 LXI,2014.0,220000.0,70000.0,Petrol,Individual,Manual,Second Owner,12.0,3.142857142857143,Maruti
Maruti Alto K10 2010-2014 VXI,2010.0,200000.0,70000.0,Petrol,Individual,Manual,Third Owner,16.0,2.857142857142857,Maruti
Ford Ikon 1.4 TDCi DuraTorq,2009.0,130000.0,100000.0,Diesel,Individual,Manual,Third Owner,17.0,1.3,Ford
Tata Tiago XT,2016.0,335000.0,41000.0,Petrol,Dealer,Manual,First Owner,10.0,8.170731707317072,Tata
Ford Endeavour Titanium Plus 4X4,2017.0,2650000.0,60000.0,Diesel,Dealer,Automatic,First Owner,9.0,44.166666666666664,Ford
Ford Endeavour 3.2 Titanium AT 4X4,2018.0,2675000.0,56000.0,Diesel,Dealer,Automatic,First Owner,8.0,47.767857142857146,Ford
Unknown,2017.0,350000.0,60000.0,Diesel,Dealer,Automatic,First Owner,9.0,5.833333333333333,Unknown
Honda City V AT,2011.0,350000.0,97000.0,Petrol,Dealer,Automatic,Second Owner,15.0,3.6082474226804124,Honda
Honda City i VTEC S,2014.0,500000.0,60000.0,Petrol,Individual,Manual,First Owner,12.0,8.333333333333334,Honda
Maruti Alto K10 VXI Airbag,2017.0,290000.0,60000.0,Petrol,Individual,Manual,First Owner,9.0,4.833333333333333,Maruti
Ford Ecosport 1.5 Ti VCT AT Titanium,2014.0,475000.0,48000.0,Petrol,Dealer,Automatic,Second Owner,12.0,9.895833333333334,Ford
Maruti Swift Dzire VDi,2009.0,270000.0,190000.0,Diesel,Individual,Manual,Third Owner,17.0,1.4210526315789473,Maruti
Hyundai Xcent 1.2 VTVT S,2019.0,600000.0,80000.0,Petrol,Individual,Manual,First Owner,7.0,7.5,Hyundai
Hyundai i20 Asta 1.4 CRDi,2013.0,300000.0,70000.0,Diesel,Individual,Manual,Second Owner,13.0,4.285714285714286,Hyundai
Volkswagen Jetta 2.0L TDI Comfortline,2012.0,415000.0,80000.0,Diesel,Individual,Manual,Second Owner,14.0,5.1875,Volkswagen
Maruti Vitara Brezza ZDi Plus AMT,2018.0,800000.0,30000.0,Diesel,Individual,Manual,Second Owner,8.0,26.666666666666668,Maruti
Hyundai Grand i10 Sportz,2016.0,420000.0,44440.0,Petrol,Individual,Manual,Second Owner,10.0,9.450945094509452,Hyundai
Hyundai Creta 1.6 CRDi SX Plus,2018.0,1250000.0,30000.0,Diesel,Individual,Manual,First Owner,8.0,41.666666666666664,Hyundai
Maruti Swift VDI BSIV,2011.0,270000.0,120000.0,Diesel,Individual,Manual,First Owner,15.0,2.25,Maruti
Hyundai Grand i10 CRDi Sportz,2015.0,390000.0,80000.0,Petrol,Individual,Manual,Second Owner,11.0,4.875,Hyundai
Skoda Laura Ambiente 2.0 TDI CR MT,2012.0,400000.0,110000.0,Diesel,Individual,Manual,First Owner,14.0,3.6363636363636362,Skoda
Ford Fiesta 1.4 ZXi Leather,2007.0,100000.0,60000.0,Petrol,Individual,Manual,First Owner,19.0,1.6666666666666667,Ford
Audi A6 2.7 TDI,2010.0,850000.0,46000.0,Diesel,Individual,Automatic,First Owner,16.0,18.47826086956522,Audi
Chevrolet Cruze LTZ AT,2012.0,359000.0,60000.0,Diesel,Individual,Automatic,Third Owner,14.0,5.983333333333333,Chevrolet
Maruti Swift Dzire ZDI,2015.0,470000.0,91365.0,Diesel,Dealer,Manual,First Owner,11.0,5.144201827833416,Maruti
Maruti Swift Dzire VDI,2013.0,360000.0,90010.0,Diesel,Dealer,Manual,Second Owner,13.0,3.999555604932785,Maruti
Maruti Ertiga VDI,2013.0,250999.0,80000.0,Diesel,Individual,Manual,First Owner,13.0,3.1374875,Maruti
Unknown,2012.0,350000.0,35000.0,Petrol,Individual,Manual,Second Owner,14.0,10.0,Unknown
Maruti Wagon R VXI BSII,2006.0,350000.0,60000.0,Petrol,Individual,Manual,Second Owner,20.0,5.833333333333333,Maruti
Maruti Swift Dzire VDI,2013.0,350000.0,31800.0,Diesel,Dealer,Manual,First Owner,13.0,11.0062893081761,Maruti
Maruti Wagon R CNG LXI,2013.0,350000.0,59100.0,CNG,Dealer,Manual,First Owner,13.0,5.922165820642978,Maruti
Honda Jazz 1.2 V i VTEC,2016.0,540000.0,31200.0,Petrol,Dealer,Manual,First Owner,10.0,17.307692307692307,Honda
Maruti Ciaz VDi Plus SHVS,2016.0,665000.0,51000.0,Diesel,Dealer,Manual,First Owner,10.0,13.03921568627451,Maruti
Hyundai i20 Magna 1.4 CRDi (Diesel),2013.0,425000.0,22700.0,Diesel,Dealer,Manual,Second Owner,13.0,18.722466960352424,Hyundai
Audi A4 2.0 TDI,2014.0,1295000.0,58000.0,Diesel,Dealer,Automatic,First Owner,12.0,22.32758620689655,Audi
Maruti Ciaz VDI SHVS,2016.0,675000.0,50900.0,Diesel,Dealer,Manual,First Owner,10.0,13.261296660117878,Maruti
Maruti Vitara Brezza ZDi Plus Dual Tone,2018.0,980000.0,10000.0,Diesel,Individual,Manual,First Owner,8.0,98.0,Maruti
Chevrolet Beat Diesel LS,2014.0,320000.0,60000.0,Diesel,Individual,Manual,First Owner,12.0,5.333333333333333,Chevrolet
Unknown,2011.0,250000.0,80000.0,Petrol,Individual,Manual,Second Owner,15.0,3.125,Unknown
Maruti Baleno Zeta 1.3,2016.0,600000.0,72000.0,Diesel,Individual,Manual,First Owner,10.0,8.333333333333334,Maruti
Hyundai Xcent 1.2 Kappa S,2016.0,300000.0,96000.0,Petrol,Individual,Manual,First Owner,10.0,3.125,Hyundai
Chevrolet Beat Diesel LS,2014.0,305000.0,66000.0,Diesel,Individual,Manual,First Owner,12.0,4.621212121212121,Chevrolet
Tata New Safari DICOR 2.2 GX 4x2 BS IV,2012.0,270000.0,80000.0,Diesel,Individual,Manual,First Owner,14.0,3.375,Tata
Renault Fluence 1.5,2012.0,300000.0,90000.0,Petrol,Individual,Manual,First Owner,14.0,3.3333333333333335,Renault
Maruti Wagon R LXI Minor,2009.0,106000.0,70000.0,Petrol,Individual,Manual,First Owner,17.0,1.5142857142857142,Maruti
Hyundai Accent GLS 1.6 ABS,2006.0,90000.0,75000.0,Petrol,Individual,Manual,Third Owner,20.0,1.2,Hyundai
Tata Tiago 1.2 Revotron XZ,2019.0,539000.0,2417.0,Petrol,Individual,Manual,First Owner,7.0,223.00372362432768,Tata
Unknown,2009.0,110000.0,100000.0,Diesel,Individual,Manual,Fourth & Above Owner,17.0,1.1,Unknown
Hyundai EON Era Plus Option,2016.0,250000.0,30000.0,Petrol,Individual,Manual,Second Owner,10.0,8.333333333333334,Hyundai
Mahindra Scorpio BSIV,2018.0,707000.0,60000.0,Diesel,Individual,Manual,First Owner,8.0,11.783333333333333,Mahindra
Hyundai Getz GLS,2007.0,350000.0,120000.0,Petrol,Individual,Manual,Fourth & Above Owner,19.0,2.9166666666666665,Hyundai
Maruti Eeco CNG 5 Seater AC BSIV,2020.0,495000.0,7000.0,CNG,Individual,Manual,First Owner,6.0,70.71428571428571,Maruti
Tata Indigo TDI,2012.0,200000.0,60000.0,Petrol,Individual,Manual,First Owner,14.0,3.3333333333333335,Tata
Maruti A-Star Vxi,2009.0,110000.0,110000.0,Petrol,Individual,Manual,Fourth & Above Owner,17.0,1.0,Maruti
Maruti Alto LXi,2008.0,100000.0,130000.0,Petrol,Individual,Manual,Fourth & Above Owner,18.0,0.7692307692307693,Maruti
Maruti Alto 800 LX,2016.0,150000.0,25000.0,Petrol,Individual,Manual,Second Owner,10.0,6.0,Maruti
Unknown,2016.0,509999.0,35000.0,Petrol,Individual,Manual,First Owner,10.0,14.5714,Unknown
Ford Ikon 1.3 Flair,2005.0,50000.0,80000.0,Petrol,Individual,Manual,Third Owner,21.0,0.625,Ford
Chevrolet Aveo 1.4,2007.0,85000.0,70000.0,Petrol,Individual,Manual,First Owner,19.0,1.2142857142857142,Chevrolet
Hyundai Grand i10 1.2 Kappa Magna BSIV,2018.0,475000.0,23000.0,Petrol,Individual,Manual,First Owner,8.0,20.652173913043477,Hyundai
Volkswagen Polo 1.2 MPI Highline,2014.0,425000.0,40000.0,Petrol,Individual,Manual,First Owner,12.0,10.625,Volkswagen
Unknown,2006.0,480000.0,110000.0,Petrol,Individual,Automatic,Second Owner,20.0,4.363636363636363,Unknown
Maruti S-Cross Delta DDiS 200 SH,2019.0,950000.0,10000.0,Diesel,Individual,Manual,First Owner,7.0,95.0,Maruti
Maruti Swift Dzire VDI,2015.0,535000.0,80000.0,Diesel,Individual,Manual,First Owner,11.0,6.6875,Maruti
Hyundai Verna CRDi SX ABS,2009.0,325000.0,25000.0,Diesel,Individual,Manual,Third Owner,17.0,13.0,Hyundai
Maruti Wagon R Stingray VXI,2013.0,270000.0,74000.0,Petrol,Individual,Manual,Third Owner,13.0,3.6486486486486487,Maruti
Maruti Celerio VXI,2015.0,350000.0,60000.0,Petrol,Individual,Manual,Third Owner,11.0,5.833333333333333,Maruti
Volkswagen Vento Diesel Trendline,2011.0,350000.0,70000.0,Diesel,Individual,Manual,First Owner,15.0,5.0,Volkswagen
Tata New Safari DICOR 2.2 EX 4x2,2010.0,350000.0,100000.0,Diesel,Individual,Manual,First Owner,16.0,3.5,Tata
Hyundai Verna CRDi SX,2008.0,229999.0,146000.0,Diesel,Individual,Manual,Third Owner,18.0,1.575335616438356,Hyundai
Maruti Swift Dzire LDi,2014.0,325000.0,120000.0,Diesel,Individual,Manual,Second Owner,12.0,2.7083333333333335,Maruti
Maruti Wagon R LXI,2005.0,70000.0,70000.0,Petrol,Individual,Manual,Second Owner,21.0,1.0,Maruti
Skoda Laura Ambiente,2008.0,190000.0,120000.0,Diesel,Individual,Manual,Third Owner,18.0,1.5833333333333333,Skoda
Chevrolet Cruze LTZ,2011.0,345000.0,65500.0,Diesel,Individual,Manual,First Owner,15.0,5.267175572519084,Chevrolet
Mahindra Scorpio 1.99 S10,2016.0,1025000.0,70000.0,Diesel,Individual,Manual,First Owner,10.0,14.642857142857142,Mahindra
Maruti Alto 800 LXI,2012.0,120000.0,50000.0,Petrol,Individual,Manual,First Owner,14.0,2.4,Maruti
Maruti Alto LXi BSIII,2014.0,114999.0,60000.0,Petrol,Individual,Manual,Second Owner,12.0,1.91665,Maruti
Honda City 1.5 S MT,2009.0,300000.0,120000.0,Petrol,Individual,Manual,Second Owner,17.0,2.5,Honda
Unknown,2016.0,340000.0,56000.0,Petrol,Dealer,Manual,First Owner,10.0,6.071428571428571,Unknown
Maruti Wagon R LXI,2005.0,90000.0,70000.0,Petrol,Individual,Manual,Second Owner,21.0,1.2857142857142858,Maruti
Maruti Alto LX,2006.0,150000.0,140300.0,Petrol,Individual,Manual,First Owner,20.0,1.0691375623663577,Maruti
Maruti Alto K10 2010-2014 VXI,2010.0,115999.0,70000.0,Petrol,Individual,Manual,First Owner,16.0,1.6571285714285715,Maruti
Honda Amaze VX O iDTEC,2017.0,550000.0,12997.0,Diesel,Individual,Manual,First Owner,9.0,42.31745787489421,Honda
Maruti Ciaz 1.4 AT Zeta,2017.0,500000.0,40000.0,Petrol,Individual,Automatic,First Owner,9.0,12.5,Maruti
Hyundai Verna CRDi 1.6 SX Option,2018.0,1150000.0,26430.0,Diesel,Individual,Manual,First Owner,8.0,43.51116155883466,Hyundai
Maruti Swift 1.3 VXI ABS,2015.0,475000.0,24600.0,Petrol,Individual,Manual,First Owner,11.0,19.308943089430894,Maruti
Maruti Wagon R LXI,2011.0,350000.0,28481.0,Petrol,Dealer,Manual,First Owner,15.0,12.288894350619712,Maruti
Ford Ecosport 1.0 Ecoboost Titanium Optional,2013.0,350000.0,60000.0,Petrol,Individual,Manual,First Owner,13.0,5.833333333333333,Ford
Unknown,2014.0,300000.0,28942.0,Petrol,Dealer,Automatic,First Owner,12.0,10.365558703614125,Unknown
Toyota Innova 2.5 G (Diesel) 8 Seater,2015.0,350000.0,53652.0,Diesel,Dealer,Manual,First Owner,11.0,6.523521956311042,Toyota
Unknown,2016.0,375000.0,23000.0,Petrol,Dealer,Manual,Second Owner,10.0,16.304347826086957,Unknown
Maruti Zen Estilo LXI BSIII,2007.0,275000.0,10211.0,Petrol,Individual,Manual,First Owner,19.0,26.9317402800901,Maruti
Mahindra Scorpio 2.6 SLX Turbo 7 Seater,2005.0,120000.0,120000.0,Diesel,Individual,Manual,Third Owner,21.0,1.0,Mahindra
Unknown,2015.0,350000.0,120000.0,Diesel,Individual,Manual,First Owner,11.0,2.9166666666666665,Unknown
Maruti Celerio ZXI,2017.0,350000.0,35000.0,Petrol,Individual,Manual,First Owner,9.0,10.0,Maruti
Hyundai Verna 1.6 SX,2012.0,500000.0,130000.0,Diesel,Individual,Manual,First Owner,14.0,3.8461538461538463,Hyundai
Nissan Sunny Diesel XL,2013.0,220000.0,90000.0,Diesel,Individual,Manual,Second Owner,13.0,2.4444444444444446,Nissan
Ford Fiesta 1.6 Duratec EXI Ltd,2008.0,120000.0,80000.0,Petrol,Individual,Manual,Second Owner,18.0,1.5,Ford
Hyundai Santro Xing XK,2007.0,70000.0,55000.0,Petrol,Individual,Manual,Second Owner,19.0,1.2727272727272727,Hyundai
Maruti Swift Dzire ZXI Plus,2017.0,800000.0,15000.0,Petrol,Individual,Manual,First Owner,9.0,53.333333333333336,Maruti
Maruti Swift Dzire VDI,2014.0,450000.0,60000.0,Diesel,Individual,Manual,Second Owner,12.0,7.5,Maruti
Mahindra Scorpio SLE BSIV,2014.0,525000.0,145000.0,Diesel,Individual,Manual,First Owner,12.0,3.6206896551724137,Mahindra
Datsun GO Plus Remix Limited Edition,2016.0,300000.0,35000.0,Petrol,Individual,Manual,First Owner,10.0,8.571428571428571,Datsun
Hyundai i10 Magna,2008.0,195000.0,56000.0,Petrol,Individual,Manual,Second Owner,18.0,3.482142857142857,Hyundai
Ford Fiesta Classic 1.4 SXI Duratorq,2007.0,130000.0,98000.0,Diesel,Individual,Manual,Second Owner,19.0,1.3265306122448979,Ford
Toyota Etios VD,2011.0,300000.0,135000.0,Diesel,Individual,Manual,Second Owner,15.0,2.2222222222222223,Toyota
Maruti Alto VXi,2002.0,120000.0,60000.0,Petrol,Individual,Manual,Third Owner,24.0,2.0,Maruti
Toyota Innova 2.5 G3,2010.0,450000.0,120000.0,Petrol,Individual,Manual,Third Owner,16.0,3.75,Toyota
Tata Indigo LS,2014.0,160000.0,102000.0,Diesel,Individual,Manual,Second Owner,12.0,1.5686274509803921,Tata
Mahindra Bolero Power Plus Plus AC BSIV PS,2018.0,800000.0,35000.0,Diesel,Individual,Manual,First Owner,8.0,22.857142857142858,Mahindra
Maruti 800 AC,2013.0,350000.0,80000.0,Petrol,Individual,Manual,First Owner,13.0,4.375,Maruti
Volkswagen Polo GTI,2017.0,825000.0,60000.0,Petrol,Dealer,Automatic,First Owner,9.0,13.75,Volkswagen
Maruti Alto 800 LXI,2015.0,265000.0,32933.0,Petrol,Dealer,Manual,First Owner,11.0,8.046640148179637,Maruti
Maruti Wagon R LXI,2008.0,175000.0,54551.0,Petrol,Dealer,Manual,First Owner,18.0,3.2080071859360966,Maruti
Maruti Omni 8 Seater BSIV,2014.0,250999.0,57112.0,Petrol,Dealer,Manual,First Owner,12.0,4.394855722089929,Maruti
Hyundai Xcent 1.2 VTVT S AT,2015.0,471000.0,41025.0,Petrol,Dealer,Automatic,First Owner,11.0,11.480804387568556,Hyundai
Maruti Swift Dzire LDI,2019.0,350000.0,5000.0,Petrol,Individual,Manual,First Owner,7.0,70.0,Maruti
Maruti Swift Dzire LDI,2019.0,650000.0,5000.0,Diesel,Individual,Manual,First Owner,7.0,130.0,Maruti
Hyundai EON Magna,2012.0,225000.0,53122.0,Petrol,Dealer,Manual,Second Owner,14.0,4.23553330070404,Hyundai
Maruti Alto 800 LXI CNG,2013.0,245000.0,64111.0,CNG,Dealer,Manual,First Owner,13.0,3.8214970909828265,Maruti
Maruti Ritz LXi,2011.0,221000.0,78892.0,Petrol,Dealer,Manual,First Owner,15.0,2.8012979769811897,Maruti
Hyundai i20 1.2 Asta,2011.0,271000.0,74113.0,Petrol,Dealer,Manual,First Owner,15.0,3.656578468015058,Hyundai
Maruti Wagon R VXI,2012.0,290000.0,80000.0,Petrol,Dealer,Manual,First Owner,14.0,3.625,Maruti
Maruti Swift VXi BSIV,2017.0,525000.0,39000.0,Petrol,Dealer,Manual,First Owner,9.0,13.461538461538462,Maruti
Volkswagen Vento 1.6 Highline,2012.0,377000.0,84775.0,Petrol,Dealer,Manual,First Owner,14.0,4.447065762312002,Volkswagen
Tata Nano LX SE,2012.0,95000.0,20778.0,Petrol,Dealer,Manual,First Owner,14.0,4.572143613437289,Tata
Maruti Ertiga VDI,2015.0,763000.0,64441.0,Diesel,Dealer,Manual,First Owner,11.0,11.840288015393925,Maruti
Honda Amaze S i-Vtech,2015.0,450000.0,43192.0,Petrol,Dealer,Manual,First Owner,11.0,10.418596036303018,Honda
Tata Nano Twist XE,2014.0,140000.0,44416.0,Petrol,Individual,Manual,First Owner,12.0,3.1520172910662825,Tata
Maruti Ciaz VDi Plus SHVS,2016.0,701000.0,79991.0,Diesel,Dealer,Manual,First Owner,10.0,8.763485892162869,Maruti
Nissan Micra Diesel XV,2014.0,277000.0,62601.0,Petrol,Dealer,Manual,Second Owner,12.0,4.424849443299628,Nissan
Maruti Baleno Delta Automatic,2018.0,520000.0,50000.0,Petrol,Individual,Automatic,First Owner,8.0,10.4,Maruti
Ford Figo Aspire 1.5 TDCi Ambiente ABS,2017.0,350000.0,100000.0,Diesel,Individual,Manual,First Owner,9.0,3.5,Ford
Volkswagen Vento Diesel Highline,2011.0,260000.0,60000.0,Diesel,Individual,Manual,Third Owner,15.0,4.333333333333333,Volkswagen
Renault Pulse RxZ,2014.0,420000.0,100000.0,Diesel,Individual,Manual,First Owner,12.0,4.2,Renault
OpelCorsa 1.4 GL,2002.0,35000.0,100000.0,Petrol,Individual,Manual,Third Owner,24.0,0.35,OpelCorsa
Mahindra XUV500 W7 BSIV,2018.0,1150000.0,20000.0,Diesel,Individual,Manual,First Owner,8.0,57.5,Mahindra
Maruti Ciaz 1.4 Zeta,2017.0,680000.0,46000.0,Petrol,Individual,Manual,First Owner,9.0,14.782608695652174,Maruti
Maruti Swift VDI,2012.0,425000.0,40000.0,Diesel,Individual,Manual,First Owner,14.0,10.625,Maruti
Maruti Swift Dzire LDI,2014.0,450000.0,70000.0,Diesel,Individual,Manual,Second Owner,12.0,6.428571428571429,Maruti
Toyota Innova 2.5 GX (Diesel) 8 Seater BS IV,2008.0,350000.0,60000.0,Diesel,Individual,Manual,Third Owner,18.0,5.833333333333333,Toyota
Volkswagen Jetta 1.4 TSI Comfortline,2017.0,936999.0,60800.0,Petrol,Individual,Manual,First Owner,9.0,15.411167763157895,Volkswagen
Honda Mobilio S i DTEC,2015.0,420000.0,104000.0,Diesel,Individual,Manual,Second Owner,11.0,4.038461538461538,Honda
Volkswagen Polo 1.5 TDI Highline,2014.0,450000.0,80000.0,Diesel,Individual,Manual,First Owner,12.0,5.625,Volkswagen
Maruti 800 AC,2004.0,40000.0,69111.0,Petrol,Individual,Manual,Third Owner,22.0,0.5787790655611986,Maruti
Toyota Innova 2.5 G (Diesel) 8 Seater,2014.0,350000.0,70000.0,Diesel,Individual,Manual,Second Owner,12.0,5.0,Toyota
Unknown,2007.0,80000.0,120000.0,Petrol,Individual,Manual,First Owner,19.0,0.6666666666666666,Unknown
Tata Nano CX,2014.0,55000.0,40000.0,Petrol,Individual,Manual,First Owner,12.0,1.375,Tata
Mahindra Bolero DI DX 7 Seater,2001.0,80000.0,100000.0,Diesel,Individual,Manual,Third Owner,25.0,0.8,Mahindra
Maruti Alto 800 LXI,2019.0,350000.0,20000.0,Petrol,Individual,Manual,First Owner,7.0,17.5,Maruti
Tata Tiago 1.05 Revotorq XM,2017.0,260000.0,50000.0,Diesel,Individual,Manual,First Owner,9.0,5.2,Tata
Unknown,2016.0,250000.0,70000.0,Diesel,Individual,Manual,First Owner,10.0,3.5714285714285716,Unknown
Tata Indica Vista Aqua TDI BSIII,2008.0,80000.0,90000.0,Diesel,Individual,Manual,First Owner,18.0,0.8888888888888888,Tata
Toyota Innova 2.5 GX (Diesel) 7 Seater BS IV,2010.0,450000.0,150000.0,Diesel,Individual,Manual,Second Owner,16.0,3.0,Toyota
Toyota Innova 2.5 G (Diesel) 8 Seater BS IV,2005.0,310000.0,120000.0,Diesel,Individual,Manual,Second Owner,21.0,2.5833333333333335,Toyota
Toyota Innova 2.5 GX (Diesel) 8 Seater,2014.0,500000.0,100000.0,Diesel,Individual,Manual,First Owner,12.0,5.0,Toyota
Maruti Ertiga SHVS VDI,2016.0,800000.0,70000.0,Diesel,Individual,Manual,Second Owner,10.0,11.428571428571429,Maruti
Hyundai Creta 1.6 CRDi SX,2014.0,350000.0,60000.0,Diesel,Individual,Manual,Second Owner,12.0,5.833333333333333,Hyundai
Tata Indica Vista Aqua 1.4 TDI,2010.0,125000.0,81000.0,Diesel,Individual,Manual,Second Owner,16.0,1.5432098765432098,Tata
Chevrolet Tavera Neo 2 LS B4 7 Str BSIII,2012.0,400000.0,120000.0,Diesel,Individual,Manual,Third Owner,14.0,3.3333333333333335,Chevrolet
Unknown,2015.0,1000000.0,3600.0,Diesel,Dealer,Manual,First Owner,11.0,277.77777777777777,Unknown
Ford Figo Aspire 1.2 Ti-VCT Titanium Plus,2014.0,530000.0,60000.0,Petrol,Dealer,Manual,First Owner,12.0,8.833333333333334,Ford
Ford EcoSport 1.5 Diesel Titanium Plus BSIV,2017.0,840000.0,49213.0,Diesel,Dealer,Manual,First Owner,9.0,17.068660719728527,Ford
Chevrolet Spark 1.0 LS,2012.0,130000.0,60000.0,Petrol,Individual,Manual,First Owner,14.0,2.1666666666666665,Chevrolet
Tata Bolt Quadrajet XE,2014.0,250000.0,120000.0,Diesel,Individual,Manual,First Owner,12.0,2.0833333333333335,Tata
Hyundai i20 Magna 1.2,2015.0,540000.0,5000.0,Petrol,Individual,Manual,First Owner,11.0,108.0,Hyundai
Hyundai i20 1.2 Asta,2018.0,350000.0,10000.0,Petrol,Individual,Manual,First Owner,8.0,35.0,Hyundai
Ford Figo Petrol EXI,2014.0,350000.0,90000.0,Petrol,Individual,Manual,First Owner,12.0,3.888888888888889,Ford
Maruti SX4 VDI,2011.0,320000.0,100000.0,Diesel,Individual,Manual,First Owner,15.0,3.2,Maruti
Honda Amaze S i-DTEC,2016.0,475000.0,90000.0,Diesel,Individual,Manual,First Owner,10.0,5.277777777777778,Honda
Tata Manza Aura (ABS) Quadrajet BS IV,2011.0,220000.0,140000.0,Diesel,Individual,Manual,First Owner,15.0,1.5714285714285714,Tata
Nissan Micra Diesel XV Premium,2013.0,210000.0,13770.0,Diesel,Individual,Manual,First Owner,13.0,15.250544662309368,Nissan
Ford Ikon 1.3 Flair,2005.0,61000.0,4637.0,Petrol,Individual,Manual,Second Owner,21.0,13.155057149018763,Ford
Chevrolet Cruze LTZ AT,2015.0,650000.0,50000.0,Diesel,Individual,Automatic,First Owner,11.0,13.0,Chevrolet
Chevrolet Beat Diesel LS,2013.0,130000.0,93900.0,Diesel,Individual,Manual,First Owner,13.0,1.384451544195953,Chevrolet
Maruti 800 AC,2007.0,60000.0,70000.0,Petrol,Individual,Manual,First Owner,19.0,0.8571428571428571,Maruti
Unknown,2004.0,79000.0,80000.0,Petrol,Individual,Manual,First Owner,22.0,0.9875,Unknown
Unknown,2005.0,125000.0,34000.0,Petrol,Dealer,Manual,First Owner,21.0,3.676470588235294,Unknown
Chevrolet Enjoy 1.3 TCDi LS 8,2013.0,425000.0,20000.0,Diesel,Dealer,Manual,First Owner,13.0,21.25,Chevrolet
Maruti Wagon R LXI,2001.0,70000.0,117000.0,Petrol,Individual,Manual,Second Owner,25.0,0.5982905982905983,Maruti
Maruti Swift VXI,2020.0,619000.0,60000.0,Petrol,Individual,Manual,First Owner,6.0,10.316666666666666,Maruti
Nissan Micra XL,2017.0,415000.0,60000.0,Petrol,Dealer,Manual,First Owner,9.0,6.916666666666667,Nissan
Unknown,2008.0,70000.0,60000.0,Petrol,Individual,Manual,First Owner,18.0,1.1666666666666667,Unknown
Chevrolet Sail Hatchback 1.3 TCDi,2015.0,350000.0,40000.0,Diesel,Individual,Manual,First Owner,11.0,8.75,Chevrolet
Tata Indigo Grand Dicor,2013.0,211000.0,80000.0,Diesel,Individual,Manual,First Owner,13.0,2.6375,Tata
Hyundai Elite i20 Petrol Magna Exective,2018.0,550000.0,11000.0,Petrol,Individual,Manual,First Owner,8.0,50.0,Hyundai
Chevrolet Enjoy TCDi LT 8 Seater,2014.0,350000.0,110000.0,Diesel,Individual,Manual,First Owner,12.0,3.1818181818181817,Chevrolet
Maruti Wagon R VXI AMT,2017.0,420000.0,19890.0,Petrol,Individual,Automatic,First Owner,9.0,21.116138763197586,Maruti
Renault KWID RXT,2015.0,270000.0,20969.0,Petrol,Dealer,Manual,First Owner,11.0,12.876150507892604,Renault
Maruti Celerio VXI,2016.0,399000.0,20194.0,Petrol,Dealer,Manual,First Owner,10.0,19.75834406259285,Maruti
Ford Figo Trend,2016.0,440000.0,34982.0,Petrol,Dealer,Manual,First Owner,10.0,12.577897204276486,Ford
Hyundai EON Magna,2012.0,250000.0,44588.0,Petrol,Dealer,Manual,First Owner,14.0,5.606889746120032,Hyundai
Ford Ecosport 1.5 Diesel Titanium,2016.0,650000.0,57904.0,Diesel,Dealer,Manual,First Owner,10.0,11.225476651008567,Ford
Maruti Alto K10 VXI,2015.0,270000.0,59258.0,Petrol,Dealer,Manual,First Owner,11.0,4.556346822369975,Maruti
Ford Figo Trend,2016.0,390000.0,60826.0,Petrol,Dealer,Manual,First Owner,10.0,6.411731825206326,Ford
Mahindra XUV500 W10 2WD,2018.0,1500000.0,50000.0,Diesel,Individual,Manual,First Owner,8.0,30.0,Mahindra
Maruti 800 AC,2014.0,225000.0,35000.0,Petrol,Individual,Manual,First Owner,12.0,6.428571428571429,Maruti
Mahindra XUV500 W8 2WD,2015.0,900000.0,110000.0,Petrol,Individual,Manual,Second Owner,11.0,8.181818181818182,Mahindra
Hyundai Tucson 2.0 e-VGT 2WD AT GL,2018.0,1600000.0,40000.0,Diesel,Individual,Automatic,First Owner,8.0,40.0,Hyundai
Tata Nexon 1.2 Revotron XZ Plus Dual Tone,2019.0,800000.0,10000.0,Petrol,Individual,Manual,First Owner,7.0,80.0,Tata
Honda Amaze E i-Dtech,2013.0,320000.0,50000.0,Diesel,Individual,Manual,First Owner,13.0,6.4,Honda
Unknown,2016.0,300000.0,25000.0,Petrol,Individual,Manual,First Owner,10.0,12.0,Unknown
Hyundai i20 1.2 Asta Dual Tone,2018.0,740000.0,25000.0,Petrol,Individual,Manual,First Owner,8.0,29.6,Hyundai
Datsun RediGO SV 1.0,2019.0,350000.0,60000.0,Petrol,Individual,Manual,First Owner,7.0,5.833333333333333,Datsun
Datsun GO T BSIV,2014.0,280000.0,40000.0,Petrol,Individual,Manual,First Owner,12.0,7.0,Datsun
Maruti Swift Dzire AMT VDI,2018.0,675000.0,50000.0,Diesel,Individual,Automatic,First Owner,8.0,13.5,Maruti
Unknown,2014.0,300000.0,20000.0,Petrol,Individual,Manual,First Owner,12.0,15.0,Unknown
Chevrolet Captiva 2.0L VCDi,2011.0,400000.0,76000.0,Diesel,Individual,Manual,Third Owner,15.0,5.2631578947368425,Chevrolet
Mahindra Scorpio VLX 2WD BSIV,2010.0,420000.0,100000.0,Diesel,Individual,Manual,Third Owner,16.0,4.2,Mahindra
Tata New Safari 3L Dicor LX 4x2,2014.0,300000.0,120000.0,Diesel,Individual,Manual,First Owner,12.0,2.5,Tata
Maruti Wagon R VXI Minor,2014.0,170000.0,70000.0,Petrol,Individual,Manual,First Owner,12.0,2.4285714285714284,Maruti
Hyundai EON Era Plus,2014.0,210000.0,70000.0,Petrol,Individual,Manual,Third Owner,12.0,3.0,Hyundai
Maruti Ertiga VDI,2015.0,350000.0,60000.0,Diesel,Individual,Manual,Second Owner,11.0,5.833333333333333,Maruti
Maruti Wagon R VXI BS IV,2014.0,260000.0,38000.0,Petrol,Individual,Manual,Second Owner,12.0,6.842105263157895,Maruti
Tata Nano Twist XT,2015.0,82000.0,19000.0,Petrol,Individual,Manual,First Owner,11.0,4.315789473684211,Tata
Mahindra TUV 300 T8,2016.0,690000.0,75000.0,Diesel,Individual,Manual,First Owner,10.0,9.2,Mahindra
Hyundai Grand i10 CRDi Asta,2015.0,300000.0,70000.0,Diesel,Individual,Manual,First Owner,11.0,4.285714285714286,Hyundai
Honda BRV i-DTEC V MT,2017.0,1250000.0,30000.0,Diesel,Individual,Manual,First Owner,9.0,41.666666666666664,Honda
Unknown,2017.0,799000.0,60000.0,Diesel,Individual,Manual,First Owner,9.0,13.316666666666666,Unknown
Toyota Fortuner 3.0 Diesel,2010.0,1000000.0,180000.0,Diesel,Individual,Manual,First Owner,16.0,5.555555555555555,Toyota
Maruti Alto 800 LXI,2014.0,190000.0,90000.0,Petrol,Individual,Manual,Second Owner,12.0,2.111111111111111,Maruti
Mahindra Verito 1.5 D2 BSIII,2014.0,250000.0,30000.0,Diesel,Individual,Manual,First Owner,12.0,8.333333333333334,Mahindra
Hyundai Verna 1.6 i ABS,2009.0,200000.0,60000.0,Petrol,Individual,Manual,First Owner,17.0,3.3333333333333335,Hyundai
Mahindra Bolero DI,2005.0,300000.0,90000.0,Diesel,Individual,Manual,Second Owner,21.0,3.3333333333333335,Mahindra
Unknown,2015.0,350000.0,120000.0,Petrol,Individual,Manual,Second Owner,11.0,2.9166666666666665,Unknown
Maruti 800 AC,2008.0,90000.0,70000.0,Petrol,Individual,Manual,Third Owner,18.0,1.2857142857142858,Maruti
Hyundai Santro LE zipPlus,2001.0,350000.0,70000.0,Petrol,Individual,Manual,First Owner,25.0,5.0,Hyundai
Hyundai Grand i10 1.2 Kappa Asta,2017.0,500000.0,26500.0,Petrol,Individual,Manual,First Owner,9.0,18.867924528301888,Hyundai
Unknown,2017.0,900000.0,50000.0,Diesel,Individual,Manual,First Owner,9.0,18.0,Unknown
Maruti Alto LX,2007.0,100000.0,52000.0,Petrol,Individual,Manual,Second Owner,19.0,1.9230769230769231,Maruti
Renault Duster 85PS Diesel RxL,2016.0,700000.0,160000.0,Petrol,Individual,Manual,First Owner,10.0,4.375,Renault
Volvo XC60 D3 Kinetic,2014.0,1750000.0,60000.0,Diesel,Dealer,Automatic,Third Owner,12.0,29.166666666666668,Volvo
Unknown,2017.0,290000.0,110000.0,Petrol,Individual,Manual,First Owner,9.0,2.6363636363636362,Unknown
Toyota Innova 2.5 Z Diesel 7 Seater BS IV,2014.0,1050000.0,97000.0,Diesel,Individual,Manual,Second Owner,12.0,10.824742268041238,Toyota
Tata Indigo LX Dicor,2008.0,70000.0,100000.0,Diesel,Individual,Manual,Third Owner,18.0,0.7,Tata
Maruti Swift ZDi BSIV,2016.0,520000.0,41000.0,Diesel,Individual,Manual,First Owner,10.0,12.682926829268293,Maruti
Tata Indigo LS,2012.0,150000.0,90000.0,Diesel,Individual,Manual,First Owner,14.0,1.6666666666666667,Tata
Hyundai i10 Magna 1.1,2008.0,120000.0,90000.0,Petrol,Individual,Manual,First Owner,18.0,1.3333333333333333,Hyundai
Hyundai i20 Asta Option 1.2,2016.0,600000.0,60000.0,Petrol,Individual,Manual,First Owner,10.0,10.0,Hyundai
Tata Xenon XT EX 4X4,2010.0,150000.0,70000.0,Diesel,Individual,Manual,Second Owner,16.0,2.142857142857143,Tata
Volkswagen Vento Petrol Highline,2011.0,400000.0,60000.0,Petrol,Individual,Manual,First Owner,15.0,6.666666666666667,Volkswagen
Maruti Alto 800 LXI,2015.0,310000.0,30000.0,Petrol,Individual,Manual,Second Owner,11.0,10.333333333333334,Maruti
Maruti Baleno Alpha 1.2,2015.0,550000.0,30000.0,Petrol,Individual,Manual,First Owner,11.0,18.333333333333332,Maruti
Hyundai i20 Asta Option 1.4 CRDi,2016.0,550000.0,60000.0,Diesel,Individual,Manual,First Owner,10.0,9.166666666666666,Hyundai
Hyundai Grand i10 CRDi Magna,2013.0,320000.0,73000.0,Diesel,Individual,Manual,First Owner,13.0,4.383561643835616,Hyundai
Maruti 800 AC BSII,1992.0,50000.0,100000.0,Petrol,Individual,Manual,Fourth & Above Owner,34.0,0.5,Maruti
Renault KWID RXT,2018.0,360000.0,60000.0,Petrol,Individual,Manual,First Owner,8.0,6.0,Renault
Maruti Vitara Brezza VDi Option,2017.0,700000.0,50000.0,Diesel,Individual,Manual,Second Owner,9.0,14.0,Maruti
Maruti Ertiga VDI,2012.0,700000.0,110000.0,Diesel,Individual,Manual,Second Owner,14.0,6.363636363636363,Maruti
Hyundai i20 1.4 Sportz,2014.0,655000.0,84000.0,Diesel,Dealer,Manual,First Owner,12.0,7.7976190476190474,Hyundai
Chevrolet Beat LT LPG,2011.0,200000.0,110000.0,LPG,Individual,Manual,First Owner,15.0,1.8181818181818181,Chevrolet
Renault Duster 85PS Diesel RxL Optional,2012.0,375000.0,150000.0,Diesel,Individual,Manual,First Owner,14.0,2.5,Renault
Hyundai Verna 1.6 SX,2012.0,470000.0,109052.0,Diesel,Individual,Manual,First Owner,14.0,4.30987052048564,Hyundai
Maruti Ciaz VDi,2015.0,550000.0,60000.0,Diesel,Dealer,Manual,First Owner,11.0,9.166666666666666,Maruti
Honda Amaze VX i-DTEC,2014.0,350000.0,110000.0,Diesel,Individual,Manual,Second Owner,12.0,3.1818181818181817,Honda
Datsun GO T Option BSIV,2015.0,210000.0,25000.0,Petrol,Individual,Manual,First Owner,11.0,8.4,Datsun
Maruti Wagon R VXI Minor,2007.0,80000.0,60000.0,Petrol,Individual,Manual,First Owner,19.0,1.3333333333333333,Maruti
Mercedes-Benz E-Class E250 Edition E,2013.0,1451000.0,81000.0,Diesel,Dealer,Automatic,First Owner,13.0,17.91358024691358,Mercedes-Benz
Hyundai Verna SX AT Diesel,2009.0,245000.0,75000.0,Diesel,Dealer,Automatic,First Owner,17.0,3.2666666666666666,Hyundai
Honda WR-V i-VTEC VX,2017.0,700000.0,25552.0,Petrol,Dealer,Manual,Second Owner,9.0,27.39511584220413,Honda
Hyundai EON Magna Plus,2018.0,300000.0,20000.0,Petrol,Individual,Manual,First Owner,8.0,15.0,Hyundai
Hyundai Xcent 1.2 CRDi E,2017.0,350000.0,80000.0,Diesel,Individual,Manual,First Owner,9.0,4.375,Hyundai
Hyundai Elite i20 Asta Option CVT BSIV,2017.0,635000.0,25000.0,Petrol,Dealer,Automatic,First Owner,9.0,25.4,Hyundai
Honda City S,2012.0,325000.0,40700.0,Petrol,Individual,Manual,First Owner,14.0,7.985257985257985,Honda
Mahindra XUV500 AT W10 1.99 mHawk,2017.0,1150000.0,65500.0,Diesel,Dealer,Automatic,First Owner,9.0,17.557251908396946,Mahindra
Tata Indigo GLE BSIII,2008.0,110000.0,42000.0,Petrol,Dealer,Manual,First Owner,18.0,2.619047619047619,Tata
Honda City 1.5 V MT,2018.0,890000.0,8000.0,Petrol,Dealer,Manual,First Owner,8.0,111.25,Honda
Maruti Swift 1.3 LXI,2007.0,73000.0,80000.0,Petrol,Individual,Manual,Second Owner,19.0,0.9125,Maruti
Chevrolet Beat PS,2014.0,170000.0,77000.0,Petrol,Individual,Manual,First Owner,12.0,2.207792207792208,Chevrolet
Maruti Ciaz ZXi Plus,2016.0,750000.0,6000.0,Petrol,Dealer,Manual,First Owner,10.0,125.0,Maruti
Hyundai EON 1.0 Era Plus,2014.0,280000.0,28838.0,Petrol,Individual,Manual,First Owner,12.0,9.709411193564048,Hyundai
Maruti Baleno Alpha 1.2,2014.0,690000.0,11174.0,Petrol,Dealer,Manual,First Owner,12.0,61.75049221406837,Maruti
Tata Indigo GLS,2008.0,130000.0,60000.0,Petrol,Individual,Manual,First Owner,18.0,2.1666666666666665,Tata
Hyundai Santro Xing GLS,2007.0,85000.0,85000.0,Petrol,Individual,Manual,Second Owner,19.0,1.0,Hyundai
Hyundai Elantra 2.0 SX AT,2018.0,1575000.0,60000.0,Petrol,Individual,Automatic,First Owner,8.0,26.25,Hyundai
Nissan Sunny Diesel XV,2014.0,325000.0,105000.0,Diesel,Individual,Manual,First Owner,12.0,3.0952380952380953,Nissan
Honda City 1.3 EXI,1998.0,85000.0,120000.0,Petrol,Individual,Manual,Second Owner,28.0,0.7083333333333334,Honda
Hyundai Verna 1.6 CRDI SX Option,2018.0,860000.0,30000.0,Diesel,Dealer,Manual,Second Owner,8.0,28.666666666666668,Hyundai
Maruti S-Cross Sigma DDiS 200 SH,2017.0,690000.0,41000.0,Diesel,Individual,Manual,First Owner,9.0,16.829268292682926,Maruti
Hyundai Elantra CRDi S,2013.0,650000.0,54000.0,Diesel,Dealer,Manual,First Owner,13.0,12.037037037037036,Hyundai
Chevrolet Sail LS ABS,2014.0,375000.0,40000.0,Diesel,Individual,Manual,First Owner,12.0,9.375,Chevrolet
Hyundai Verna 1.6 SX CRDi (O),2013.0,525000.0,71000.0,Diesel,Dealer,Manual,First Owner,13.0,7.394366197183099,Hyundai
Maruti Eeco Smiles 5 Seater AC,2016.0,330000.0,72500.0,Petrol,Dealer,Manual,First Owner,10.0,4.551724137931035,Maruti
Maruti Eeco Smiles 5 Seater AC,2013.0,280000.0,60000.0,Petrol,Dealer,Manual,First Owner,13.0,4.666666666666667,Maruti
Maruti Swift ZXI,2014.0,470000.0,40000.0,Petrol,Individual,Manual,First Owner,12.0,11.75,Maruti
Volkswagen Polo Diesel Trendline 1.2L,2011.0,350000.0,110000.0,Diesel,Individual,Manual,First Owner,15.0,3.1818181818181817,Volkswagen
Honda City 1.5 V Elegance,2012.0,480000.0,63000.0,Petrol,Dealer,Manual,First Owner,14.0,7.619047619047619,Honda
Unknown,2014.0,620000.0,60000.0,Diesel,Individual,Manual,First Owner,12.0,10.333333333333334,Unknown
Datsun GO T BSIV,2014.0,250000.0,58000.0,Petrol,Individual,Manual,First Owner,12.0,4.310344827586207,Datsun
Unknown,2010.0,78692.0,80000.0,Petrol,Individual,Manual,First Owner,16.0,0.98365,Unknown
Hyundai i20 Magna Optional 1.4 CRDi,2012.0,350000.0,80000.0,Diesel,Individual,Manual,First Owner,14.0,4.375,Hyundai
Maruti Wagon R LX Minor,2013.0,250000.0,70000.0,Petrol,Individual,Manual,Second Owner,13.0,3.5714285714285716,Maruti
Hyundai i20 1.2 Sportz,2011.0,260000.0,97700.0,Petrol,Individual,Manual,Fourth & Above Owner,15.0,2.661207778915046,Hyundai
Unknown,2016.0,640000.0,36000.0,Diesel,Individual,Manual,Second Owner,10.0,17.77777777777778,Unknown
Tata New Safari DICOR 2.2 EX 4x2,2008.0,220000.0,90000.0,Diesel,Individual,Manual,Second Owner,18.0,2.4444444444444446,Tata
Volkswagen Vento 1.5 TDI Highline,2015.0,465000.0,130000.0,Diesel,Individual,Manual,First Owner,11.0,3.576923076923077,Volkswagen
Maruti Swift Vdi BSIII,2010.0,229999.0,120000.0,Diesel,Individual,Manual,Second Owner,16.0,1.9166583333333334,Maruti
Maruti Wagon R VXI BS IV,2014.0,425000.0,15000.0,Petrol,Individual,Manual,First Owner,12.0,28.333333333333332,Maruti
Tata Indica GLS BS IV,2008.0,95000.0,120000.0,Petrol,Individual,Manual,Third Owner,18.0,0.7916666666666666,Tata
Hyundai EON LPG Magna Plus,2012.0,170000.0,170000.0,LPG,Individual,Manual,Third Owner,14.0,1.0,Hyundai
Datsun RediGO T Option,2016.0,229999.0,37500.0,Petrol,Individual,Manual,First Owner,10.0,6.133306666666667,Datsun
Maruti 800 Std,1999.0,45000.0,50000.0,Petrol,Individual,Manual,Third Owner,27.0,0.9,Maruti
Maruti Grand Vitara MT,2007.0,479000.0,145000.0,Petrol,Individual,Manual,Third Owner,19.0,3.303448275862069,Maruti
Mahindra KUV 100 mFALCON G80 K8 5str,2016.0,350000.0,60000.0,Petrol,Individual,Manual,First Owner,10.0,5.833333333333333,Mahindra
Hyundai EON Sportz,2016.0,340000.0,30000.0,Petrol,Individual,Manual,First Owner,10.0,11.333333333333334,Hyundai
Unknown,2016.0,620000.0,35000.0,Petrol,Individual,Manual,First Owner,10.0,17.714285714285715,Unknown
Tata Manza Club Class Quadrajet90 EX,2012.0,270000.0,60000.0,Diesel,Individual,Manual,First Owner,14.0,4.5,Tata
Tata Tiago 1.05 Revotorq XZ Plus,2018.0,350000.0,35000.0,Diesel,Individual,Manual,First Owner,8.0,10.0,Tata
Maruti Wagon R VXI Optional,2015.0,260000.0,40000.0,Petrol,Individual,Manual,First Owner,11.0,6.5,Maruti
Hyundai Santro LE zipPlus,2003.0,48000.0,50000.0,Petrol,Individual,Manual,First Owner,23.0,0.96,Hyundai
Tata Nano Twist XE,2015.0,100000.0,23800.0,Petrol,Individual,Manual,Second Owner,11.0,4.201680672268908,Tata
Nissan Terrano XL Plus 85 PS,2015.0,490000.0,70000.0,Diesel,Individual,Manual,First Owner,11.0,7.0,Nissan
Maruti Wagon R Duo Lxi,2010.0,120000.0,90000.0,LPG,Individual,Manual,Second Owner,16.0,1.3333333333333333,Maruti
Hyundai i10 Era,2008.0,125000.0,102000.0,Petrol,Individual,Manual,Second Owner,18.0,1.2254901960784315,Hyundai
Unknown,2013.0,160000.0,80000.0,Petrol,Individual,Manual,First Owner,13.0,2.0,Unknown
Maruti Alto 800 LXI,2019.0,190000.0,5000.0,Petrol,Individual,Manual,First Owner,7.0,38.0,Maruti
Unknown,2011.0,250000.0,50000.0,Petrol,Individual,Manual,First Owner,15.0,5.0,Unknown
Toyota Corolla Altis 1.8 J,2008.0,400000.0,35000.0,Petrol,Individual,Manual,First Owner,18.0,11.428571428571429,Toyota
Fiat Linea T Jet Plus,2011.0,500000.0,20000.0,Petrol,Individual,Manual,First Owner,15.0,25.0,Fiat
Toyota Fortuner 4x2 AT,2014.0,1800000.0,99000.0,Diesel,Individual,Automatic,First Owner,12.0,18.181818181818183,Toyota
Honda Civic 1.8 V MT,2008.0,320000.0,90000.0,Petrol,Individual,Manual,First Owner,18.0,3.5555555555555554,Honda
Honda Civic 1.8 S AT,2007.0,250000.0,47000.0,Petrol,Dealer,Automatic,First Owner,19.0,5.319148936170213,Honda
Unknown,2010.0,105000.0,90000.0,Diesel,Individual,Manual,Third Owner,16.0,1.1666666666666667,Unknown
Hyundai i20 Active 1.2 SX,2018.0,550000.0,20000.0,Petrol,Individual,Manual,First Owner,8.0,27.5,Hyundai
Hyundai Grand i10 1.2 Kappa Sportz AT,2019.0,600000.0,1100.0,Petrol,Individual,Automatic,First Owner,7.0,545.4545454545455,Hyundai
Maruti Alto 800 VXI,2020.0,210000.0,40000.0,Petrol,Individual,Manual,First Owner,6.0,5.25,Maruti
Unknown,2012.0,210000.0,15000.0,Petrol,Individual,Manual,First Owner,14.0,14.0,Unknown
Maruti Alto LXi,2009.0,150000.0,40000.0,Petrol,Individual,Manual,First Owner,17.0,3.75,Maruti
Hyundai i10 Era 1.1,2008.0,125000.0,60000.0,Petrol,Individual,Manual,First Owner,18.0,2.0833333333333335,Hyundai
Maruti Celerio VXI,2016.0,380000.0,20000.0,Petrol,Individual,Manual,First Owner,10.0,19.0,Maruti
Maruti Baleno Delta 1.2,2019.0,600000.0,5000.0,Petrol,Individual,Manual,First Owner,7.0,120.0,Maruti
Maruti Swift VXI Deca,2016.0,490000.0,27000.0,Petrol,Individual,Manual,First Owner,10.0,18.14814814814815,Maruti
Maruti Swift Dzire LDI,2018.0,545000.0,38000.0,Diesel,Individual,Manual,Second Owner,8.0,14.342105263157896,Maruti
Maruti Wagon R VXI BS IV,2015.0,250000.0,25000.0,Petrol,Individual,Manual,First Owner,11.0,10.0,Maruti
Hyundai Venue SX Opt Turbo BSIV,2020.0,1050000.0,1100.0,Petrol,Individual,Manual,First Owner,6.0,954.5454545454545,Hyundai
Maruti Wagon R LX Minor,2007.0,100000.0,60000.0,Petrol,Individual,Manual,First Owner,19.0,1.6666666666666667,Maruti
Ford Figo Diesel ZXI,2014.0,250000.0,100000.0,Diesel,Individual,Manual,Second Owner,12.0,2.5,Ford
Maruti Wagon R LX BSIII,2007.0,100000.0,110000.0,Petrol,Individual,Manual,First Owner,19.0,0.9090909090909091,Maruti
Ford Figo 1.5D Ambiente ABS MT,2014.0,350000.0,60000.0,Diesel,Individual,Manual,Second Owner,12.0,5.833333333333333,Ford
Renault Duster 110PS Diesel RxZ Plus,2012.0,370000.0,70000.0,Diesel,Individual,Manual,First Owner,14.0,5.285714285714286,Renault
Maruti Zen VXi - BS III,2004.0,121000.0,110000.0,Petrol,Individual,Manual,Second Owner,22.0,1.1,Maruti
Ford Figo Aspire 1.5 Ti-VCT Titanium,2017.0,570000.0,44077.0,Petrol,Dealer,Automatic,First Owner,9.0,12.931914603988474,Ford
Maruti Ertiga SHVS VDI,2017.0,785000.0,24000.0,Diesel,Individual,Manual,First Owner,9.0,32.708333333333336,Maruti
Maruti Ciaz S 1.3,2018.0,850000.0,60000.0,Diesel,Individual,Manual,First Owner,8.0,14.166666666666666,Maruti
Maruti Wagon R VXI BS IV,2014.0,375000.0,30000.0,Petrol,Individual,Manual,Second Owner,12.0,12.5,Maruti
Maruti Baleno Alpha 1.2,2017.0,619000.0,40000.0,Petrol,Individual,Manual,First Owner,9.0,15.475,Maruti
Chevrolet Cruze LTZ,2014.0,335000.0,90000.0,Diesel,Individual,Manual,Second Owner,12.0,3.7222222222222223,Chevrolet
Toyota Innova 2.5 G (Diesel) 8 Seater BS IV,2006.0,500000.0,50000.0,Diesel,Individual,Manual,First Owner,20.0,10.0,Toyota
Maruti Wagon R LX,2003.0,60000.0,60000.0,Petrol,Individual,Manual,Second Owner,23.0,1.0,Maruti
Maruti Zen Estilo VXI BSIV,2010.0,130000.0,50000.0,Petrol,Individual,Manual,Second Owner,16.0,2.6,Maruti
Mahindra Ingenio CRDe,2015.0,210000.0,210000.0,Diesel,Individual,Manual,First Owner,11.0,1.0,Mahindra
Toyota Innova Crysta 2.4 VX MT 8S BSIV,2014.0,1900000.0,20000.0,Diesel,Individual,Manual,First Owner,12.0,95.0,Toyota
Unknown,2013.0,270000.0,70000.0,Diesel,Individual,Manual,Second Owner,13.0,3.857142857142857,Unknown
Maruti Wagon R LXI Minor,2010.0,225000.0,100000.0,Petrol,Individual,Manual,Second Owner,16.0,2.25,Maruti
Maruti SX4 ZXI MT BSIV,2011.0,150000.0,160000.0,Petrol,Individual,Manual,Second Owner,15.0,0.9375,Maruti
Chevrolet Beat Diesel LT,2013.0,173000.0,70000.0,Petrol,Individual,Manual,First Owner,13.0,2.4714285714285715,Chevrolet
BMW 5 Series 520d Luxury Line,2018.0,4800000.0,9422.0,Diesel,Individual,Automatic,First Owner,8.0,509.44597749946934,BMW
Volkswagen Vento 1.5 Highline Plus AT 16 Alloy,2017.0,710000.0,110000.0,Diesel,Individual,Automatic,First Owner,9.0,6.454545454545454,Volkswagen
Toyota Corolla Altis 1.8 GL,2014.0,1500000.0,20000.0,Petrol,Individual,Manual,First Owner,12.0,75.0,Toyota
Maruti Baleno Zeta 1.2,2017.0,550000.0,20000.0,Petrol,Individual,Manual,First Owner,9.0,27.5,Maruti
Maruti 800 AC BSIII,2008.0,58000.0,70000.0,Petrol,Individual,Manual,Second Owner,18.0,0.8285714285714286,Maruti
Audi A4 1.8 TFSI,2012.0,1200000.0,60000.0,Petrol,Individual,Automatic,Third Owner,14.0,20.0,Audi
Mahindra Scorpio M2DI,2013.0,500000.0,150000.0,Diesel,Individual,Manual,First Owner,13.0,3.3333333333333335,Mahindra
Maruti Swift LXi BSIV,2014.0,120000.0,83000.0,Petrol,Individual,Manual,Second Owner,12.0,1.4457831325301205,Maruti
Toyota Innova 2.5 EV Diesel PS 7 Seater BSIII,2012.0,300000.0,250000.0,Petrol,Individual,Manual,First Owner,14.0,1.2,Toyota
Hyundai EON Era Plus,2018.0,300000.0,60000.0,Petrol,Individual,Manual,First Owner,8.0,5.0,Hyundai
Datsun GO Plus T Option BSIV,2015.0,295000.0,21000.0,Petrol,Individual,Manual,First Owner,11.0,14.047619047619047,Datsun
Maruti Ertiga VXI CNG,2018.0,587000.0,80000.0,CNG,Individual,Manual,First Owner,8.0,7.3375,Maruti
Ambassador Grand 1800 ISZ MPFI PW CL,2012.0,430000.0,50000.0,Petrol,Individual,Manual,Second Owner,14.0,8.6,Ambassador
Hyundai Verna i (Petrol),2007.0,350000.0,50000.0,Petrol,Individual,Manual,Second Owner,19.0,7.0,Hyundai
Skoda Laura Ambiente 2.0 TDI CR AT,2012.0,350000.0,48500.0,Diesel,Individual,Automatic,Second Owner,14.0,7.216494845360825,Skoda
Maruti Wagon R LXI Minor,2007.0,130000.0,60000.0,Petrol,Individual,Manual,Third Owner,19.0,2.1666666666666665,Maruti
Tata Indica Vista Aqua 1.4 TDI,2014.0,110000.0,90000.0,Diesel,Individual,Manual,Second Owner,12.0,1.2222222222222223,Tata
Unknown,2010.0,200000.0,60000.0,Diesel,Individual,Manual,Third Owner,16.0,3.3333333333333335,Unknown
Hyundai Grand i10 Magna,2014.0,320000.0,70000.0,Petrol,Individual,Manual,Second Owner,12.0,4.571428571428571,Hyundai
Maruti Wagon R LXI BS IV,2014.0,300000.0,50000.0,Petrol,Individual,Manual,First Owner,12.0,6.0,Maruti
Volkswagen CrossPolo 1.2 MPI,2016.0,350000.0,110000.0,Petrol,Individual,Manual,First Owner,10.0,3.1818181818181817,Volkswagen
Maruti Ertiga VXI Petrol,2018.0,800000.0,50000.0,Petrol,Individual,Manual,First Owner,8.0,16.0,Maruti
Hyundai Xcent 1.1 CRDi S,2016.0,270000.0,175000.0,Diesel,Individual,Manual,First Owner,10.0,1.542857142857143,Hyundai
Hyundai i20 1.2 Magna Executive,2017.0,350000.0,60000.0,Petrol,Individual,Manual,First Owner,9.0,5.833333333333333,Hyundai
Maruti Wagon R LXI CNG,2011.0,160000.0,60000.0,CNG,Individual,Manual,Second Owner,15.0,2.6666666666666665,Maruti
Maruti SX4 VDI,2013.0,340000.0,100000.0,Diesel,Individual,Manual,Second Owner,13.0,3.4,Maruti
Maruti Eeco 5 Seater AC BSIV,2017.0,350000.0,40000.0,Petrol,Individual,Manual,Second Owner,9.0,8.75,Maruti
Volkswagen Vento Diesel Style Limited Edition,2011.0,300000.0,100000.0,Petrol,Individual,Manual,First Owner,15.0,3.0,Volkswagen
Maruti Ritz VDi,2013.0,330000.0,63000.0,Diesel,Individual,Manual,First Owner,13.0,5.238095238095238,Maruti
Maruti Wagon R LXI CNG,2016.0,325000.0,80000.0,CNG,Individual,Manual,Second Owner,10.0,4.0625,Maruti
Maruti Swift Dzire VDI,2013.0,250000.0,55000.0,Diesel,Individual,Manual,First Owner,13.0,4.545454545454546,Maruti
Maruti Swift Star VDI,2013.0,250000.0,55000.0,Diesel,Individual,Manual,First Owner,13.0,4.545454545454546,Maruti
Chevrolet Beat LT Option,2015.0,240000.0,60000.0,Petrol,Individual,Manual,First Owner,11.0,4.0,Chevrolet
Hyundai Grand i10 1.2 Kappa Magna BSIV,2020.0,545000.0,5000.0,Petrol,Individual,Manual,First Owner,6.0,109.0,Hyundai
Unknown,2015.0,300000.0,48000.0,Petrol,Dealer,Manual,First Owner,11.0,6.25,Unknown
Unknown,2010.0,130000.0,80000.0,Petrol,Individual,Manual,Second Owner,16.0,1.625,Unknown
Renault KWID RXT,2017.0,240000.0,50000.0,Petrol,Individual,Manual,First Owner,9.0,4.8,Renault
Renault KWID 1.0 RXT Optional,2018.0,360000.0,15000.0,Petrol,Individual,Manual,First Owner,8.0,24.0,Renault
Hyundai i20 1.4 CRDi Magna,2012.0,250000.0,70000.0,Diesel,Individual,Manual,First Owner,14.0,3.5714285714285716,Hyundai
Skoda Laura Elegance 2.0 TDI CR AT,2019.0,350000.0,105000.0,Petrol,Dealer,Automatic,First Owner,7.0,3.3333333333333335,Skoda
Hyundai i20 Asta Option 1.4 CRDi,2016.0,600000.0,50000.0,Diesel,Individual,Manual,Second Owner,10.0,12.0,Hyundai
Tata Indigo CR4,2010.0,150000.0,80000.0,Diesel,Individual,Manual,Second Owner,16.0,1.875,Tata
Ford EcoSport 1.5 Diesel Trend BSIV,2017.0,700000.0,50000.0,Diesel,Individual,Manual,First Owner,9.0,14.0,Ford
Mahindra XUV500 W6 2WD,2016.0,350000.0,5000.0,Diesel,Individual,Manual,First Owner,10.0,70.0,Mahindra
Hyundai Santro Xing XG,2004.0,80000.0,58000.0,Petrol,Individual,Manual,First Owner,22.0,1.3793103448275863,Hyundai
Maruti Celerio ZXI AMT BSIV,2018.0,500000.0,10000.0,Petrol,Individual,Automatic,First Owner,8.0,50.0,Maruti
Hyundai Santro Xing GLS,2012.0,193000.0,45000.0,Petrol,Individual,Manual,Second Owner,14.0,4.288888888888889,Hyundai
Honda City i VTEC V,2015.0,800000.0,10000.0,Petrol,Individual,Manual,First Owner,11.0,80.0,Honda
Maruti Wagon R LXI Minor,2014.0,150000.0,50000.0,Petrol,Individual,Manual,First Owner,12.0,3.0,Maruti
Unknown,2002.0,80000.0,40000.0,Petrol,Individual,Manual,First Owner,24.0,2.0,Unknown
Ford Figo Diesel EXI,2010.0,130000.0,100000.0,Diesel,Individual,Manual,Third Owner,16.0,1.3,Ford
Ford Figo Diesel EXI,2012.0,280000.0,80000.0,Diesel,Individual,Manual,Second Owner,14.0,3.5,Ford
Mahindra Xylo D2 BS IV,2011.0,229999.0,110000.0,Diesel,Individual,Manual,Second Owner,15.0,2.0909,Mahindra
Maruti Zen Estilo VXI BSIII,2008.0,80000.0,120000.0,Petrol,Individual,Manual,First Owner,18.0,0.6666666666666666,Maruti
Tata Nano Cx BSIII,2010.0,70000.0,10000.0,Petrol,Individual,Manual,First Owner,16.0,7.0,Tata
Unknown,2014.0,240000.0,60000.0,Diesel,Individual,Manual,Second Owner,12.0,4.0,Unknown
Mahindra Xylo E8,2010.0,380000.0,72000.0,Diesel,Individual,Manual,Second Owner,16.0,5.277777777777778,Mahindra
Unknown,2013.0,240000.0,60000.0,Diesel,Individual,Manual,Second Owner,13.0,4.0,Unknown
Hyundai Santro Xing XO,2006.0,80000.0,110000.0,Petrol,Individual,Manual,First Owner,20.0,0.7272727272727273,Hyundai
Hyundai i10 Era,2013.0,265000.0,50000.0,Petrol,Individual,Manual,First Owner,13.0,5.3,Hyundai
Hyundai EON Magna Plus Option,2018.0,320000.0,25000.0,Petrol,Individual,Manual,First Owner,8.0,12.8,Hyundai
Nissan Terrano XL 110 PS,2014.0,500000.0,120000.0,Diesel,Individual,Manual,Third Owner,12.0,4.166666666666667,Nissan
Hyundai Creta 1.6 CRDi SX Option,2016.0,1300000.0,55000.0,Diesel,Individual,Manual,First Owner,10.0,23.636363636363637,Hyundai
Mahindra Scorpio S11 BSIV,2018.0,1500000.0,35000.0,Diesel,Individual,Manual,First Owner,8.0,42.857142857142854,Mahindra
Toyota Innova Crysta 2.8 ZX AT BSIV,2016.0,1800000.0,110000.0,Diesel,Individual,Automatic,First Owner,10.0,16.363636363636363,Toyota
Mahindra XUV500 W6 2WD,2014.0,600000.0,80000.0,Diesel,Individual,Manual,First Owner,12.0,7.5,Mahindra
Tata Tiago 1.2 Revotron XT,2014.0,420000.0,60000.0,Petrol,Individual,Manual,First Owner,12.0,7.0,Tata
Maruti Zen Estilo LXI BS IV,2009.0,140000.0,120000.0,Petrol,Individual,Manual,First Owner,17.0,1.1666666666666667,Maruti
Skoda Laura Ambiente 2.0 TDI CR MT,2014.0,300000.0,100000.0,Diesel,Individual,Manual,Second Owner,12.0,3.0,Skoda
Hyundai Santro Xing XL eRLX Euro III,2006.0,100000.0,60000.0,Petrol,Dealer,Manual,Second Owner,20.0,1.6666666666666667,Hyundai
Maruti Alto K10 VXI,2017.0,350000.0,25000.0,Petrol,Dealer,Manual,First Owner,9.0,14.0,Maruti
Ford EcoSport 1.5 Ti VCT MT Titanium BE BSIV,2018.0,350000.0,19000.0,Petrol,Dealer,Manual,First Owner,8.0,18.42105263157895,Ford
Maruti Alto LX,2008.0,140000.0,54000.0,Petrol,Dealer,Manual,First Owner,18.0,2.5925925925925926,Maruti
Ford Aspire Titanium Plus BSIV,2015.0,550000.0,60000.0,Petrol,Dealer,Manual,Second Owner,11.0,9.166666666666666,Ford
Hyundai Grand i10 Asta Option AT,2017.0,525000.0,19000.0,Petrol,Dealer,Automatic,First Owner,9.0,27.63157894736842,Hyundai
Ford Ecosport 1.5 DV5 MT Titanium,2014.0,470000.0,146000.0,Diesel,Dealer,Manual,First Owner,12.0,3.219178082191781,Ford
Ford Endeavour 3.0L 4X4 AT,2013.0,900000.0,98000.0,Diesel,Dealer,Automatic,First Owner,13.0,9.183673469387756,Ford
Ford Endeavour 2.5L 4X2,2014.0,500000.0,224642.0,Diesel,Dealer,Manual,Second Owner,12.0,2.2257636595115784,Ford
Maruti Zen LXI,1998.0,80000.0,120000.0,Petrol,Individual,Manual,First Owner,28.0,0.6666666666666666,Maruti
Mahindra Verito 1.5 D2 BSIII,2011.0,175000.0,175000.0,Diesel,Individual,Manual,First Owner,15.0,1.0,Mahindra
Mahindra XUV500 AT W10 AWD,2017.0,1350000.0,15000.0,Diesel,Individual,Automatic,Second Owner,9.0,90.0,Mahindra
Renault Duster 110PS Diesel RxZ,2017.0,800000.0,50000.0,Diesel,Individual,Manual,First Owner,9.0,16.0,Renault
Datsun RediGO 1.0 S,2017.0,250000.0,15000.0,Petrol,Individual,Manual,First Owner,9.0,16.666666666666668,Datsun
Maruti Ignis 1.2 AMT Alpha BSIV,2018.0,700000.0,25000.0,Petrol,Individual,Automatic,First Owner,8.0,28.0,Maruti
Tata Nexon 1.5 Revotorq XM,2019.0,800000.0,25000.0,Diesel,Individual,Manual,First Owner,7.0,32.0,Tata
Unknown,2014.0,660000.0,69000.0,Diesel,Individual,Manual,First Owner,12.0,9.565217391304348,Unknown
Maruti Swift VDI BSIV,2014.0,465000.0,60000.0,Diesel,Individual,Manual,Third Owner,12.0,7.75,Maruti
Mahindra Scorpio 2.6 CRDe,2006.0,180000.0,222435.0,Diesel,Individual,Manual,First Owner,20.0,0.8092251669026906,Mahindra
Maruti Swift Dzire VDI,2017.0,600000.0,66000.0,Diesel,Individual,Manual,Third Owner,9.0,9.090909090909092,Maruti
Ford Fiesta 1.4 ZXi Duratec,2010.0,150000.0,110000.0,Petrol,Individual,Manual,First Owner,16.0,1.3636363636363635,Ford
Hyundai Verna 1.6 SX,2014.0,450000.0,78000.0,Diesel,Individual,Manual,Second Owner,12.0,5.769230769230769,Hyundai
Hyundai Elite i20 Sportz Plus BSIV,2019.0,721000.0,10000.0,Petrol,Individual,Manual,First Owner,7.0,72.1,Hyundai
Maruti Swift 1.2 DLX,2018.0,300000.0,35000.0,Petrol,Individual,Manual,First Owner,8.0,8.571428571428571,Maruti
Mahindra Scorpio BSIV,2019.0,1000000.0,10000.0,Diesel,Individual,Manual,First Owner,7.0,100.0,Mahindra
Renault KWID RXT,2016.0,300000.0,40000.0,Petrol,Individual,Manual,First Owner,10.0,7.5,Renault
Mahindra Scorpio LX,2013.0,450000.0,120000.0,Diesel,Individual,Manual,First Owner,13.0,3.75,Mahindra
Maruti Esteem AX,1997.0,79000.0,70000.0,Petrol,Individual,Automatic,First Owner,29.0,1.1285714285714286,Maruti
Ford Figo 1.5D Trend MT,2017.0,545000.0,40000.0,Diesel,Individual,Manual,First Owner,9.0,13.625,Ford
Honda Amaze V Diesel BSIV,2018.0,844999.0,20000.0,Diesel,Individual,Manual,First Owner,8.0,42.24995,Honda
Skoda Rapid 1.5 TDI Ambition,2016.0,700000.0,93000.0,Petrol,Individual,Manual,First Owner,10.0,7.526881720430108,Skoda
Toyota Etios VD,2016.0,650000.0,159000.0,Diesel,Individual,Manual,First Owner,10.0,4.088050314465409,Toyota
Ford Ecosport 1.5 DV5 MT Titanium,2014.0,525000.0,75000.0,Diesel,Individual,Manual,Second Owner,12.0,7.0,Ford
Ford Fiesta Classic 1.4 SXI Duratorq,2006.0,110000.0,101100.0,Diesel,Individual,Manual,Third Owner,20.0,1.0880316518298714,Ford
Tata Indica Vista Aqua 1.3 Quadrajet BSIV,2011.0,180000.0,66000.0,Diesel,Individual,Manual,First Owner,15.0,2.727272727272727,Tata
Hyundai i10 Era,2012.0,280000.0,60000.0,Petrol,Individual,Manual,Second Owner,14.0,4.666666666666667,Hyundai
Renault KWID 1.0 RXT Optional,2019.0,400000.0,10000.0,Petrol,Individual,Manual,First Owner,7.0,40.0,Renault
Mahindra XUV500 W8 4WD,2012.0,625000.0,126000.0,Diesel,Individual,Manual,Second Owner,14.0,4.9603174603174605,Mahindra
Volkswagen Vento 1.5 TDI Highline,2015.0,350000.0,70000.0,Diesel,Individual,Manual,First Owner,11.0,5.0,Volkswagen
Unknown,2017.0,459999.0,50000.0,Diesel,Individual,Manual,First Owner,9.0,9.19998,Unknown
Mahindra Bolero DI,2010.0,300000.0,100000.0,Diesel,Individual,Manual,First Owner,16.0,3.0,Mahindra
Honda Civic 1.8 V AT,2014.0,280000.0,60000.0,Petrol,Individual,Automatic,First Owner,12.0,4.666666666666667,Honda
Honda Mobilio V i VTEC,2014.0,500000.0,70000.0,Petrol,Individual,Manual,First Owner,12.0,7.142857142857143,Honda
Hyundai Creta 1.6 SX,2019.0,350000.0,1200.0,Petrol,Individual,Manual,First Owner,7.0,291.6666666666667,Hyundai
Tata Manza ELAN Quadrajet BS IV,2011.0,180000.0,60000.0,Petrol,Individual,Manual,Third Owner,15.0,3.0,Tata
Hyundai i10 Sportz AT,2011.0,180000.0,134444.0,Petrol,Individual,Automatic,Second Owner,15.0,1.3388474011484335,Hyundai
Maruti Alto LXi,2009.0,78000.0,120000.0,Petrol,Individual,Manual,Second Owner,17.0,0.65,Maruti
Nissan Micra Diesel XV Premium,2011.0,160000.0,120000.0,Diesel,Individual,Manual,First Owner,15.0,1.3333333333333333,Nissan
Mahindra Scorpio VLX 2WD AIRBAG BSIV,2014.0,600000.0,238000.0,Diesel,Individual,Manual,First Owner,12.0,2.5210084033613445,Mahindra
Maruti Wagon R LXI Minor,2014.0,110000.0,100000.0,Petrol,Individual,Manual,Second Owner,12.0,1.1,Maruti
Mahindra Bolero SLX 4WD BSIII,2014.0,450000.0,110000.0,Petrol,Individual,Manual,Second Owner,12.0,4.090909090909091,Mahindra
Mahindra Scorpio S9 BSIV,2019.0,1350000.0,60000.0,Diesel,Individual,Manual,First Owner,7.0,22.5,Mahindra
Honda City 1.3 DX,2003.0,120000.0,165000.0,Petrol,Individual,Manual,Second Owner,23.0,0.7272727272727273,Honda
Honda BR-V i-DTEC VX MT,2018.0,1040000.0,42000.0,Diesel,Individual,Manual,First Owner,8.0,24.761904761904763,Honda
Hyundai Grand i10 CRDi Sportz,2014.0,390000.0,70000.0,Diesel,Individual,Manual,Second Owner,12.0,5.571428571428571,Hyundai
Tata Nano Lx BSIII,2011.0,65000.0,60000.0,Petrol,Individual,Manual,Second Owner,15.0,1.0833333333333333,Tata
Volkswagen Polo Diesel Highline 1.2L,2013.0,320000.0,115000.0,Diesel,Individual,Manual,Third Owner,13.0,2.782608695652174,Volkswagen
Volkswagen Ameo 1.5 TDI Highline,2017.0,720000.0,70000.0,Diesel,Individual,Manual,First Owner,9.0,10.285714285714286,Volkswagen
Maruti Swift ZXI ABS,2007.0,220000.0,80000.0,Petrol,Individual,Manual,Second Owner,19.0,2.75,Maruti
Maruti Wagon R LXI BS IV,2011.0,225000.0,65000.0,Petrol,Dealer,Manual,First Owner,15.0,3.4615384615384617,Maruti
Tata Manza Aura (ABS) Quadrajet BS IV,2010.0,200000.0,150000.0,Diesel,Individual,Manual,Second Owner,16.0,1.3333333333333333,Tata
Toyota Etios GD,2015.0,434999.0,75000.0,Diesel,Dealer,Manual,Second Owner,11.0,5.799986666666666,Toyota
Ford Figo Diesel Titanium,2012.0,350000.0,63700.0,Diesel,Individual,Manual,First Owner,14.0,5.4945054945054945,Ford
Honda Amaze VX i-DTEC,2018.0,700000.0,74800.0,Diesel,Individual,Manual,First Owner,8.0,9.358288770053475,Honda
Ford Endeavour 2.5L 4X2 MT,2009.0,500000.0,105000.0,Diesel,Individual,Manual,Second Owner,17.0,4.761904761904762,Ford
Renault Duster 85PS Diesel RxE,2016.0,500000.0,40000.0,Diesel,Individual,Manual,First Owner,10.0,12.5,Renault
Maruti Ritz LDi,2016.0,400000.0,90000.0,Diesel,Individual,Manual,Second Owner,10.0,4.444444444444445,Maruti
Toyota Corolla Altis D-4D J,2015.0,825000.0,75000.0,Diesel,Dealer,Manual,Second Owner,11.0,11.0,Toyota
Maruti Swift Dzire VDI,2018.0,720000.0,15000.0,Diesel,Individual,Manual,First Owner,8.0,48.0,Maruti
Maruti 800 AC Uniq,2009.0,110000.0,60000.0,Petrol,Individual,Manual,First Owner,17.0,1.8333333333333333,Maruti
Mahindra Scorpio VLX 2WD AIRBAG BSIV,2014.0,600000.0,60000.0,Diesel,Individual,Manual,Second Owner,12.0,10.0,Mahindra
Mahindra Scorpio VLX 2WD AT BSIV,2009.0,275000.0,155000.0,Diesel,Individual,Automatic,Third Owner,17.0,1.7741935483870968,Mahindra
Land Rover Range Rover Evoque 2.2L Dynamic,2012.0,2349000.0,149000.0,Diesel,Individual,Automatic,Second Owner,14.0,15.765100671140939,Land
Hyundai i20 1.4 Sportz,2017.0,740000.0,60000.0,Diesel,Individual,Manual,First Owner,9.0,12.333333333333334,Hyundai
Maruti Baleno Alpha 1.3,2017.0,800000.0,60000.0,Diesel,Individual,Manual,First Owner,9.0,13.333333333333334,Maruti
Hyundai Verna CRDi 1.6 SX Option,2019.0,1100000.0,100000.0,Diesel,Individual,Manual,First Owner,7.0,11.0,Hyundai
BMW X1 sDrive20d,2012.0,750000.0,100000.0,Diesel,Individual,Automatic,Second Owner,14.0,7.5,BMW
Maruti Alto K10 2010-2014 VXI,2012.0,200000.0,90000.0,Petrol,Individual,Manual,Second Owner,14.0,2.2222222222222223,Maruti
Tata Spacio SA 6 Seater,2009.0,210000.0,75000.0,Diesel,Individual,Manual,First Owner,17.0,2.8,Tata
Maruti Swift VDI BSIV,2009.0,270000.0,120000.0,Diesel,Individual,Manual,Second Owner,17.0,2.25,Maruti
Toyota Etios 1.4 VXD,2016.0,630000.0,90000.0,Diesel,Individual,Manual,Second Owner,10.0,7.0,Toyota
Hyundai Xcent 1.2 Kappa S,2015.0,375000.0,55000.0,Petrol,Individual,Manual,First Owner,11.0,6.818181818181818,Hyundai
Mahindra Xylo D2,2010.0,300000.0,70000.0,Diesel,Individual,Manual,First Owner,16.0,4.285714285714286,Mahindra
Mahindra Bolero Power Plus SLX,2016.0,580000.0,95000.0,Diesel,Individual,Manual,Second Owner,10.0,6.105263157894737,Mahindra
Hyundai Verna 1.4 CRDi,2014.0,550000.0,50000.0,Diesel,Individual,Manual,First Owner,12.0,11.0,Hyundai
Maruti Ciaz ZDi Plus SHVS,2016.0,350000.0,50000.0,Diesel,Individual,Manual,First Owner,10.0,7.0,Maruti
Maruti Omni E MPI STD BS IV,2014.0,250000.0,60516.0,Petrol,Individual,Manual,First Owner,12.0,4.131138872364334,Maruti
Hyundai Verna 1.6 SX,2014.0,434999.0,235000.0,Diesel,Individual,Manual,Second Owner,12.0,1.8510595744680851,Hyundai
Mercedes-Benz E-Class 280 CDI,2007.0,900000.0,76731.0,Diesel,Dealer,Automatic,First Owner,19.0,11.729288032216445,Mercedes-Benz
Maruti Swift ZDI,2014.0,685000.0,64000.0,Diesel,Dealer,Manual,First Owner,12.0,10.703125,Maruti
Maruti Swift VDI BSIV,2014.0,540000.0,65000.0,Diesel,Dealer,Manual,First Owner,12.0,8.307692307692308,Maruti
Honda City i-VTEC CVT ZX,2018.0,1165000.0,13000.0,Petrol,Dealer,Manual,Test Drive Car,8.0,89.61538461538461,Honda
Ford Ecosport 1.5 DV5 MT Titanium Optional,2014.0,610000.0,77000.0,Diesel,Dealer,Manual,First Owner,12.0,7.922077922077922,Ford
Hyundai EON Era,2011.0,254999.0,24000.0,Petrol,Dealer,Manual,First Owner,15.0,10.624958333333334,Hyundai
Nissan Micra Active XV,2014.0,280000.0,63840.0,Petrol,Dealer,Manual,First Owner,12.0,4.385964912280702,Nissan
Tata Tiago 1.2 Revotron XT,2014.0,370000.0,25000.0,Petrol,Individual,Manual,First Owner,12.0,14.8,Tata
Tata New Safari DICOR 2.2 EX 4x2,2011.0,459999.0,76400.0,Diesel,Individual,Manual,Second Owner,15.0,6.020929319371728,Tata
Maruti Zen LX,1998.0,42000.0,70000.0,Petrol,Individual,Manual,Third Owner,28.0,0.6,Maruti
Fiat Linea Active (Diesel),2011.0,190000.0,80000.0,Diesel,Individual,Manual,Third Owner,15.0,2.375,Fiat
Fiat Punto 1.4 Emotion,2010.0,165000.0,100000.0,Petrol,Individual,Manual,Fourth & Above Owner,16.0,1.65,Fiat
Ford EcoSport 1.5 Diesel Trend Plus BSIV,2014.0,710000.0,40000.0,Diesel,Individual,Manual,First Owner,12.0,17.75,Ford
Unknown,2018.0,1200000.0,15000.0,Petrol,Individual,Manual,First Owner,8.0,80.0,Unknown
Maruti Zen Estilo LXI BS IV,2014.0,229999.0,70000.0,Petrol,Individual,Manual,First Owner,12.0,3.2857,Maruti
Renault KWID RXT,2018.0,310000.0,15000.0,Petrol,Individual,Manual,First Owner,8.0,20.666666666666668,Renault
Maruti Wagon R VXI BS IV,2015.0,320000.0,40000.0,Petrol,Individual,Manual,First Owner,11.0,8.0,Maruti
Maruti 800 AC,2006.0,100000.0,60000.0,Petrol,Individual,Manual,First Owner,20.0,1.6666666666666667,Maruti
Hyundai Verna CRDi,2009.0,160000.0,60000.0,Petrol,Individual,Manual,First Owner,17.0,2.6666666666666665,Hyundai
Maruti 800 AC BSIII,2007.0,60000.0,52000.0,Petrol,Individual,Manual,First Owner,19.0,1.1538461538461537,Maruti
Tata Indigo LS,2012.0,100000.0,200000.0,Petrol,Individual,Manual,First Owner,14.0,0.5,Tata
Chevrolet Beat Diesel LT,2016.0,350000.0,35000.0,Diesel,Individual,Manual,Second Owner,10.0,10.0,Chevrolet
Renault Duster 110PS Diesel RxZ AWD,2017.0,700000.0,60000.0,Diesel,Individual,Manual,First Owner,9.0,11.666666666666666,Renault
Maruti Alto K10 VXI,2017.0,300000.0,31489.0,Petrol,Individual,Manual,First Owner,9.0,9.527136460351233,Maruti
Unknown,2018.0,830000.0,60000.0,Diesel,Individual,Manual,First Owner,8.0,13.833333333333334,Unknown
Mahindra Quanto C6,2013.0,350000.0,110000.0,Diesel,Individual,Manual,First Owner,13.0,3.1818181818181817,Mahindra
Tata Indigo LX Dicor,2009.0,130000.0,60000.0,Diesel,Individual,Manual,First Owner,17.0,2.1666666666666665,Tata
Hyundai Verna Transform VTVT,2010.0,229999.0,70000.0,Petrol,Individual,Manual,First Owner,16.0,3.2857,Hyundai
Hyundai i20 Magna Optional 1.4 CRDi,2013.0,400000.0,100000.0,Petrol,Individual,Manual,First Owner,13.0,4.0,Hyundai
Maruti Gypsy King Hard Top Ambulance BSIV,2005.0,300000.0,70000.0,Petrol,Individual,Manual,Second Owner,21.0,4.285714285714286,Maruti
Ford Figo Diesel Celebration Edition,2013.0,300000.0,50000.0,Diesel,Individual,Manual,First Owner,13.0,6.0,Ford
Ford Fiesta 1.4 SXi TDCi,2009.0,80000.0,180000.0,Diesel,Individual,Manual,Second Owner,17.0,0.4444444444444444,Ford
Maruti 800 AC,2008.0,80000.0,50000.0,Petrol,Individual,Manual,Second Owner,18.0,1.6,Maruti
Maruti Esteem Vxi,2007.0,100000.0,90000.0,Petrol,Individual,Manual,First Owner,19.0,1.1111111111111112,Maruti
Unknown,2012.0,300000.0,110000.0,Diesel,Individual,Manual,First Owner,14.0,2.727272727272727,Unknown
Maruti Baleno Zeta Automatic,2018.0,700000.0,26000.0,Petrol,Individual,Automatic,First Owner,8.0,26.923076923076923,Maruti
Maruti Vitara Brezza ZDi Plus,2016.0,975000.0,65000.0,Diesel,Individual,Manual,First Owner,10.0,15.0,Maruti
Chevrolet Captiva LT,2009.0,500000.0,130000.0,Diesel,Individual,Manual,First Owner,17.0,3.8461538461538463,Chevrolet
Renault Duster 85PS Diesel RxL Optional,2013.0,550000.0,60000.0,Diesel,Individual,Manual,Second Owner,13.0,9.166666666666666,Renault
Nissan Terrano XV Premium 110 PS,2014.0,550000.0,110000.0,Diesel,Individual,Manual,First Owner,12.0,5.0,Nissan
Maruti Alto K10 2010-2014 VXI,2014.0,240000.0,50000.0,Petrol,Individual,Manual,First Owner,12.0,4.8,Maruti
Maruti 800 Std,1997.0,50000.0,80000.0,Petrol,Individual,Manual,Second Owner,29.0,0.625,Maruti
Unknown,2009.0,120000.0,80000.0,Petrol,Individual,Manual,Second Owner,17.0,1.5,Unknown
Unknown,2013.0,900000.0,60000.0,Petrol,Individual,Manual,Second Owner,13.0,15.0,Unknown
Honda City 1.5 V MT,2009.0,250000.0,90000.0,Petrol,Individual,Manual,Second Owner,17.0,2.7777777777777777,Honda
Renault KWID 1.0 RXT Optional,2017.0,280000.0,36000.0,Petrol,Individual,Manual,First Owner,9.0,7.777777777777778,Renault
Tata Indica Vista Terra Quadrajet 1.3L BS IV,2010.0,85000.0,87000.0,Diesel,Individual,Manual,First Owner,16.0,0.9770114942528736,Tata
Tata Indica Vista Terra 1.4 TDI,2011.0,90000.0,80000.0,Diesel,Individual,Manual,First Owner,15.0,1.125,Tata
Unknown,2015.0,350000.0,50000.0,Diesel,Individual,Manual,First Owner,11.0,7.0,Unknown
Maruti 800 Std,2014.0,200000.0,60000.0,Petrol,Individual,Manual,First Owner,12.0,3.3333333333333335,Maruti
Renault KWID RXT,2015.0,250000.0,50000.0,Petrol,Individual,Manual,First Owner,11.0,5.0,Renault
Unknown,2014.0,185000.0,40000.0,Diesel,Individual,Manual,Third Owner,12.0,4.625,Unknown
Hyundai i10 Magna 1.1,2008.0,100000.0,60000.0,Petrol,Individual,Manual,Second Owner,18.0,1.6666666666666667,Hyundai
Toyota Etios VXD,2015.0,610000.0,55000.0,Petrol,Individual,Manual,First Owner,11.0,11.090909090909092,Toyota
Mahindra Quanto C8,2012.0,290000.0,80000.0,Diesel,Individual,Manual,First Owner,14.0,3.625,Mahindra
Mahindra Xylo E9,2012.0,300000.0,295000.0,Diesel,Individual,Manual,First Owner,14.0,1.0169491525423728,Mahindra
Hyundai EON Era Plus,2015.0,225000.0,80000.0,Petrol,Individual,Manual,First Owner,11.0,2.8125,Hyundai
Maruti Alto K10 VXI,2017.0,320000.0,50000.0,Petrol,Individual,Manual,Second Owner,9.0,6.4,Maruti
Tata Indigo CR4,2012.0,135000.0,158000.0,Diesel,Individual,Manual,Third Owner,14.0,0.8544303797468354,Tata
Toyota Innova 2.5 G (Diesel) 7 Seater BS IV,2006.0,400000.0,400000.0,Diesel,Individual,Manual,Third Owner,20.0,1.0,Toyota
Hyundai i20 Active 1.2 S,2017.0,570000.0,60000.0,Petrol,Individual,Manual,First Owner,9.0,9.5,Hyundai
Maruti Ignis 1.2 Zeta BSIV,2018.0,500000.0,12000.0,Petrol,Individual,Manual,First Owner,8.0,41.666666666666664,Maruti
Maruti Omni MPI STD BSIV,2015.0,350000.0,70000.0,Petrol,Individual,Manual,First Owner,11.0,5.0,Maruti
Tata Tiago 1.2 Revotron XZ,2018.0,360000.0,4000.0,Petrol,Individual,Manual,First Owner,8.0,90.0,Tata
Hyundai i10 Era,2009.0,250000.0,50000.0,Petrol,Individual,Manual,First Owner,17.0,5.0,Hyundai
Nissan Sunny XL,2016.0,600000.0,19495.0,Petrol,Dealer,Manual,First Owner,10.0,30.777122339061297,Nissan
Unknown,2013.0,570000.0,62668.0,Diesel,Dealer,Manual,First Owner,13.0,9.09555115848599,Unknown
Unknown,2013.0,850000.0,85710.0,Petrol,Dealer,Manual,First Owner,13.0,9.917162524792907,Unknown
Ford Figo Diesel EXI,2011.0,350000.0,55130.0,Diesel,Dealer,Manual,Second Owner,15.0,6.348630509704336,Ford
Ford Ecosport 1.5 DV5 MT Titanium,2014.0,580000.0,63356.0,Diesel,Dealer,Manual,Second Owner,12.0,9.154618347117873,Ford
Toyota Fortuner 3.0 Diesel,2012.0,1680000.0,129627.0,Diesel,Dealer,Manual,First Owner,14.0,12.960262908190423,Toyota
Chevrolet Spark 1.0 LT,2010.0,180000.0,15000.0,Petrol,Individual,Manual,First Owner,16.0,12.0,Chevrolet
Tata Tiago 1.2 Revotron XE,2017.0,300000.0,50000.0,Petrol,Individual,Manual,First Owner,9.0,6.0,Tata
Unknown,2012.0,269000.0,70000.0,Petrol,Individual,Manual,Second Owner,14.0,3.842857142857143,Unknown
Maruti Alto K10 VXI,2018.0,350000.0,20000.0,Petrol,Individual,Manual,First Owner,8.0,17.5,Maruti
Chevrolet Beat LS,2011.0,150000.0,60000.0,Petrol,Individual,Manual,Third Owner,15.0,2.5,Chevrolet
Hyundai Grand i10 Asta Option,2017.0,495000.0,5000.0,Petrol,Individual,Manual,First Owner,9.0,99.0,Hyundai
Maruti Ciaz VXi,2014.0,700000.0,15000.0,Petrol,Individual,Manual,First Owner,12.0,46.666666666666664,Maruti
Datsun GO Plus T BSIV,2018.0,400000.0,4400.0,Petrol,Individual,Manual,Second Owner,8.0,90.9090909090909,Datsun
Mahindra Xylo H4,2019.0,599000.0,15000.0,Diesel,Individual,Manual,Third Owner,7.0,39.93333333333333,Mahindra
Renault Duster 85PS Diesel RxL Optional,2014.0,421000.0,45000.0,Diesel,Individual,Manual,First Owner,12.0,9.355555555555556,Renault
Ford EcoSport 1.5 Diesel Trend BSIV,2018.0,841000.0,1000.0,Diesel,Individual,Manual,First Owner,8.0,841.0,Ford
Hyundai i10 Magna 1.1L,2014.0,295000.0,38500.0,Petrol,Individual,Manual,First Owner,12.0,7.662337662337662,Hyundai
Hyundai i10 Sportz,2011.0,220000.0,25000.0,Petrol,Individual,Manual,First Owner,15.0,8.8,Hyundai
Ford Classic 1.4 Duratorq LXI,2013.0,250000.0,60000.0,Diesel,Individual,Manual,First Owner,13.0,4.166666666666667,Ford
Toyota Fortuner 3.0 Diesel,2014.0,1100000.0,60000.0,Diesel,Individual,Manual,Second Owner,12.0,18.333333333333332,Toyota
Hyundai Verna 1.6 VTVT,2012.0,300000.0,40000.0,Petrol,Individual,Manual,First Owner,14.0,7.5,Hyundai
Chevrolet Aveo U-VA 1.2,2007.0,80000.0,110000.0,Petrol,Individual,Manual,Second Owner,19.0,0.7272727272727273,Chevrolet
Unknown,2013.0,215000.0,20000.0,Diesel,Individual,Manual,Third Owner,13.0,10.75,Unknown
Hyundai EON Magna Plus,2012.0,245000.0,60000.0,Petrol,Dealer,Manual,First Owner,14.0,4.083333333333333,Hyundai
Ford EcoSport 1.5 TDCi Titanium BSIV,2016.0,650000.0,25061.0,Petrol,Dealer,Manual,First Owner,10.0,25.93671441682295,Ford
Ford Ecosport 1.5 Diesel Titanium,2017.0,760000.0,42494.0,Diesel,Dealer,Manual,First Owner,9.0,17.88487786511037,Ford
Honda Amaze S i-Dtech,2014.0,395000.0,44875.0,Diesel,Dealer,Manual,First Owner,12.0,8.802228412256268,Honda
Ford Figo Diesel EXI,2014.0,280000.0,89741.0,Petrol,Dealer,Manual,Second Owner,12.0,3.1200900368839215,Ford
Honda Jazz 1.5 S i DTEC,2016.0,495000.0,65000.0,Diesel,Dealer,Manual,First Owner,10.0,7.615384615384615,Honda
Honda Jazz 1.5 VX i DTEC,2016.0,525000.0,35000.0,Diesel,Dealer,Manual,First Owner,10.0,15.0,Honda
Toyota Innova 2.5 GX 8 STR BSIV,2009.0,420000.0,347089.0,Petrol,Dealer,Manual,First Owner,17.0,1.2100642774619765,Toyota
Tata New Safari DICOR 2.2 VX 4x2,2010.0,210000.0,34500.0,Diesel,Individual,Manual,First Owner,16.0,6.086956521739131,Tata
Hyundai i20 Active 1.2 S,2018.0,650000.0,30000.0,Petrol,Individual,Manual,First Owner,8.0,21.666666666666668,Hyundai
BMW 3 Series 320d Luxury Line,2018.0,2300000.0,39000.0,Diesel,Individual,Automatic,First Owner,8.0,58.97435897435897,BMW
Ford Freestyle Titanium Plus Diesel BSIV,2019.0,525000.0,16000.0,Diesel,Individual,Manual,First Owner,7.0,32.8125,Ford
Maruti Wagon R LXI CNG,2010.0,195000.0,80000.0,CNG,Individual,Manual,Second Owner,16.0,2.4375,Maruti
Maruti Ertiga SHVS VDI,2016.0,650000.0,60000.0,Diesel,Individual,Manual,First Owner,10.0,10.833333333333334,Maruti
Mahindra TUV 300 T6 Plus,2014.0,540000.0,110000.0,Diesel,Individual,Manual,First Owner,12.0,4.909090909090909,Mahindra
Unknown,2014.0,350000.0,61000.0,Petrol,Individual,Manual,First Owner,12.0,5.737704918032787,Unknown
Maruti Ertiga SHVS ZDI Plus,2018.0,980000.0,50000.0,Diesel,Individual,Manual,First Owner,8.0,19.6,Maruti
Fiat Grande Punto EVO 90HP 1.3 Sport,2014.0,250000.0,90000.0,Diesel,Individual,Manual,First Owner,12.0,2.7777777777777777,Fiat
Hyundai Grand i10 1.2 Kappa Sportz AT,2018.0,550000.0,35000.0,Petrol,Individual,Automatic,First Owner,8.0,15.714285714285714,Hyundai
Volkswagen Vento 1.6 Highline,2015.0,509999.0,43000.0,Petrol,Individual,Manual,Second Owner,11.0,11.860441860465116,Volkswagen
Maruti Alto K10 LXI,2017.0,320000.0,50000.0,Petrol,Individual,Manual,First Owner,9.0,6.4,Maruti
Hyundai EON D Lite,2016.0,275000.0,25000.0,Petrol,Individual,Manual,First Owner,10.0,11.0,Hyundai
Mahindra XUV500 W8 2WD,2013.0,550000.0,222252.0,Diesel,Individual,Manual,First Owner,13.0,2.4746683944351457,Mahindra
Maruti Wagon R VXI Minor,2009.0,145000.0,50000.0,Petrol,Individual,Manual,Second Owner,17.0,2.9,Maruti
Fiat Grande Punto Emotion 90Hp,2013.0,250000.0,80000.0,Diesel,Individual,Manual,First Owner,13.0,3.125,Fiat
Hyundai Verna 1.6 SX,2012.0,520000.0,35000.0,Petrol,Individual,Manual,First Owner,14.0,14.857142857142858,Hyundai
Maruti Alto LXi,2007.0,95000.0,85000.0,Petrol,Individual,Manual,Second Owner,19.0,1.1176470588235294,Maruti
Toyota Innova 2.5 V Diesel 7-seater,2011.0,725000.0,110000.0,Diesel,Individual,Manual,Third Owner,15.0,6.590909090909091,Toyota
Maruti 800 AC,2006.0,55000.0,60000.0,Petrol,Individual,Manual,Second Owner,20.0,0.9166666666666666,Maruti
Honda City i DTEC VX,2014.0,600000.0,100000.0,Petrol,Individual,Manual,First Owner,12.0,6.0,Honda
Volkswagen Vento New Diesel Highline,2013.0,330000.0,120000.0,Diesel,Individual,Manual,Second Owner,13.0,2.75,Volkswagen
Unknown,2015.0,470000.0,89000.0,Diesel,Individual,Manual,First Owner,11.0,5.280898876404494,Unknown
Unknown,2013.0,365000.0,120000.0,Petrol,Individual,Manual,First Owner,13.0,3.0416666666666665,Unknown
Hyundai EON Magna Plus,2013.0,250000.0,40000.0,Petrol,Individual,Manual,Second Owner,13.0,6.25,Hyundai
Maruti Wagon R VXI BS IV,2017.0,430000.0,17000.0,Petrol,Individual,Manual,First Owner,9.0,25.294117647058822,Maruti
Maruti Swift VDI,2013.0,400000.0,125000.0,Diesel,Individual,Manual,Second Owner,13.0,3.2,Maruti
Maruti Swift Dzire ZXI,2014.0,615000.0,110000.0,Petrol,Individual,Manual,Second Owner,12.0,5.590909090909091,Maruti
Ford Figo Diesel Titanium,2011.0,150000.0,120000.0,Diesel,Individual,Manual,Second Owner,15.0,1.25,Ford
Ford Figo Diesel ZXI,2014.0,240000.0,90000.0,Diesel,Individual,Manual,First Owner,12.0,2.6666666666666665,Ford
Mahindra Scorpio S10 7 Seater,2014.0,350000.0,90000.0,Petrol,Individual,Manual,First Owner,12.0,3.888888888888889,Mahindra
Hyundai EON LPG Magna Plus,2015.0,240000.0,110000.0,LPG,Individual,Manual,First Owner,11.0,2.1818181818181817,Hyundai
Ford Ecosport 1.5 DV5 MT Titanium,2014.0,600000.0,87000.0,Diesel,Individual,Manual,Second Owner,12.0,6.896551724137931,Ford
Mahindra Scorpio LX,2014.0,800000.0,15000.0,Petrol,Individual,Manual,First Owner,12.0,53.333333333333336,Mahindra
Ford Fiesta Classic 1.6 Duratec CLXI,2012.0,350000.0,38000.0,Petrol,Individual,Manual,First Owner,14.0,9.210526315789474,Ford
Honda City 1.5 V MT,2011.0,300000.0,64000.0,Petrol,Individual,Manual,Second Owner,15.0,4.6875,Honda
Tata Sumo Gold EX BSIII,2015.0,399000.0,55250.0,Diesel,Individual,Manual,First Owner,11.0,7.221719457013575,Tata
Mahindra Bolero DI,2011.0,300000.0,110000.0,Diesel,Individual,Manual,First Owner,15.0,2.727272727272727,Mahindra
Maruti A-Star AT VXI,2012.0,150000.0,70000.0,Petrol,Individual,Automatic,First Owner,14.0,2.142857142857143,Maruti
Chevrolet Cruze LTZ,2010.0,320000.0,60000.0,Diesel,Individual,Manual,Third Owner,16.0,5.333333333333333,Chevrolet
Tata Hexa XM,2018.0,1280000.0,17000.0,Diesel,Individual,Manual,First Owner,8.0,75.29411764705883,Tata
Renault KWID 1.0 RXT Optional,2014.0,300000.0,13000.0,Petrol,Individual,Manual,Second Owner,12.0,23.076923076923077,Renault
Nissan Terrano XL Plus ICC WT20 SE,2016.0,1000000.0,60000.0,Diesel,Individual,Manual,First Owner,10.0,16.666666666666668,Nissan
Mitsubishi Pajero Sport 4X4,2012.0,350000.0,120000.0,Diesel,Individual,Manual,First Owner,14.0,2.9166666666666665,Mitsubishi
Tata New Safari DICOR 2.2 GX 4x2 BS IV,2012.0,450000.0,97000.0,Diesel,Individual,Manual,Second Owner,14.0,4.639175257731959,Tata
Tata Indica GLS BS IV,2007.0,60000.0,130000.0,Petrol,Individual,Manual,Second Owner,19.0,0.46153846153846156,Tata
Maruti Swift Dzire ZXI,2013.0,500000.0,50000.0,Petrol,Individual,Manual,First Owner,13.0,10.0,Maruti
Tata Indigo CR4,2012.0,200000.0,120000.0,Diesel,Individual,Manual,Second Owner,14.0,1.6666666666666667,Tata
Ford Ecosport 1.5 DV5 MT Titanium,2015.0,650000.0,68000.0,Diesel,Individual,Manual,First Owner,11.0,9.558823529411764,Ford
Maruti Alto LXi,2006.0,60000.0,60000.0,Petrol,Individual,Manual,Second Owner,20.0,1.0,Maruti
Maruti Ertiga VDI,2013.0,350000.0,80000.0,Diesel,Individual,Manual,First Owner,13.0,4.375,Maruti
Hyundai Accent Executive CNG,2012.0,185000.0,67000.0,CNG,Dealer,Manual,Second Owner,14.0,2.7611940298507465,Hyundai
Maruti Alto K10 VXI,2015.0,155000.0,60000.0,Petrol,Individual,Manual,First Owner,11.0,2.5833333333333335,Maruti
Maruti Swift VXI,2019.0,600000.0,5000.0,Petrol,Individual,Manual,First Owner,7.0,120.0,Maruti
Renault KWID RXE,2016.0,300000.0,20000.0,Petrol,Individual,Manual,First Owner,10.0,15.0,Renault
Hyundai Creta 1.6 E Plus,2018.0,850000.0,12500.0,Petrol,Individual,Manual,First Owner,8.0,68.0,Hyundai
Maruti Eeco CNG 5 Seater AC BSIV,2019.0,470000.0,60000.0,CNG,Individual,Manual,First Owner,7.0,7.833333333333333,Maruti
Ford Figo 1.2P Titanium MT,2019.0,600000.0,25000.0,Petrol,Individual,Manual,First Owner,7.0,24.0,Ford
Toyota Innova 2.5 G (Diesel) 7 Seater,2013.0,700000.0,70000.0,Diesel,Individual,Manual,Second Owner,13.0,10.0,Toyota
Maruti Wagon R LXI DUO BSIII,2007.0,70000.0,162000.0,LPG,Individual,Manual,First Owner,19.0,0.43209876543209874,Maruti
Unknown,2010.0,1250000.0,205000.0,Diesel,Individual,Manual,Second Owner,16.0,6.097560975609756,Unknown
Audi A6 2.8 FSI,2008.0,650000.0,70000.0,Petrol,Individual,Automatic,Third Owner,18.0,9.285714285714286,Audi
Hyundai Xcent 1.2 CRDi S,2018.0,450000.0,70000.0,Diesel,Individual,Manual,Second Owner,8.0,6.428571428571429,Hyundai
Mahindra XUV500 W8 2WD,2014.0,750000.0,100000.0,Diesel,Individual,Manual,Second Owner,12.0,7.5,Mahindra
Toyota Innova 2.5 G (Diesel) 7 Seater,2013.0,775000.0,70000.0,Diesel,Individual,Manual,Second Owner,13.0,11.071428571428571,Toyota
Hyundai Santa Fe 4X4,2011.0,800000.0,220000.0,Diesel,Individual,Manual,First Owner,15.0,3.6363636363636362,Hyundai
Honda Amaze E i-Vtech,2015.0,360000.0,80000.0,Petrol,Individual,Manual,Second Owner,11.0,4.5,Honda
Toyota Corolla Altis Diesel D4DG,2010.0,250000.0,120000.0,Diesel,Individual,Manual,First Owner,16.0,2.0833333333333335,Toyota
Jeep Compass 2.0 Longitude Option BSIV,2017.0,1490000.0,22038.0,Diesel,Individual,Manual,First Owner,9.0,67.61049097014248,Jeep
Unknown,2013.0,600000.0,80000.0,Diesel,Individual,Manual,First Owner,13.0,7.5,Unknown
Maruti Alto LX,2010.0,120000.0,90000.0,Petrol,Individual,Manual,First Owner,16.0,1.3333333333333333,Maruti
Tata New Safari DICOR 2.2 EX 4x2,2012.0,320000.0,140000.0,Diesel,Individual,Manual,Second Owner,14.0,2.2857142857142856,Tata
Unknown,2011.0,400000.0,120000.0,Diesel,Individual,Manual,Second Owner,15.0,3.3333333333333335,Unknown
Maruti Swift Dzire ZDI,2014.0,302000.0,60000.0,Diesel,Individual,Manual,First Owner,12.0,5.033333333333333,Maruti
Maruti Swift Dzire LXI Option,2014.0,150000.0,60000.0,Petrol,Individual,Manual,Second Owner,12.0,2.5,Maruti
Tata Indica Vista Aura Plus 1.3 Quadrajet,2012.0,200000.0,90000.0,Diesel,Individual,Manual,Second Owner,14.0,2.2222222222222223,Tata
Toyota Innova 2.5 G1 BSIV,2012.0,950000.0,80000.0,Petrol,Individual,Manual,First Owner,14.0,11.875,Toyota
Maruti Swift Vdi BSIII,2008.0,120000.0,175000.0,Petrol,Individual,Manual,First Owner,18.0,0.6857142857142857,Maruti
Mahindra XUV500 W7 BSIV,2019.0,1400000.0,10000.0,Diesel,Individual,Manual,First Owner,7.0,140.0,Mahindra
Hyundai i20 1.2 Asta Option,2017.0,620000.0,65000.0,Petrol,Individual,Manual,First Owner,9.0,9.538461538461538,Hyundai
Toyota Innova 2.5 GX 8 STR BSIV,2012.0,350000.0,90000.0,Diesel,Individual,Manual,First Owner,14.0,3.888888888888889,Toyota
Maruti Alto LXi,2007.0,100000.0,70000.0,Petrol,Individual,Manual,First Owner,19.0,1.4285714285714286,Maruti
Hyundai Grand i10 1.2 Kappa Sportz BSIV,2014.0,600000.0,2500.0,Petrol,Individual,Manual,First Owner,12.0,240.0,Hyundai
Chevrolet Beat Diesel LT,2012.0,350000.0,60000.0,Diesel,Individual,Manual,First Owner,14.0,5.833333333333333,Chevrolet
Unknown,2018.0,550000.0,63000.0,Petrol,Individual,Manual,First Owner,8.0,8.73015873015873,Unknown
Unknown,2013.0,675000.0,88000.0,Diesel,Dealer,Automatic,First Owner,13.0,7.670454545454546,Unknown
Chevrolet Enjoy TCDi LT 7 Seater,2014.0,325000.0,60000.0,Diesel,Dealer,Manual,First Owner,12.0,5.416666666666667,Chevrolet
Skoda Rapid 1.5 TDI Ambition,2014.0,360000.0,70000.0,Diesel,Individual,Manual,First Owner,12.0,5.142857142857143,Skoda
Skoda Superb LK 1.8 TSI AT,2012.0,650000.0,60000.0,Petrol,Dealer,Automatic,First Owner,14.0,10.833333333333334,Skoda
Ford Fiesta 1.5 TDCi Titanium,2012.0,199000.0,92000.0,Diesel,Dealer,Manual,Third Owner,14.0,2.1630434782608696,Ford
Mahindra Quanto C6,2014.0,285000.0,89126.0,Petrol,Individual,Manual,First Owner,12.0,3.197720081682113,Mahindra
Volkswagen Jetta 1.9 TDI Comfortline DSG,2009.0,260000.0,134000.0,Diesel,Individual,Automatic,First Owner,17.0,1.9402985074626866,Volkswagen
Maruti Ciaz 1.4 AT Zeta,2019.0,869999.0,60000.0,Petrol,Dealer,Automatic,First Owner,7.0,14.499983333333333,Maruti
Hyundai Grand i10 1.2 CRDi Magna,2016.0,425000.0,42500.0,Diesel,Dealer,Manual,First Owner,10.0,10.0,Hyundai
Chevrolet Cruze LTZ AT,2012.0,490000.0,42000.0,Diesel,Dealer,Automatic,First Owner,14.0,11.666666666666666,Chevrolet
Mahindra XUV500 AT W8 FWD,2015.0,350000.0,70000.0,Diesel,Individual,Automatic,Second Owner,11.0,5.0,Mahindra
Honda City 1.5 EXI,2004.0,125000.0,110000.0,Petrol,Individual,Manual,Third Owner,22.0,1.1363636363636365,Honda
Fiat Linea 1.3 Emotion,2014.0,221000.0,131365.0,Diesel,Individual,Manual,First Owner,12.0,1.6823354774863928,Fiat
Volkswagen Vento 1.5 TDI Highline AT,2016.0,724000.0,48980.0,Diesel,Dealer,Automatic,First Owner,10.0,14.781543487137608,Volkswagen
Honda Amaze VX AT i-Vtech,2014.0,440000.0,46000.0,Petrol,Individual,Automatic,First Owner,12.0,9.565217391304348,Honda
Chevrolet Spark 1.0 LS,2014.0,70000.0,60000.0,Petrol,Individual,Manual,Third Owner,12.0,1.1666666666666667,Chevrolet
Maruti Baleno Delta Diesel,2015.0,511000.0,58000.0,Petrol,Dealer,Manual,First Owner,11.0,8.810344827586206,Maruti
Maruti S-Cross Alpha DDiS 200 SH,2016.0,790000.0,22000.0,Diesel,Dealer,Manual,First Owner,10.0,35.90909090909091,Maruti
Hyundai i20 1.2 Asta Option,2017.0,640000.0,37000.0,Petrol,Individual,Manual,First Owner,9.0,17.2972972972973,Hyundai
Hyundai Santro Xing GLS,2009.0,120000.0,70000.0,Petrol,Individual,Manual,Fourth & Above Owner,17.0,1.7142857142857142,Hyundai
Chevrolet Beat Diesel LT,2012.0,126000.0,60000.0,Diesel,Individual,Manual,First Owner,14.0,2.1,Chevrolet
Chevrolet Beat Diesel LT,2012.0,120000.0,125000.0,Diesel,Individual,Manual,First Owner,14.0,0.96,Chevrolet
Mahindra TUV 300 T4 Plus,2017.0,650000.0,60000.0,Diesel,Individual,Manual,First Owner,9.0,10.833333333333334,Mahindra
Hyundai Grand i10 Asta,2014.0,450000.0,80000.0,Petrol,Individual,Manual,Second Owner,12.0,5.625,Hyundai
Maruti Zen Estilo LXI Green (CNG),2010.0,110000.0,80000.0,CNG,Individual,Manual,Fourth & Above Owner,16.0,1.375,Maruti
Mahindra Bolero Power Plus Plus AC BSIV PS,2017.0,600000.0,40000.0,Diesel,Individual,Manual,First Owner,9.0,15.0,Mahindra
Mahindra XUV500 W8 4WD,2012.0,620000.0,60000.0,Diesel,Individual,Manual,Second Owner,14.0,10.333333333333334,Mahindra
Ford Ecosport 1.5 DV5 MT Titanium,2014.0,600000.0,30000.0,Diesel,Individual,Manual,First Owner,12.0,20.0,Ford
Mahindra Bolero Power Plus ZLX,2018.0,795000.0,35000.0,Diesel,Individual,Manual,First Owner,8.0,22.714285714285715,Mahindra
Tata Winger Deluxe - Hi Roof (AC),2014.0,350000.0,180000.0,Petrol,Individual,Manual,Third Owner,12.0,1.9444444444444444,Tata
Unknown,2015.0,495000.0,60000.0,Diesel,Individual,Manual,First Owner,11.0,8.25,Unknown
Tata Hexa XTA,2018.0,350000.0,34000.0,Diesel,Individual,Automatic,First Owner,8.0,10.294117647058824,Tata
Mahindra Xylo D4,2014.0,350000.0,145000.0,Diesel,Individual,Manual,First Owner,12.0,2.413793103448276,Mahindra
Datsun RediGO AMT 1.0 S,2018.0,350000.0,25000.0,Petrol,Individual,Automatic,First Owner,8.0,14.0,Datsun
Tata Zest Revotron 1.2T XMS,2018.0,350000.0,54000.0,Petrol,Dealer,Manual,Second Owner,8.0,6.481481481481482,Tata
Unknown,1999.0,70000.0,70000.0,Petrol,Individual,Manual,Fourth & Above Owner,27.0,1.0,Unknown
Nissan Sunny XL D,2018.0,500000.0,70000.0,Diesel,Individual,Manual,First Owner,8.0,7.142857142857143,Nissan
Audi Q3 35 TDI Quattro Technology,2017.0,2575000.0,36000.0,Diesel,Dealer,Automatic,First Owner,9.0,71.52777777777777,Audi
Honda Brio VX,2014.0,350000.0,60000.0,Petrol,Dealer,Manual,First Owner,12.0,5.833333333333333,Honda
Tata Indigo CR4,2013.0,220000.0,100000.0,Diesel,Individual,Manual,First Owner,13.0,2.2,Tata
Maruti 800 AC,1999.0,50000.0,100000.0,Petrol,Individual,Manual,Second Owner,27.0,0.5,Maruti
Honda Jazz Select Edition,2017.0,585000.0,14000.0,Petrol,Dealer,Manual,First Owner,9.0,41.785714285714285,Honda
Maruti Swift Dzire AMT VXI,2014.0,625000.0,13800.0,Petrol,Individual,Automatic,First Owner,12.0,45.289855072463766,Maruti
Hyundai Creta 1.6 SX Automatic,2017.0,1035000.0,23000.0,Petrol,Dealer,Automatic,First Owner,9.0,45.0,Hyundai
Mahindra Xylo D4,2017.0,600000.0,99700.0,Diesel,Individual,Manual,First Owner,9.0,6.018054162487462,Mahindra
Toyota Fortuner 2.8 4WD AT BSIV,2019.0,3100000.0,5000.0,Diesel,Individual,Automatic,First Owner,7.0,620.0,Toyota
Honda City i-DTEC SV,2014.0,650000.0,49654.0,Diesel,Dealer,Manual,First Owner,12.0,13.090586861078664,Honda
Hyundai Grand i10 Asta,2016.0,550000.0,45457.0,Petrol,Dealer,Manual,First Owner,10.0,12.099346635281695,Hyundai
Hyundai Creta 1.6 CRDi SX,2017.0,1260000.0,39221.0,Diesel,Dealer,Manual,First Owner,9.0,32.12564697483491,Hyundai
Hyundai i20 Sportz 1.2,2014.0,660000.0,48220.0,Petrol,Dealer,Manual,First Owner,12.0,13.68726669431771,Hyundai
Hyundai i20 Sportz 1.2,2017.0,700000.0,11114.0,Petrol,Dealer,Manual,First Owner,9.0,62.983624257693,Hyundai
Hyundai Getz 1.5 CRDi GVS,2008.0,235000.0,60208.0,Diesel,Dealer,Manual,First Owner,18.0,3.9031357959075206,Hyundai
Volkswagen Vento 1.5 TDI Highline,2013.0,475000.0,80000.0,Diesel,Dealer,Manual,First Owner,13.0,5.9375,Volkswagen
Mercedes-Benz E-Class 280 CDI Elegance,2008.0,795000.0,98600.0,Diesel,Dealer,Automatic,First Owner,18.0,8.062880324543611,Mercedes-Benz
Audi RS7 2015-2019 Sportback Performance,2014.0,8900000.0,60000.0,Petrol,Dealer,Automatic,First Owner,12.0,148.33333333333334,Audi
Audi Q5 3.0 TDI Quattro Technology,2015.0,3200000.0,30000.0,Diesel,Dealer,Automatic,First Owner,11.0,106.66666666666667,Audi
Unknown,2019.0,1860000.0,18000.0,Petrol,Individual,Automatic,First Owner,7.0,103.33333333333333,Unknown
Land Rover Range Rover 4.4 Diesel LWB Vogue SE,2010.0,4200000.0,100000.0,Diesel,Dealer,Automatic,First Owner,16.0,42.0,Land
Honda City VX CVT,2015.0,850000.0,60000.0,Petrol,Dealer,Automatic,First Owner,11.0,14.166666666666666,Honda
Mahindra Xylo D4,2017.0,585000.0,85441.0,Petrol,Individual,Manual,First Owner,9.0,6.846829976240914,Mahindra
Mahindra Verito 1.5 D4 BSIV,2015.0,380000.0,64541.0,Diesel,Dealer,Manual,First Owner,11.0,5.8877302799770685,Mahindra
Maruti Swift Dzire VDI,2019.0,650000.0,35000.0,Diesel,Individual,Manual,First Owner,7.0,18.571428571428573,Maruti
Nissan Micra Active XV,2017.0,434999.0,16267.0,Petrol,Dealer,Manual,First Owner,9.0,26.74119382799533,Nissan
Volkswagen Vento 1.5 TDI Highline,2013.0,525000.0,71500.0,Petrol,Dealer,Manual,First Owner,13.0,7.3426573426573425,Volkswagen
BMW 5 Series 520d Luxury Line,2019.0,4800000.0,12999.0,Diesel,Dealer,Automatic,First Owner,7.0,369.2591737825987,BMW
Chevrolet Aveo U-VA 1.2 LS,2008.0,160000.0,80000.0,Petrol,Individual,Manual,First Owner,18.0,2.0,Chevrolet
Maruti Zen Estilo 1.1 LXI BSIII,2007.0,160000.0,90000.0,Petrol,Individual,Manual,Second Owner,19.0,1.7777777777777777,Maruti
Mahindra Bolero Power Plus Plus AC BSIV PS,2015.0,350000.0,60000.0,Diesel,Individual,Manual,First Owner,11.0,5.833333333333333,Mahindra
Hyundai Creta 1.6 VTVT S,2017.0,900000.0,14700.0,Petrol,Individual,Manual,First Owner,9.0,61.224489795918366,Hyundai
Maruti Alto LX,2000.0,61000.0,60000.0,Petrol,Individual,Manual,Second Owner,26.0,1.0166666666666666,Maruti
Maruti Wagon R LXI BS IV,2017.0,400000.0,50000.0,Petrol,Individual,Manual,First Owner,9.0,8.0,Maruti
Hyundai Santro Xing XS,2009.0,150000.0,100000.0,Petrol,Individual,Manual,Second Owner,17.0,1.5,Hyundai
Volkswagen Polo GT 1.0 TSI,2019.0,950000.0,24000.0,Petrol,Individual,Automatic,First Owner,7.0,39.583333333333336,Volkswagen
Hyundai Getz GLX,2007.0,110000.0,60000.0,Petrol,Individual,Manual,First Owner,19.0,1.8333333333333333,Hyundai
Tata Bolt Revotron XM,2015.0,375000.0,30000.0,Petrol,Individual,Manual,First Owner,11.0,12.5,Tata
Datsun GO Plus T Option,2017.0,350000.0,80000.0,Petrol,Individual,Manual,First Owner,9.0,4.375,Datsun
Hyundai i20 Magna 1.4 CRDi (Diesel),2012.0,310000.0,92686.0,Diesel,Dealer,Manual,Second Owner,14.0,3.344625941350366,Hyundai
Tata Indica GLS BS IV,2010.0,90000.0,300000.0,Petrol,Individual,Manual,Third Owner,16.0,0.3,Tata
Volkswagen Vento Petrol Highline,2011.0,350000.0,90000.0,Petrol,Individual,Manual,Second Owner,15.0,3.888888888888889,Volkswagen
Hyundai Santro LS zipPlus,2003.0,100000.0,60000.0,Petrol,Individual,Manual,First Owner,23.0,1.6666666666666667,Hyundai
Mahindra XUV500 AT W6 2WD,2017.0,1300000.0,40000.0,Diesel,Individual,Automatic,First Owner,9.0,32.5,Mahindra
Maruti Wagon R LXI,2014.0,70000.0,90000.0,Petrol,Individual,Manual,Fourth & Above Owner,12.0,0.7777777777777778,Maruti
Maruti Swift VXI,2019.0,550000.0,51000.0,Petrol,Individual,Manual,First Owner,7.0,10.784313725490197,Maruti
Hyundai EON Era Plus Sports Edition,2014.0,280000.0,60000.0,Petrol,Individual,Manual,First Owner,12.0,4.666666666666667,Hyundai
Hyundai EON Magna Plus,2018.0,360000.0,6000.0,Petrol,Individual,Manual,First Owner,8.0,60.0,Hyundai
Unknown,2011.0,150000.0,40000.0,Petrol,Individual,Manual,Second Owner,15.0,3.75,Unknown
Skoda Rapid 1.6 MPI AT Ambition BSIV,2017.0,900000.0,15000.0,Petrol,Individual,Automatic,First Owner,9.0,60.0,Skoda
Unknown,2014.0,120000.0,50000.0,Diesel,Individual,Manual,Second Owner,12.0,2.4,Unknown
Fiat Linea T Jet Emotion,2010.0,215000.0,60000.0,Petrol,Individual,Manual,Second Owner,16.0,3.5833333333333335,Fiat
Renault Scala Diesel RxL,2013.0,550000.0,38500.0,Diesel,Individual,Manual,First Owner,13.0,14.285714285714286,Renault
Tata Nexon 1.2 Revotron XZ Plus Dual Tone,2018.0,350000.0,35000.0,Petrol,Individual,Manual,First Owner,8.0,10.0,Tata
Maruti Gypsy King HT BSIV,2001.0,409999.0,49359.0,Petrol,Individual,Manual,Third Owner,25.0,8.306468931704451,Maruti
Maruti 800 AC Uniq,2005.0,65000.0,70000.0,Petrol,Individual,Manual,Second Owner,21.0,0.9285714285714286,Maruti
Maruti Wagon R LXI Minor,2008.0,200000.0,60000.0,Petrol,Individual,Manual,Second Owner,18.0,3.3333333333333335,Maruti
Maruti Wagon R VXI BS IV,2010.0,240000.0,50000.0,Petrol,Individual,Manual,Second Owner,16.0,4.8,Maruti
Toyota Innova 2.5 VX 8 STR,2012.0,800000.0,108731.0,Diesel,Individual,Manual,First Owner,14.0,7.357607306104055,Toyota
Toyota Innova 2.5 EV Diesel MS 7 Str BSIII,2010.0,400000.0,60000.0,Diesel,Individual,Manual,First Owner,16.0,6.666666666666667,Toyota
Tata Sumo Gold EX BSIII,2016.0,500000.0,60000.0,Diesel,Individual,Manual,First Owner,10.0,8.333333333333334,Tata
Mahindra Renault Logan 1.5 DLX Diesel,2014.0,150000.0,90000.0,Diesel,Individual,Manual,Third Owner,12.0,1.6666666666666667,Mahindra
Toyota Etios GD,2014.0,500000.0,140000.0,Diesel,Individual,Manual,Second Owner,12.0,3.5714285714285716,Toyota
Unknown,2014.0,320000.0,80000.0,Petrol,Individual,Manual,First Owner,12.0,4.0,Unknown
Nissan Micra Diesel XV,2013.0,300000.0,90000.0,Diesel,Individual,Manual,First Owner,13.0,3.3333333333333335,Nissan
Renault Lodgy Stepway 85PS RXZ 8S,2017.0,650000.0,40000.0,Diesel,Individual,Manual,First Owner,9.0,16.25,Renault
Maruti Alto 800 LXI,2018.0,285000.0,14000.0,Petrol,Individual,Manual,First Owner,8.0,20.357142857142858,Maruti
Tata Aria Pleasure 4x2,2012.0,360000.0,70000.0,Diesel,Individual,Manual,Second Owner,14.0,5.142857142857143,Tata
Honda Accord 2.4 MT,2009.0,450000.0,55000.0,Petrol,Individual,Manual,Second Owner,17.0,8.181818181818182,Honda
Maruti Alto LXi,2011.0,350000.0,60000.0,Petrol,Individual,Manual,Third Owner,15.0,5.833333333333333,Maruti
Chevrolet Cruze LT,2014.0,350000.0,74000.0,Diesel,Individual,Manual,First Owner,12.0,4.72972972972973,Chevrolet
Ford Figo Aspire 1.5 TDCi Titanium,2020.0,530000.0,45000.0,Diesel,Dealer,Manual,First Owner,6.0,11.777777777777779,Ford
Honda City i-DTEC ZX,2017.0,1025000.0,38000.0,Diesel,Dealer,Manual,First Owner,9.0,26.973684210526315,Honda
Honda BR-V i-DTEC VX MT,2017.0,950000.0,24000.0,Diesel,Dealer,Manual,First Owner,9.0,39.583333333333336,Honda
Honda WR-V i-VTEC VX,2017.0,725000.0,29976.0,Petrol,Dealer,Manual,First Owner,9.0,24.186015479049907,Honda
Honda City i VTEC VX,2017.0,919999.0,41000.0,Petrol,Dealer,Manual,First Owner,9.0,22.439,Honda
Honda Jazz 1.5 V i DTEC,2018.0,700000.0,15000.0,Diesel,Individual,Manual,First Owner,8.0,46.666666666666664,Honda
Honda Jazz 1.5 VX i DTEC,2014.0,725000.0,36000.0,Diesel,Dealer,Manual,First Owner,12.0,20.13888888888889,Honda
Honda BR-V i-VTEC VX MT,2017.0,840000.0,30646.0,Petrol,Dealer,Manual,First Owner,9.0,27.409776153494747,Honda
Maruti Wagon R VXI BS IV,2015.0,365000.0,23600.0,Petrol,Dealer,Manual,First Owner,11.0,15.466101694915254,Maruti
Honda City i DTEC SV,2014.0,665000.0,71318.0,Diesel,Dealer,Manual,First Owner,12.0,9.32443422417903,Honda
Maruti 800 Std,2003.0,50000.0,78098.0,Petrol,Individual,Manual,First Owner,23.0,0.6402212604676176,Maruti
Hyundai EON Era Plus,2014.0,225000.0,30000.0,Petrol,Individual,Manual,First Owner,12.0,7.5,Hyundai
Unknown,2012.0,229999.0,45000.0,Petrol,Individual,Manual,Second Owner,14.0,5.111088888888889,Unknown
Hyundai Santro Xing GL,2008.0,145000.0,67000.0,Petrol,Individual,Manual,First Owner,18.0,2.1641791044776117,Hyundai
Ford Figo Aspire Facelift,2014.0,624000.0,14681.0,Diesel,Dealer,Manual,First Owner,12.0,42.50391662693277,Ford
Ford EcoSport 1.5 Ti VCT MT Titanium BSIV,2017.0,750000.0,18054.0,Petrol,Dealer,Manual,First Owner,9.0,41.54204054503157,Ford
Unknown,2015.0,785000.0,40000.0,Diesel,Individual,Manual,First Owner,11.0,19.625,Unknown
Hyundai i10 Sportz,2011.0,350000.0,30000.0,Petrol,Individual,Manual,First Owner,15.0,11.666666666666666,Hyundai
Hyundai Xcent 1.1 CRDi Base,2017.0,350000.0,80000.0,Diesel,Individual,Manual,First Owner,9.0,4.375,Hyundai
Hyundai i20 Asta 1.4 CRDi,2016.0,680000.0,20000.0,Diesel,Individual,Manual,First Owner,10.0,34.0,Hyundai
Mahindra TUV 300 T8,2016.0,700000.0,40000.0,Diesel,Individual,Manual,First Owner,10.0,17.5,Mahindra
Tata Indigo CS eLS BS IV,2011.0,180000.0,120000.0,Diesel,Individual,Manual,First Owner,15.0,1.5,Tata
Ford Fiesta 1.4 SXi TDCi ABS,2008.0,270000.0,120000.0,Diesel,Individual,Manual,Second Owner,18.0,2.25,Ford
Maruti Swift Dzire VXi,2010.0,370000.0,97000.0,Petrol,Individual,Manual,Second Owner,16.0,3.814432989690722,Maruti
Unknown,2014.0,1100000.0,70000.0,Diesel,Individual,Manual,First Owner,12.0,15.714285714285714,Unknown
Unknown,2004.0,120000.0,120000.0,Diesel,Individual,Manual,Second Owner,22.0,1.0,Unknown
Skoda Rapid 1.6 TDI PRESTIGE,2013.0,430000.0,88000.0,Diesel,Individual,Manual,First Owner,13.0,4.886363636363637,Skoda
Maruti Swift ZDi,2014.0,550000.0,38406.0,Diesel,Dealer,Manual,First Owner,12.0,14.320679060563453,Maruti
Unknown,2014.0,320000.0,54350.0,Petrol,Dealer,Manual,First Owner,12.0,5.887764489420423,Unknown
Maruti Wagon R VXI BS IV,2015.0,390000.0,32260.0,Petrol,Dealer,Manual,First Owner,11.0,12.089274643521389,Maruti
Unknown,2014.0,550000.0,58231.0,Diesel,Dealer,Manual,First Owner,12.0,9.445140904329309,Unknown
Maruti Swift VXI,2012.0,370000.0,60000.0,Petrol,Dealer,Manual,First Owner,14.0,6.166666666666667,Maruti
Maruti Alto LXi BSIII,2010.0,190000.0,73350.0,Petrol,Dealer,Manual,First Owner,16.0,2.590320381731425,Maruti
Unknown,2013.0,509999.0,88473.0,Diesel,Dealer,Manual,First Owner,13.0,5.764459213545376,Unknown
Honda City S,2013.0,450000.0,96987.0,Petrol,Dealer,Manual,First Owner,13.0,4.63979708620743,Honda
Mercedes-Benz GLS 2016-2020 350d 4MATIC,2016.0,5500000.0,77350.0,Diesel,Dealer,Automatic,First Owner,10.0,71.10536522301229,Mercedes-Benz
Maruti Swift Dzire VDI,2015.0,550000.0,61187.0,Diesel,Dealer,Manual,First Owner,11.0,8.988837498161374,Maruti
Mahindra Xylo E6,2009.0,400000.0,68350.0,Diesel,Individual,Manual,First Owner,17.0,5.852231163130944,Mahindra
Ford EcoSport 1.5 TDCi Titanium BSIV,2014.0,585000.0,81150.0,Diesel,Dealer,Manual,First Owner,12.0,7.208872458410351,Ford
Hyundai Grand i10 1.2 Kappa Asta,2019.0,500000.0,30000.0,Petrol,Individual,Manual,First Owner,7.0,16.666666666666668,Hyundai
Maruti Ciaz ZXi,2015.0,800000.0,30000.0,Petrol,Individual,Manual,First Owner,11.0,26.666666666666668,Maruti
Maruti Swift Vdi BSIII,2009.0,265000.0,120000.0,Diesel,Individual,Manual,Second Owner,17.0,2.2083333333333335,Maruti
Ford Figo Diesel Titanium,2012.0,175000.0,180000.0,Diesel,Individual,Manual,First Owner,14.0,0.9722222222222222,Ford
Fiat Palio 1.2 Sport,2007.0,350000.0,50000.0,Petrol,Individual,Manual,Second Owner,19.0,7.0,Fiat
Unknown,2010.0,165000.0,80000.0,Petrol,Individual,Manual,First Owner,16.0,2.0625,Unknown
Mahindra Verito 1.5 D2 BSIII,2011.0,150000.0,280000.0,Diesel,Individual,Manual,First Owner,15.0,0.5357142857142857,Mahindra
Hyundai Creta 1.6 CRDi SX Option,2015.0,1025000.0,90000.0,Diesel,Individual,Manual,Second Owner,11.0,11.38888888888889,Hyundai
Toyota Innova 2.5 VX (Diesel) 8 Seater,2014.0,1030000.0,250000.0,Diesel,Individual,Manual,Second Owner,12.0,4.12,Toyota
Chevrolet Cruze LT,2012.0,380000.0,90000.0,Diesel,Individual,Manual,First Owner,14.0,4.222222222222222,Chevrolet
Maruti Swift Dzire LDi,2010.0,250000.0,110000.0,Diesel,Individual,Manual,Third Owner,16.0,2.272727272727273,Maruti
Maruti Zen LX,2014.0,85000.0,60000.0,Petrol,Individual,Manual,Second Owner,12.0,1.4166666666666667,Maruti
Fiat Punto EVO 1.3 Dynamic,2016.0,500000.0,35000.0,Diesel,Individual,Manual,First Owner,10.0,14.285714285714286,Fiat
Hyundai EON Era Plus,2018.0,350000.0,15000.0,Petrol,Individual,Manual,First Owner,8.0,23.333333333333332,Hyundai
Maruti Alto LXi BSIII,2010.0,190000.0,52000.0,Petrol,Individual,Manual,Second Owner,16.0,3.6538461538461537,Maruti
Volkswagen Jetta 1.9 TDI Trendline,2009.0,940000.0,140000.0,Diesel,Individual,Manual,First Owner,17.0,6.714285714285714,Volkswagen
Maruti Swift VXI,2013.0,475000.0,60000.0,Petrol,Individual,Manual,Second Owner,13.0,7.916666666666667,Maruti
Maruti Alto 800 LXI,2018.0,300000.0,17000.0,Petrol,Individual,Manual,First Owner,8.0,17.647058823529413,Maruti
Chevrolet Beat LS,2016.0,250000.0,70000.0,Petrol,Individual,Manual,Third Owner,10.0,3.5714285714285716,Chevrolet
Maruti Zen LX,2001.0,93000.0,97000.0,Petrol,Individual,Manual,Fourth & Above Owner,25.0,0.9587628865979382,Maruti
Unknown,2012.0,350000.0,125000.0,Diesel,Individual,Manual,Second Owner,14.0,2.8,Unknown
Tata Indica GLS BS IV,2010.0,75000.0,300000.0,Petrol,Individual,Manual,First Owner,16.0,0.25,Tata
Mahindra XUV500 W8 2WD,2015.0,1000000.0,120000.0,Diesel,Individual,Manual,Second Owner,11.0,8.333333333333334,Mahindra
Hyundai i20 Asta 1.4 CRDi,2015.0,550000.0,87000.0,Diesel,Individual,Manual,First Owner,11.0,6.32183908045977,Hyundai
Fiat Punto 1.3 Emotion,2010.0,285000.0,75000.0,Diesel,Individual,Manual,First Owner,16.0,3.8,Fiat
Chevrolet Sail 1.2 Base,2015.0,260000.0,60000.0,Petrol,Individual,Manual,First Owner,11.0,4.333333333333333,Chevrolet
Tata New Safari 4X2,2007.0,550000.0,80000.0,Petrol,Individual,Manual,Second Owner,19.0,6.875,Tata
Chevrolet Sail Hatchback LT ABS,2014.0,225000.0,80000.0,Diesel,Individual,Manual,First Owner,12.0,2.8125,Chevrolet
Unknown,2018.0,930000.0,20000.0,Diesel,Individual,Manual,First Owner,8.0,46.5,Unknown
Unknown,2019.0,550000.0,51000.0,Petrol,Individual,Manual,First Owner,7.0,10.784313725490197,Unknown
Maruti Alto LX BSIII,2014.0,85000.0,120000.0,Petrol,Individual,Manual,Second Owner,12.0,0.7083333333333334,Maruti
Hyundai EON Era Plus Sports Edition,2014.0,280000.0,55000.0,Petrol,Individual,Manual,First Owner,12.0,5.090909090909091,Hyundai
Maruti Alto LXi,2011.0,150000.0,40000.0,Petrol,Individual,Manual,Second Owner,15.0,3.75,Maruti
Ambassador CLASSIC 1500 DSL AC,2005.0,120000.0,50000.0,Diesel,Individual,Manual,Second Owner,21.0,2.4,Ambassador
Fiat Linea T Jet Emotion,2010.0,215000.0,90000.0,Petrol,Individual,Manual,Second Owner,16.0,2.388888888888889,Fiat
Renault Scala Diesel RxL,2014.0,550000.0,38500.0,Diesel,Individual,Manual,First Owner,12.0,14.285714285714286,Renault
Tata Nexon 1.2 Revotron XZ Plus Dual Tone,2018.0,775000.0,35000.0,Petrol,Individual,Manual,First Owner,8.0,22.142857142857142,Tata
Maruti Gypsy King HT BSIV,2001.0,409999.0,49359.0,Petrol,Individual,Manual,First Owner,25.0,8.306468931704451,Maruti
Maruti 800 AC Uniq,2005.0,65000.0,70000.0,Petrol,Individual,Manual,First Owner,21.0,0.9285714285714286,Maruti
Maruti Wagon R LXI Minor,2008.0,200000.0,90000.0,Petrol,Individual,Manual,Second Owner,18.0,2.2222222222222223,Maruti
Toyota Innova 2.5 EV Diesel MS 7 Str BSIII,2010.0,400000.0,120000.0,Diesel,Individual,Manual,First Owner,16.0,3.3333333333333335,Toyota
Maruti Wagon R VXI BSIII,2012.0,229999.0,40000.0,Petrol,Individual,Manual,Second Owner,14.0,5.749975,Maruti
Ford Ecosport 1.5 DV5 MT Titanium,2014.0,580000.0,120000.0,Petrol,Individual,Manual,First Owner,12.0,4.833333333333333,Ford
Toyota Corolla H2,2005.0,175000.0,100000.0,Petrol,Individual,Manual,Fourth & Above Owner,21.0,1.75,Toyota
Maruti Ritz VDi,2012.0,250000.0,110000.0,Diesel,Individual,Manual,Fourth & Above Owner,14.0,2.272727272727273,Maruti
Hyundai EON Magna Plus,2014.0,320000.0,80000.0,Petrol,Individual,Manual,First Owner,12.0,4.0,Hyundai
Nissan Micra Diesel XV,2013.0,300000.0,90000.0,Petrol,Individual,Manual,First Owner,13.0,3.3333333333333335,Nissan
Hyundai Verna SX AT Diesel,2009.0,245000.0,60000.0,Diesel,Dealer,Automatic,First Owner,17.0,4.083333333333333,Hyundai
Maruti Zen LX - BS III,2006.0,70000.0,105700.0,Petrol,Individual,Manual,First Owner,20.0,0.6622516556291391,Maruti
Maruti Celerio VXI Optional,2014.0,430999.0,14000.0,Petrol,Dealer,Manual,First Owner,12.0,30.785642857142857,Maruti
Chevrolet Spark 1.0,2010.0,80000.0,70000.0,Petrol,Individual,Manual,First Owner,16.0,1.1428571428571428,Chevrolet
Maruti Alto 800 LXI Optional,2019.0,350000.0,28000.0,Petrol,Dealer,Manual,First Owner,7.0,12.5,Maruti
Maruti Eeco 7 Seater Standard BSIV,2017.0,350000.0,51000.0,Petrol,Dealer,Manual,First Owner,9.0,6.862745098039215,Maruti
Maruti Alto 800 LXI Opt BSIV,2018.0,315000.0,56000.0,Petrol,Dealer,Manual,First Owner,8.0,5.625,Maruti
Volkswagen Vento 1.5 TDI Highline Plus AT BSIV,2019.0,1100000.0,35000.0,Diesel,Individual,Automatic,First Owner,7.0,31.428571428571427,Volkswagen
Maruti Esteem Lxi - BSIII,2005.0,80000.0,60000.0,Petrol,Individual,Manual,First Owner,21.0,1.3333333333333333,Maruti
Maruti Alto K10 VXI Optional,2014.0,285000.0,64000.0,Petrol,Dealer,Manual,Second Owner,12.0,4.453125,Maruti
Tata Indigo TDI,2009.0,100000.0,120000.0,Diesel,Individual,Manual,Third Owner,17.0,0.8333333333333334,Tata
Maruti Alto LXi,2011.0,225000.0,37091.0,Petrol,Individual,Manual,First Owner,15.0,6.066161602545092,Maruti
Volvo XC 90 D5 Inscription BSIV,2017.0,4500000.0,80000.0,Diesel,Individual,Automatic,First Owner,9.0,56.25,Volvo
Maruti Alto K10 VXI,2018.0,320000.0,38900.0,Petrol,Individual,Manual,Third Owner,8.0,8.226221079691516,Maruti
Hyundai Creta 1.6 CRDi SX Plus,2016.0,1249000.0,60000.0,Diesel,Individual,Manual,First Owner,10.0,20.816666666666666,Hyundai
Maruti Wagon R LXI Minor,2008.0,120000.0,110000.0,Petrol,Individual,Manual,First Owner,18.0,1.0909090909090908,Maruti
Volkswagen Vento Diesel Trendline,2011.0,200000.0,100000.0,Diesel,Individual,Manual,Second Owner,15.0,2.0,Volkswagen
Hyundai Creta 1.6 CRDi SX,2016.0,1151000.0,85000.0,Diesel,Individual,Manual,First Owner,10.0,13.541176470588235,Hyundai
Tata Indica Vista Quadrajet LS,2012.0,120000.0,140000.0,Diesel,Individual,Manual,First Owner,14.0,0.8571428571428571,Tata
Renault KWID RXT,2017.0,220000.0,20000.0,Petrol,Individual,Manual,First Owner,9.0,11.0,Renault
Unknown,2017.0,750000.0,15000.0,Petrol,Individual,Manual,First Owner,9.0,50.0,Unknown
Mahindra TUV 300 T10 Dual Tone,2018.0,784000.0,40000.0,Petrol,Individual,Manual,First Owner,8.0,19.6,Mahindra
Unknown,2017.0,500000.0,50000.0,Petrol,Individual,Manual,First Owner,9.0,10.0,Unknown
Hyundai EON Era Plus,2018.0,350000.0,20000.0,Petrol,Individual,Manual,First Owner,8.0,17.5,Hyundai
Mahindra XUV500 W7 AT BSIV,2018.0,1400000.0,50000.0,Diesel,Individual,Automatic,First Owner,8.0,28.0,Mahindra
Mahindra Thar CRDe AC,2014.0,600000.0,100000.0,Diesel,Individual,Manual,First Owner,12.0,6.0,Mahindra
Hyundai Grand i10 1.2 Kappa Magna BSIV,2019.0,525000.0,9400.0,Petrol,Individual,Manual,First Owner,7.0,55.851063829787236,Hyundai
Ford EcoSport 1.5 Diesel Titanium Plus BSIV,2017.0,930000.0,12000.0,Diesel,Individual,Manual,First Owner,9.0,77.5,Ford
Maruti Eeco 5 STR With AC Plus HTR CNG,2017.0,440000.0,14100.0,CNG,Dealer,Manual,First Owner,9.0,31.20567375886525,Maruti
Maruti Celerio ZXI,2016.0,434999.0,21000.0,Petrol,Dealer,Manual,First Owner,10.0,20.714238095238095,Maruti
Hyundai i10 Magna,2011.0,250000.0,28000.0,Petrol,Dealer,Manual,First Owner,15.0,8.928571428571429,Hyundai
Maruti Ertiga SHVS ZDI Plus,2014.0,940000.0,35000.0,Diesel,Dealer,Manual,First Owner,12.0,26.857142857142858,Maruti
Hyundai Verna 1.6 CRDi AT SX,2017.0,1050000.0,31000.0,Diesel,Dealer,Automatic,First Owner,9.0,33.87096774193548,Hyundai
Maruti Ertiga SHVS ZDI,2016.0,825000.0,58000.0,Diesel,Dealer,Manual,First Owner,10.0,14.224137931034482,Maruti
Maruti Wagon R VXI Minor,2012.0,229999.0,25000.0,Petrol,Individual,Manual,First Owner,14.0,9.19996,Maruti
Hyundai i20 1.2 Asta,2011.0,350000.0,72000.0,Petrol,Dealer,Manual,First Owner,15.0,4.861111111111111,Hyundai
Maruti Ertiga ZDI,2013.0,640000.0,89000.0,Diesel,Dealer,Manual,First Owner,13.0,7.191011235955056,Maruti
Toyota Innova 2.5 V Diesel 8-seater,2012.0,800000.0,160000.0,Diesel,Dealer,Manual,First Owner,14.0,5.0,Toyota
Ford Figo Petrol ZXI,2012.0,350000.0,30000.0,Petrol,Individual,Manual,Third Owner,14.0,11.666666666666666,Ford
Hyundai i10 Sportz 1.1L,2014.0,300000.0,37555.0,Petrol,Dealer,Manual,First Owner,12.0,7.988283850352816,Hyundai
Maruti Wagon R VXI BS IV,2014.0,440000.0,14000.0,Petrol,Individual,Manual,First Owner,12.0,31.428571428571427,Maruti
Maruti Ertiga VXI CNG,2014.0,595000.0,56600.0,CNG,Dealer,Manual,First Owner,12.0,10.512367491166078,Maruti
Mahindra Scorpio EX,2013.0,450000.0,110000.0,Diesel,Individual,Manual,First Owner,13.0,4.090909090909091,Mahindra
Maruti Vitara Brezza VDi Option,2017.0,690000.0,50000.0,Diesel,Individual,Manual,First Owner,9.0,13.8,Maruti
Maruti Alto 800 VXI,2019.0,300000.0,60000.0,Petrol,Individual,Manual,First Owner,7.0,5.0,Maruti
Chevrolet Sail 1.2 Base,2014.0,170000.0,100000.0,Petrol,Individual,Manual,Second Owner,12.0,1.7,Chevrolet
Toyota Etios Liva GD SP,2012.0,280000.0,120000.0,Petrol,Individual,Manual,First Owner,14.0,2.3333333333333335,Toyota
Maruti Swift VXI BSIII,2009.0,220000.0,67580.0,Petrol,Individual,Manual,Second Owner,17.0,3.2554010062148566,Maruti
Hyundai Santro Xing GLS,2014.0,140000.0,100000.0,Petrol,Individual,Manual,Third Owner,12.0,1.4,Hyundai
Maruti Esteem Lxi,2004.0,45000.0,60000.0,Petrol,Individual,Manual,First Owner,22.0,0.75,Maruti
Unknown,2014.0,200000.0,125000.0,Diesel,Individual,Manual,Second Owner,12.0,1.6,Unknown
Mahindra Scorpio 2.6 Turbo 7 Str,2008.0,325000.0,120000.0,Diesel,Individual,Manual,Second Owner,18.0,2.7083333333333335,Mahindra
Hyundai Verna CRDi SX,2010.0,300000.0,130000.0,Diesel,Individual,Manual,Second Owner,16.0,2.3076923076923075,Hyundai
Maruti 800 AC,2009.0,120000.0,250000.0,Petrol,Individual,Manual,Second Owner,17.0,0.48,Maruti
Unknown,2016.0,535000.0,52600.0,Diesel,Individual,Manual,First Owner,10.0,10.171102661596958,Unknown
Honda City i DTEC S,2014.0,520000.0,82000.0,Diesel,Individual,Manual,First Owner,12.0,6.341463414634147,Honda
Mahindra Verito Vibe 1.5 dCi D6,2014.0,280000.0,40000.0,Diesel,Individual,Manual,First Owner,12.0,7.0,Mahindra
Nissan Sunny XL D,2013.0,225000.0,78000.0,Diesel,Dealer,Manual,First Owner,13.0,2.8846153846153846,Nissan
Ford EcoSport 1.5 Petrol Titanium Plus AT BSIV,2015.0,350000.0,48238.0,Petrol,Trustmark Dealer,Automatic,First Owner,11.0,7.255690534433434,Ford
Hyundai i20 1.2 Magna Executive,2016.0,535000.0,38365.0,Petrol,Dealer,Manual,First Owner,10.0,13.945001954906816,Hyundai
Unknown,2016.0,1250000.0,23670.0,Diesel,Trustmark Dealer,Manual,First Owner,10.0,52.80946345585129,Unknown
Maruti Baleno Zeta 1.2,2014.0,650000.0,49834.0,Petrol,Trustmark Dealer,Manual,First Owner,12.0,13.043303768511459,Maruti
Honda Brio S MT,2013.0,295000.0,57353.0,Petrol,Trustmark Dealer,Manual,First Owner,13.0,5.143584468118494,Honda
Unknown,2015.0,480000.0,68308.0,Diesel,Trustmark Dealer,Manual,First Owner,11.0,7.026995373894712,Unknown
Honda City i DTEC SV,2015.0,575000.0,63240.0,Diesel,Trustmark Dealer,Manual,First Owner,11.0,9.09234661606578,Honda
Mahindra Scorpio 1.99 S4,2016.0,509999.0,60000.0,Diesel,Individual,Manual,First Owner,10.0,8.499983333333333,Mahindra
Toyota Innova 2.5 GX 8 STR BSIV,2012.0,449000.0,90000.0,Diesel,Individual,Manual,First Owner,14.0,4.988888888888889,Toyota
Tata Harrier XE,2020.0,426000.0,1000.0,Diesel,Individual,Manual,First Owner,6.0,426.0,Tata
Ford Ecosport 1.5 Petrol Ambiente,2017.0,350000.0,6000.0,Petrol,Individual,Manual,First Owner,9.0,58.333333333333336,Ford
Unknown,2017.0,260000.0,50000.0,Diesel,Individual,Manual,First Owner,9.0,5.2,Unknown
Mahindra Bolero Power Plus Plus AC BSIV PS,2015.0,295000.0,90000.0,Diesel,Individual,Manual,Third Owner,11.0,3.2777777777777777,Mahindra
Tata Indica Vista Quadrajet LS,2012.0,120000.0,140000.0,Petrol,Individual,Manual,First Owner,14.0,0.8571428571428571,Tata
Hyundai Verna SX,2007.0,155000.0,65000.0,Petrol,Dealer,Manual,First Owner,19.0,2.3846153846153846,Hyundai
Unknown,2015.0,450000.0,38000.0,Diesel,Individual,Manual,First Owner,11.0,11.842105263157896,Unknown
Hyundai Verna i (Petrol),2007.0,123000.0,50000.0,Petrol,Individual,Manual,Second Owner,19.0,2.46,Hyundai
Maruti Ciaz ZXi,2016.0,350000.0,30000.0,Petrol,Dealer,Manual,First Owner,10.0,11.666666666666666,Maruti
Tata Indigo CR4,2012.0,350000.0,120000.0,Diesel,Individual,Manual,First Owner,14.0,2.9166666666666665,Tata
Hyundai i10 Magna,2012.0,240000.0,40000.0,Petrol,Dealer,Manual,First Owner,14.0,6.0,Hyundai
Maruti Swift 1.3 VXi,2009.0,199000.0,52536.0,Petrol,Individual,Manual,First Owner,17.0,3.787878787878788,Maruti
Unknown,2014.0,330000.0,100000.0,Diesel,Individual,Manual,Second Owner,12.0,3.3,Unknown
Maruti Ritz VXI,2009.0,150000.0,80000.0,Petrol,Individual,Manual,First Owner,17.0,1.875,Maruti
Hyundai Creta 1.6 CRDi SX,2016.0,927999.0,90000.0,Diesel,Individual,Manual,First Owner,10.0,10.3111,Hyundai
Maruti Zen LXI,2003.0,70000.0,60000.0,Petrol,Individual,Manual,Fourth & Above Owner,23.0,1.1666666666666667,Maruti
Hyundai Xcent 1.2 CRDi SX,2015.0,350000.0,55000.0,Diesel,Dealer,Manual,First Owner,11.0,6.363636363636363,Hyundai
Maruti Swift VDI Optional,2015.0,350000.0,90000.0,Diesel,Individual,Manual,First Owner,11.0,3.888888888888889,Maruti
Unknown,2006.0,125000.0,50000.0,Diesel,Individual,Manual,Second Owner,20.0,2.5,Unknown
Hyundai Santro Xing XS,2008.0,150000.0,90000.0,Petrol,Individual,Manual,Second Owner,18.0,1.6666666666666667,Hyundai
Hyundai EON Era Plus,2015.0,250000.0,25000.0,Petrol,Individual,Manual,First Owner,11.0,10.0,Hyundai
Hyundai Verna 1.6 SX CRDi (O),2014.0,675000.0,61000.0,Diesel,Dealer,Manual,First Owner,12.0,11.065573770491802,Hyundai
Maruti S-Cross Alpha DDiS 200 SH,2018.0,950000.0,30000.0,Diesel,Individual,Manual,First Owner,8.0,31.666666666666668,Maruti
Maruti Eeco 5 STR With AC Plus HTR CNG,2014.0,409999.0,45000.0,CNG,Individual,Manual,First Owner,12.0,9.111088888888888,Maruti
Fiat Linea Emotion (Diesel),2011.0,225000.0,60000.0,Diesel,Individual,Manual,First Owner,15.0,3.75,Fiat
Honda Civic 1.8 V MT,2008.0,350000.0,75000.0,Petrol,Individual,Manual,Second Owner,18.0,4.666666666666667,Honda
Tata Indica LSI,2005.0,51111.0,140000.0,Petrol,Individual,Manual,Third Owner,21.0,0.3650785714285714,Tata
Chevrolet Sail 1.3 LS,2013.0,290000.0,56000.0,Diesel,Dealer,Manual,First Owner,13.0,5.178571428571429,Chevrolet
Toyota Camry Hybrid,2006.0,310000.0,62000.0,Electric,Dealer,Automatic,Second Owner,20.0,5.0,Toyota
Hyundai Verna CRDi SX,2007.0,212000.0,58000.0,Diesel,Dealer,Manual,Second Owner,19.0,3.6551724137931036,Hyundai
Skoda Octavia Elegance 2.0 TDI AT,2013.0,350000.0,49000.0,Diesel,Individual,Automatic,Second Owner,13.0,7.142857142857143,Skoda
Chevrolet Beat Diesel LT,2011.0,221000.0,56000.0,Diesel,Dealer,Manual,Second Owner,15.0,3.9464285714285716,Chevrolet
Toyota Innova 2.5 G (Diesel) 7 Seater,2013.0,675000.0,73000.0,Diesel,Dealer,Manual,First Owner,13.0,9.246575342465754,Toyota
Honda Amaze S i-Dtech,2014.0,421000.0,69000.0,Petrol,Dealer,Manual,First Owner,12.0,6.101449275362318,Honda
Unknown,2008.0,350000.0,10000.0,Petrol,Individual,Manual,First Owner,18.0,35.0,Unknown
Hyundai Accent Executive CNG,2010.0,140000.0,60000.0,CNG,Individual,Manual,First Owner,16.0,2.3333333333333335,Hyundai
Skoda Octavia Ambiente 1.9 TDI MT,2002.0,90000.0,116000.0,Diesel,Individual,Manual,Second Owner,24.0,0.7758620689655172,Skoda
Honda City Edge Edition Diesel SV,2018.0,830000.0,60000.0,Diesel,Individual,Manual,First Owner,8.0,13.833333333333334,Honda
Unknown,2009.0,180000.0,30000.0,Petrol,Individual,Manual,First Owner,17.0,6.0,Unknown
Maruti Swift Vdi BSIII,2009.0,210000.0,109000.0,Diesel,Individual,Manual,Second Owner,17.0,1.926605504587156,Maruti
Maruti SX4 S Cross DDiS 320 Zeta,2017.0,700000.0,90000.0,Diesel,Individual,Manual,First Owner,9.0,7.777777777777778,Maruti
Tata Indigo LX,2012.0,125000.0,120000.0,Diesel,Individual,Manual,First Owner,14.0,1.0416666666666667,Tata
Hyundai Verna 1.6 VTVT S,2017.0,530000.0,64916.0,Petrol,Individual,Manual,First Owner,9.0,8.164397066978864,Hyundai
Ford Ecosport 1.5 DV5 MT Trend,2018.0,800000.0,37161.0,Diesel,Individual,Manual,First Owner,8.0,21.52794596485563,Ford
Maruti Baleno Zeta 1.2,2016.0,580000.0,15000.0,Petrol,Individual,Manual,First Owner,10.0,38.666666666666664,Maruti
Audi Q3 2.0 TDI Quattro Premium Plus,2012.0,1400000.0,118000.0,Diesel,Individual,Automatic,First Owner,14.0,11.864406779661017,Audi
Renault KWID 1.0 RXL,2018.0,300000.0,50852.0,Petrol,Individual,Manual,First Owner,8.0,5.89947298041375,Renault
Renault KWID RXT Optional,2016.0,300000.0,30000.0,Petrol,Individual,Manual,First Owner,10.0,10.0,Renault
Maruti Ciaz ZDi SHVS,2014.0,700000.0,77000.0,Diesel,Individual,Manual,First Owner,12.0,9.090909090909092,Maruti
Nissan Sunny XL,2012.0,250000.0,70000.0,Petrol,Individual,Manual,Third Owner,14.0,3.5714285714285716,Nissan
Chevrolet Tavera Neo 3 9 Str BSIII,2016.0,500000.0,60000.0,Petrol,Individual,Manual,First Owner,10.0,8.333333333333334,Chevrolet
Honda Accord 2.4 AT,2009.0,428000.0,40000.0,Petrol,Individual,Automatic,First Owner,17.0,10.7,Honda
Tata Harrier XZ BSIV,2019.0,1400000.0,33000.0,Diesel,Individual,Manual,First Owner,7.0,42.42424242424242,Tata
Hyundai EON Era Plus,2013.0,219000.0,53500.0,Petrol,Individual,Manual,Third Owner,13.0,4.093457943925234,Hyundai
Maruti Ertiga SHVS LDI,2017.0,500000.0,40000.0,Diesel,Individual,Manual,First Owner,9.0,12.5,Maruti
Honda Amaze EX i-Dtech,2013.0,325000.0,65000.0,Petrol,Dealer,Manual,First Owner,13.0,5.0,Honda
Maruti Swift VDI,2007.0,225000.0,50000.0,Diesel,Dealer,Manual,First Owner,19.0,4.5,Maruti
Maruti Wagon R LXI Minor,2007.0,140000.0,49000.0,Petrol,Individual,Manual,First Owner,19.0,2.857142857142857,Maruti
Renault KWID RXT,2014.0,275000.0,14365.0,Petrol,Dealer,Manual,First Owner,12.0,19.143752175426382,Renault
Hyundai Verna 1.6 SX,2013.0,484999.0,65000.0,Diesel,Dealer,Manual,First Owner,13.0,7.4615230769230765,Hyundai
Mahindra Scorpio VLX 2WD AIRBAG SE BSIV,2014.0,565000.0,72000.0,Diesel,Dealer,Manual,First Owner,12.0,7.847222222222222,Mahindra
Honda City 1.5 S MT,2010.0,409999.0,60000.0,Petrol,Individual,Manual,First Owner,16.0,6.833316666666667,Honda
Tata Tigor 1.2 Revotron XZ Option,2018.0,570000.0,5000.0,Petrol,Individual,Manual,First Owner,8.0,114.0,Tata
Maruti SX4 Zxi BSIII,2007.0,160000.0,80000.0,Petrol,Individual,Manual,Third Owner,19.0,2.0,Maruti
Unknown,2017.0,749000.0,51500.0,Diesel,Individual,Manual,Second Owner,9.0,14.54368932038835,Unknown
Maruti Swift Dzire VDi,2010.0,300000.0,120000.0,Diesel,Individual,Manual,Third Owner,16.0,2.5,Maruti
Ford EcoSport 1.5 Diesel Titanium Plus BSIV,2014.0,550000.0,79800.0,Diesel,Individual,Manual,First Owner,12.0,6.8922305764411025,Ford
Ford EcoSport 1.5 Diesel Titanium Plus BSIV,2015.0,550000.0,97000.0,Diesel,Dealer,Manual,Second Owner,11.0,5.670103092783505,Ford
Ford Ecosport 1.5 Diesel Titanium Plus,2019.0,1250000.0,60000.0,Diesel,Dealer,Manual,First Owner,7.0,20.833333333333332,Ford
Ford Figo Aspire 1.5 TDCi Titanium,2017.0,700000.0,49957.0,Diesel,Dealer,Manual,First Owner,9.0,14.012050363312449,Ford
Ford Figo 1.5 Sports Edition MT,2017.0,600000.0,43235.0,Diesel,Dealer,Manual,First Owner,9.0,13.877645426159361,Ford
Ford EcoSport 1.5 TDCi Titanium Plus BE BSIV,2018.0,925000.0,50699.0,Diesel,Individual,Manual,First Owner,8.0,18.244935797550248,Ford
Ford Endeavour 3.2 Titanium AT 4X4,2016.0,1800000.0,126000.0,Diesel,Dealer,Automatic,First Owner,10.0,14.285714285714286,Ford
Ford Figo Aspire 1.5 TDCi Titanium Plus,2015.0,459999.0,140730.0,Diesel,Dealer,Manual,Second Owner,11.0,3.268663397996163,Ford
Hyundai i20 Active 1.2 SX,2015.0,565000.0,46000.0,Petrol,Individual,Manual,First Owner,11.0,12.282608695652174,Hyundai
Hyundai EON Era Plus,2013.0,170000.0,80000.0,Petrol,Individual,Manual,Third Owner,13.0,2.125,Hyundai
Toyota Qualis FS B3,2001.0,150000.0,256000.0,Diesel,Dealer,Manual,First Owner,25.0,0.5859375,Toyota
Unknown,2008.0,295000.0,120000.0,Diesel,Individual,Manual,First Owner,18.0,2.4583333333333335,Unknown
Hyundai i20 Active 1.4 SX,2018.0,819999.0,40000.0,Diesel,Individual,Manual,First Owner,8.0,20.499975,Hyundai
Hyundai Elite i20 Diesel Asta Option,2019.0,819999.0,40000.0,Petrol,Individual,Manual,First Owner,7.0,20.499975,Hyundai
Maruti Ritz VXi,2015.0,320000.0,40000.0,Petrol,Individual,Manual,First Owner,11.0,8.0,Maruti
Ford Ecosport 1.5 DV5 MT Titanium,2015.0,550000.0,135000.0,Petrol,Individual,Manual,Second Owner,11.0,4.074074074074074,Ford
Mahindra Bolero 2011-2019 SLX,2015.0,550000.0,50000.0,Diesel,Individual,Manual,First Owner,11.0,11.0,Mahindra
Volkswagen Ameo 1.5 TDI Comfortline,2017.0,590000.0,98000.0,Diesel,Individual,Manual,First Owner,9.0,6.020408163265306,Volkswagen
Unknown,2014.0,1050000.0,70000.0,Diesel,Individual,Manual,First Owner,12.0,15.0,Unknown
Honda City i DTec V,2017.0,950000.0,50000.0,Diesel,Individual,Manual,First Owner,9.0,19.0,Honda
Honda City i-DTEC VX,2017.0,1000000.0,60000.0,Diesel,Individual,Manual,First Owner,9.0,16.666666666666668,Honda
Nissan Terrano XE 85 PS,2013.0,350000.0,120000.0,Diesel,Individual,Manual,First Owner,13.0,2.9166666666666665,Nissan
Fiat Punto EVO 1.3 Emotion,2017.0,450000.0,70000.0,Diesel,Individual,Manual,First Owner,9.0,6.428571428571429,Fiat
Maruti Swift Dzire VDI Optional,2017.0,720000.0,35000.0,Diesel,Individual,Manual,First Owner,9.0,20.571428571428573,Maruti
Maruti Celerio VDi,2015.0,350000.0,70000.0,Diesel,Individual,Manual,Second Owner,11.0,5.0,Maruti
Mahindra Thar 4X2,2014.0,500000.0,35000.0,Diesel,Individual,Manual,First Owner,12.0,14.285714285714286,Mahindra
Toyota Fortuner 2.7 2WD AT,2016.0,2500000.0,70000.0,Petrol,Individual,Automatic,Second Owner,10.0,35.714285714285715,Toyota
Hyundai i20 1.4 Asta Option,2017.0,780000.0,50000.0,Petrol,Individual,Manual,First Owner,9.0,15.6,Hyundai
Maruti Swift Dzire ZDI,2015.0,484999.0,60000.0,Diesel,Individual,Manual,Second Owner,11.0,8.083316666666667,Maruti
Volkswagen Vento Diesel Highline,2012.0,420000.0,90000.0,Diesel,Individual,Manual,Second Owner,14.0,4.666666666666667,Volkswagen
Mahindra XUV500 W10 AWD,2015.0,1225000.0,70000.0,Diesel,Individual,Manual,First Owner,11.0,17.5,Mahindra
Tata Indica Vista TDI LX,2015.0,350000.0,50000.0,Diesel,Individual,Manual,Second Owner,11.0,7.0,Tata
Mahindra Verito 1.5 D4 BSIV,2015.0,350000.0,120000.0,Diesel,Individual,Manual,Third Owner,11.0,2.9166666666666665,Mahindra
Toyota Innova 2.5 G (Diesel) 8 Seater BS IV,2011.0,800000.0,230000.0,Petrol,Individual,Manual,First Owner,15.0,3.4782608695652173,Toyota
Hyundai Santro Xing XG AT,2004.0,125000.0,70000.0,Petrol,Individual,Automatic,Second Owner,22.0,1.7857142857142858,Hyundai
Tata Indica V2 DLS BSII,2010.0,75000.0,100000.0,Diesel,Individual,Manual,Third Owner,16.0,0.75,Tata
Unknown,2018.0,509999.0,15000.0,Petrol,Individual,Manual,First Owner,8.0,33.99993333333333,Unknown
Tata Indigo Classic Dicor,2014.0,215000.0,80000.0,Diesel,Individual,Manual,Third Owner,12.0,2.6875,Tata
Unknown,2018.0,465000.0,60000.0,Diesel,Individual,Manual,First Owner,8.0,7.75,Unknown
Hyundai Grand i10 CRDi Magna,2017.0,350000.0,66000.0,Diesel,Dealer,Manual,First Owner,9.0,5.303030303030303,Hyundai
Maruti Ertiga SHVS ZDI,2014.0,880000.0,64000.0,Diesel,Dealer,Manual,First Owner,12.0,13.75,Maruti
Maruti Vitara Brezza LDi Option,2017.0,685000.0,72000.0,Diesel,Dealer,Manual,First Owner,9.0,9.51388888888889,Maruti
Honda Jazz S,2009.0,300000.0,50000.0,Petrol,Individual,Manual,First Owner,17.0,6.0,Honda
Hyundai i20 1.4 Sportz,2017.0,680000.0,44000.0,Petrol,Dealer,Manual,First Owner,9.0,15.454545454545455,Hyundai
Maruti Swift Dzire VDI,2014.0,480000.0,101000.0,Diesel,Dealer,Manual,First Owner,12.0,4.752475247524752,Maruti
Maruti Swift VDI,2016.0,630000.0,55000.0,Diesel,Dealer,Manual,First Owner,10.0,11.454545454545455,Maruti
Honda City 1.5 GXI,2007.0,190000.0,115000.0,Petrol,Dealer,Manual,Second Owner,19.0,1.6521739130434783,Honda
Maruti Swift VDI,2015.0,500000.0,100000.0,Diesel,Individual,Manual,First Owner,11.0,5.0,Maruti
Volkswagen Jetta 2.0L TDI Comfortline,2014.0,850000.0,52000.0,Diesel,Dealer,Manual,Second Owner,12.0,16.346153846153847,Volkswagen
Maruti SX4 ZDI,2011.0,350000.0,105000.0,Diesel,Dealer,Manual,First Owner,15.0,3.3333333333333335,Maruti
Unknown,2014.0,425000.0,170000.0,Diesel,Dealer,Manual,First Owner,12.0,2.5,Unknown
Maruti Swift VDI BSIV,2015.0,495000.0,105000.0,Diesel,Dealer,Manual,First Owner,11.0,4.714285714285714,Maruti
Maruti Ertiga SHVS VDI,2017.0,890000.0,60000.0,Diesel,Individual,Manual,Second Owner,9.0,14.833333333333334,Maruti
Hyundai Verna CRDi 1.6 AT EX,2018.0,1100000.0,25000.0,Diesel,Individual,Automatic,Second Owner,8.0,44.0,Hyundai
Mahindra XUV500 W8 2WD,2014.0,650000.0,218000.0,Diesel,Individual,Manual,Second Owner,12.0,2.981651376146789,Mahindra
Hyundai Grand i10 1.2 CRDi Asta,2018.0,465000.0,25000.0,Diesel,Individual,Manual,First Owner,8.0,18.6,Hyundai
Maruti Baleno Alpha 1.2,2017.0,350000.0,52000.0,Petrol,Dealer,Manual,First Owner,9.0,6.730769230769231,Maruti
Hyundai Grand i10 CRDi Magna,2017.0,490000.0,66000.0,Petrol,Dealer,Manual,First Owner,9.0,7.424242424242424,Hyundai
Maruti Vitara Brezza LDi Option,2017.0,350000.0,72000.0,Diesel,Dealer,Manual,First Owner,9.0,4.861111111111111,Maruti
Hyundai i20 1.4 Sportz,2017.0,680000.0,44000.0,Diesel,Individual,Manual,First Owner,9.0,15.454545454545455,Hyundai
Maruti Swift VDI,2016.0,630000.0,55000.0,Diesel,Individual,Manual,First Owner,10.0,11.454545454545455,Maruti
Unknown,2007.0,190000.0,115000.0,Petrol,Dealer,Manual,Second Owner,19.0,1.6521739130434783,Unknown
Maruti Swift VDI,2015.0,500000.0,100000.0,Diesel,Dealer,Manual,First Owner,11.0,5.0,Maruti
Renault Duster 85PS Diesel RxE,2013.0,425000.0,170000.0,Diesel,Dealer,Manual,First Owner,13.0,2.5,Renault
Hyundai Verna CRDi 1.6 AT EX,2018.0,1100000.0,25000.0,Diesel,Individual,Manual,Second Owner,8.0,44.0,Hyundai
Mahindra XUV500 W8 2WD,2014.0,650000.0,218000.0,Petrol,Individual,Manual,Second Owner,12.0,2.981651376146789,Mahindra
Ford Fiesta 1.6 ZXi Duratec,2009.0,233000.0,58000.0,Petrol,Individual,Manual,Third Owner,17.0,4.017241379310345,Ford
Tata Indigo CS LS (TDI) BS-III,2015.0,300000.0,110000.0,Diesel,Individual,Manual,Second Owner,11.0,2.727272727272727,Tata
Honda Amaze S Petrol BSIV,2014.0,614000.0,1000.0,Petrol,Individual,Manual,First Owner,12.0,614.0,Honda
Hyundai i10 Sportz 1.2,2010.0,250000.0,100000.0,Petrol,Individual,Manual,Second Owner,16.0,2.5,Hyundai
Hyundai i10 Sportz 1.2,2010.0,350000.0,110000.0,Petrol,Individual,Manual,Second Owner,16.0,3.1818181818181817,Hyundai
Maruti Alto LXi,2011.0,350000.0,40000.0,Petrol,Individual,Manual,First Owner,15.0,8.75,Maruti
Maruti Wagon R LX Minor,2013.0,290000.0,60000.0,Petrol,Individual,Manual,First Owner,13.0,4.833333333333333,Maruti
Unknown,2013.0,320000.0,80000.0,Petrol,Individual,Manual,Second Owner,13.0,4.0,Unknown
Hyundai Santro Xing XS eRLX Euro III,2014.0,350000.0,52000.0,Petrol,Individual,Manual,Second Owner,12.0,6.730769230769231,Hyundai
Maruti Alto LXI,2005.0,100000.0,60000.0,Petrol,Individual,Manual,Second Owner,21.0,1.6666666666666667,Maruti
Fiat Punto 1.3 Emotion,2010.0,130000.0,210000.0,Diesel,Individual,Manual,Second Owner,16.0,0.6190476190476191,Fiat
Hyundai Santro AT,2006.0,145000.0,66000.0,Petrol,Individual,Automatic,Second Owner,20.0,2.196969696969697,Hyundai
Maruti Alto LX BSIII,2008.0,110000.0,60000.0,Petrol,Individual,Manual,Third Owner,18.0,1.8333333333333333,Maruti
Maruti Swift Dzire VDI,2019.0,680000.0,40000.0,Diesel,Individual,Manual,First Owner,7.0,17.0,Maruti
Maruti 800 Std,2004.0,37500.0,90000.0,Petrol,Individual,Manual,Second Owner,22.0,0.4166666666666667,Maruti
Maruti Ritz VDi,2011.0,200000.0,120000.0,Diesel,Individual,Manual,First Owner,15.0,1.6666666666666667,Maruti
Nissan Sunny Diesel XL,2014.0,300000.0,110000.0,Diesel,Individual,Manual,First Owner,12.0,2.727272727272727,Nissan
Hyundai Santro Xing XG,2005.0,350000.0,68500.0,Petrol,Dealer,Manual,First Owner,21.0,5.109489051094891,Hyundai
Hyundai Santro Sportz AMT,2019.0,350000.0,5007.0,Petrol,Dealer,Automatic,First Owner,7.0,69.90213700818853,Hyundai
Nissan Micra Active XV S,2013.0,164000.0,30000.0,Petrol,Individual,Manual,First Owner,13.0,5.466666666666667,Nissan
Mercedes-Benz E-Class E250 CDI Elegance,2011.0,999000.0,49600.0,Diesel,Individual,Automatic,First Owner,15.0,20.141129032258064,Mercedes-Benz
Maruti Alto LXI,2005.0,56000.0,60000.0,Petrol,Individual,Manual,Second Owner,21.0,0.9333333333333333,Maruti
BMW 7 Series 730Ld,2006.0,1050000.0,30000.0,Diesel,Dealer,Automatic,First Owner,20.0,35.0,BMW
Hyundai Verna 1.6 VTVT,2010.0,190000.0,60000.0,Petrol,Dealer,Manual,First Owner,16.0,3.1666666666666665,Hyundai
Audi Q5 3.0 TDI Quattro Technology,2018.0,3899000.0,22000.0,Petrol,Dealer,Automatic,First Owner,8.0,177.22727272727272,Audi
Maruti Ritz VDi,2011.0,150000.0,40000.0,Diesel,Individual,Manual,Second Owner,15.0,3.75,Maruti
Hyundai i10 Sportz 1.2,2011.0,235000.0,43100.0,Petrol,Individual,Manual,First Owner,15.0,5.452436194895592,Hyundai
Mahindra Xylo H4,2019.0,350000.0,15000.0,Diesel,Individual,Manual,Third Owner,7.0,23.333333333333332,Mahindra
Datsun GO Plus T,2017.0,350000.0,10171.0,Petrol,Individual,Manual,First Owner,9.0,34.41156228492773,Datsun
Maruti Ertiga 1.5 VDI,2019.0,1000000.0,15000.0,Diesel,Individual,Manual,First Owner,7.0,66.66666666666667,Maruti
Ford Endeavour 2.2 Titanium AT 4X2,2019.0,2800000.0,10000.0,Diesel,Individual,Automatic,First Owner,7.0,280.0,Ford
Maruti Swift Dzire VDI,2015.0,470000.0,170000.0,Diesel,Individual,Manual,First Owner,11.0,2.764705882352941,Maruti
Maruti Celerio ZXI,2017.0,415000.0,20000.0,Petrol,Individual,Manual,First Owner,9.0,20.75,Maruti
Nissan Terrano XL 85 PS,2014.0,500000.0,60000.0,Diesel,Individual,Manual,First Owner,12.0,8.333333333333334,Nissan
Unknown,2013.0,150000.0,60000.0,Petrol,Individual,Manual,Second Owner,13.0,2.5,Unknown
Maruti Alto STD,2005.0,95000.0,50000.0,Petrol,Individual,Manual,Second Owner,21.0,1.9,Maruti
Maruti Swift LDI,2012.0,350000.0,60000.0,Petrol,Individual,Manual,First Owner,14.0,5.833333333333333,Maruti
Maruti Alto LX,2008.0,114999.0,66782.0,Petrol,Individual,Manual,First Owner,18.0,1.722005929741547,Maruti
Maruti Alto LX,2006.0,350000.0,130000.0,Petrol,Individual,Manual,First Owner,20.0,2.6923076923076925,Maruti
Hyundai Verna 1.6 SX CRDi (O),2014.0,500000.0,120000.0,Diesel,Individual,Manual,First Owner,12.0,4.166666666666667,Hyundai
Maruti 800 AC,2014.0,195000.0,75000.0,Petrol,Individual,Manual,Second Owner,12.0,2.6,Maruti
Maruti Alto 800 Base,2015.0,350000.0,40000.0,Petrol,Individual,Manual,First Owner,11.0,8.75,Maruti
Maruti Alto LXi,2000.0,65000.0,90000.0,Petrol,Individual,Manual,Second Owner,26.0,0.7222222222222222,Maruti
Unknown,2005.0,65000.0,150000.0,Petrol,Individual,Manual,Third Owner,21.0,0.43333333333333335,Unknown
Tata Nano XM,2015.0,190000.0,60000.0,Petrol,Individual,Manual,Second Owner,11.0,3.1666666666666665,Tata
Mahindra Verito 1.5 D6 BSIII,2012.0,200000.0,112198.0,Diesel,Individual,Manual,Second Owner,14.0,1.7825629690368812,Mahindra
Tata Manza Aura Safire BS IV,2010.0,160000.0,60000.0,Petrol,Individual,Manual,Second Owner,16.0,2.6666666666666665,Tata
Tata Indica Vista Aqua 1.4 TDI,2010.0,150000.0,130000.0,Diesel,Individual,Manual,Second Owner,16.0,1.1538461538461537,Tata
Ford EcoSport 1.5 TDCi Titanium BSIV,2015.0,530000.0,175000.0,Diesel,Individual,Manual,Third Owner,11.0,3.0285714285714285,Ford
Mahindra Scorpio S2 7 Seater,2015.0,750000.0,120000.0,Diesel,Individual,Manual,First Owner,11.0,6.25,Mahindra
Maruti Ritz VDi,2012.0,225000.0,90000.0,Diesel,Individual,Manual,Second Owner,14.0,2.5,Maruti
Toyota Innova 2.5 VX (Diesel) 8 Seater BS IV,2014.0,600000.0,170000.0,Diesel,Individual,Manual,First Owner,12.0,3.5294117647058822,Toyota
Unknown,2014.0,409999.0,80000.0,Diesel,Individual,Manual,Second Owner,12.0,5.1249875,Unknown
Hyundai i20 Magna 1.4 CRDi,2014.0,409999.0,80000.0,Diesel,Individual,Manual,Second Owner,12.0,5.1249875,Hyundai
Maruti 800 AC BSIII,2009.0,110000.0,83000.0,Petrol,Individual,Manual,Second Owner,17.0,1.3253012048192772,Maruti
Hyundai Creta 1.6 CRDi SX Option,2016.0,865000.0,90000.0,Diesel,Individual,Manual,First Owner,10.0,9.61111111111111,Hyundai
Renault KWID RXT,2016.0,225000.0,40000.0,Petrol,Individual,Manual,First Owner,10.0,5.625,Renault
